{
  "status": "stop_or_revise",
  "rule": "at least three pairs: uncalibrated normalized-logit SMS reduction >=30%, worst-nuisance AUROC gain >=0.02, ordinary AUROC loss <0.01",
  "passing_pairs": 0,
  "evidence": [
    {
      "pair": "Edema__Cardiomegaly",
      "baseline_sms": 0.6859653234481812,
      "iera_sms": 0.772645115852356,
      "sms_reduction": -0.1263617699630304,
      "worst_auroc_gain": 0.0516000032424927,
      "ordinary_auroc_loss": -0.06077998876571655
    },
    {
      "pair": "Pneumothorax__Support Devices",
      "baseline_sms": 0.8724811673164368,
      "iera_sms": 1.0125017046928406,
      "sms_reduction": -0.16048545529879665,
      "worst_auroc_gain": 0.05848000645637513,
      "ordinary_auroc_loss": -0.05132000446319579
    }
  ]
}
