partition,pair,target,confounder,method,candidate,witness_fraction,gamma,shot,seed,metric,value
validate,Pneumothorax__Support Devices,Pneumothorax,Support Devices,anchor_plus_relational_witness,anchor_plus_relational_witness|r=0.01|gamma=0.1,0.01,0.1,3,0,auroc,0.5167750120162964
validate,Pneumothorax__Support Devices,Pneumothorax,Support Devices,anchor_plus_relational_witness,anchor_plus_relational_witness|r=0.01|gamma=0.1,0.01,0.1,3,0,auprc,0.5160279273986816
validate,Pneumothorax__Support Devices,Pneumothorax,Support Devices,anchor_plus_relational_witness,anchor_plus_relational_witness|r=0.01|gamma=0.1,0.01,0.1,3,0,f1,0.6666666865348816
validate,Pneumothorax__Support Devices,Pneumothorax,Support Devices,anchor_plus_relational_witness,anchor_plus_relational_witness|r=0.01|gamma=0.1,0.01,0.1,3,0,brier,0.2499903440475464
validate,Pneumothorax__Support Devices,Pneumothorax,Support Devices,anchor_plus_relational_witness,anchor_plus_relational_witness|r=0.01|gamma=0.1,0.01,0.1,3,0,ece,0.002492845058441162
validate,Pneumothorax__Support Devices,Pneumothorax,Support Devices,anchor_plus_relational_witness,anchor_plus_relational_witness|r=0.01|gamma=0.1,0.01,0.1,3,0,sms_raw_logit,0.019397323951125145
validate,Pneumothorax__Support Devices,Pneumothorax,Support Devices,anchor_plus_relational_witness,anchor_plus_relational_witness|r=0.01|gamma=0.1,0.01,0.1,3,0,sms_fixed_reference,1.0592303276062012
validate,Pneumothorax__Support Devices,Pneumothorax,Support Devices,anchor_plus_relational_witness,anchor_plus_relational_witness|r=0.01|gamma=0.1,0.01,0.1,3,0,ranking_disagreement,0.4823308289051056
validate,Pneumothorax__Support Devices,Pneumothorax,Support Devices,anchor_plus_relational_witness,anchor_plus_relational_witness|r=0.01|gamma=0.1,0.01,0.1,3,0,support_swap_flip_rate,0.0
validate,Pneumothorax__Support Devices,Pneumothorax,Support Devices,anchor_plus_relational_witness,anchor_plus_relational_witness|r=0.01|gamma=0.1,0.01,0.1,3,0,d0_auroc,0.5214499831199646
validate,Pneumothorax__Support Devices,Pneumothorax,Support Devices,anchor_plus_relational_witness,anchor_plus_relational_witness|r=0.01|gamma=0.1,0.01,0.1,3,0,d1_auroc,0.5123500227928162
validate,Pneumothorax__Support Devices,Pneumothorax,Support Devices,anchor_plus_relational_witness,anchor_plus_relational_witness|r=0.01|gamma=0.1,0.01,0.1,3,0,worst_nuisance_auroc,0.5123500227928162
validate,Pneumothorax__Support Devices,Pneumothorax,Support Devices,anchor_plus_relational_witness,anchor_plus_relational_witness|r=0.01|gamma=0.1,0.01,0.1,3,0,border_max_fraction,0.17499999701976776
test,Pneumothorax__Support Devices,Pneumothorax,Support Devices,anchor_plus_relational_witness,anchor_plus_relational_witness|r=0.01|gamma=0.1,0.01,0.1,3,0,auroc,0.4976249933242798
test,Pneumothorax__Support Devices,Pneumothorax,Support Devices,anchor_plus_relational_witness,anchor_plus_relational_witness|r=0.01|gamma=0.1,0.01,0.1,3,0,auprc,0.5052354335784912
test,Pneumothorax__Support Devices,Pneumothorax,Support Devices,anchor_plus_relational_witness,anchor_plus_relational_witness|r=0.01|gamma=0.1,0.01,0.1,3,0,f1,0.6666666865348816
test,Pneumothorax__Support Devices,Pneumothorax,Support Devices,anchor_plus_relational_witness,anchor_plus_relational_witness|r=0.01|gamma=0.1,0.01,0.1,3,0,brier,0.25001734495162964
test,Pneumothorax__Support Devices,Pneumothorax,Support Devices,anchor_plus_relational_witness,anchor_plus_relational_witness|r=0.01|gamma=0.1,0.01,0.1,3,0,ece,0.0024595260620117188
test,Pneumothorax__Support Devices,Pneumothorax,Support Devices,anchor_plus_relational_witness,anchor_plus_relational_witness|r=0.01|gamma=0.1,0.01,0.1,3,0,sms_raw_logit,0.02025640942156315
test,Pneumothorax__Support Devices,Pneumothorax,Support Devices,anchor_plus_relational_witness,anchor_plus_relational_witness|r=0.01|gamma=0.1,0.01,0.1,3,0,sms_fixed_reference,1.1175225973129272
test,Pneumothorax__Support Devices,Pneumothorax,Support Devices,anchor_plus_relational_witness,anchor_plus_relational_witness|r=0.01|gamma=0.1,0.01,0.1,3,0,ranking_disagreement,0.48610275983810425
test,Pneumothorax__Support Devices,Pneumothorax,Support Devices,anchor_plus_relational_witness,anchor_plus_relational_witness|r=0.01|gamma=0.1,0.01,0.1,3,0,support_swap_flip_rate,0.0
test,Pneumothorax__Support Devices,Pneumothorax,Support Devices,anchor_plus_relational_witness,anchor_plus_relational_witness|r=0.01|gamma=0.1,0.01,0.1,3,0,d0_auroc,0.5192000269889832
test,Pneumothorax__Support Devices,Pneumothorax,Support Devices,anchor_plus_relational_witness,anchor_plus_relational_witness|r=0.01|gamma=0.1,0.01,0.1,3,0,d1_auroc,0.4768500030040741
test,Pneumothorax__Support Devices,Pneumothorax,Support Devices,anchor_plus_relational_witness,anchor_plus_relational_witness|r=0.01|gamma=0.1,0.01,0.1,3,0,worst_nuisance_auroc,0.4768500030040741
test,Pneumothorax__Support Devices,Pneumothorax,Support Devices,anchor_plus_relational_witness,anchor_plus_relational_witness|r=0.01|gamma=0.1,0.01,0.1,3,0,border_max_fraction,0.1599999964237213
validate,Pneumothorax__Support Devices,Pneumothorax,Support Devices,anchor_plus_relational_witness,anchor_plus_relational_witness|r=0.01|gamma=0.1,0.01,0.1,3,1,auroc,0.5381749868392944
validate,Pneumothorax__Support Devices,Pneumothorax,Support Devices,anchor_plus_relational_witness,anchor_plus_relational_witness|r=0.01|gamma=0.1,0.01,0.1,3,1,auprc,0.5306724905967712
validate,Pneumothorax__Support Devices,Pneumothorax,Support Devices,anchor_plus_relational_witness,anchor_plus_relational_witness|r=0.01|gamma=0.1,0.01,0.1,3,1,f1,0.6677796244621277
validate,Pneumothorax__Support Devices,Pneumothorax,Support Devices,anchor_plus_relational_witness,anchor_plus_relational_witness|r=0.01|gamma=0.1,0.01,0.1,3,1,brier,0.24996909499168396
validate,Pneumothorax__Support Devices,Pneumothorax,Support Devices,anchor_plus_relational_witness,anchor_plus_relational_witness|r=0.01|gamma=0.1,0.01,0.1,3,1,ece,0.005981385707855225
validate,Pneumothorax__Support Devices,Pneumothorax,Support Devices,anchor_plus_relational_witness,anchor_plus_relational_witness|r=0.01|gamma=0.1,0.01,0.1,3,1,sms_raw_logit,0.018986735492944717
validate,Pneumothorax__Support Devices,Pneumothorax,Support Devices,anchor_plus_relational_witness,anchor_plus_relational_witness|r=0.01|gamma=0.1,0.01,0.1,3,1,sms_fixed_reference,1.0047813653945923
validate,Pneumothorax__Support Devices,Pneumothorax,Support Devices,anchor_plus_relational_witness,anchor_plus_relational_witness|r=0.01|gamma=0.1,0.01,0.1,3,1,ranking_disagreement,0.488007515668869
validate,Pneumothorax__Support Devices,Pneumothorax,Support Devices,anchor_plus_relational_witness,anchor_plus_relational_witness|r=0.01|gamma=0.1,0.01,0.1,3,1,support_swap_flip_rate,0.004999999888241291
validate,Pneumothorax__Support Devices,Pneumothorax,Support Devices,anchor_plus_relational_witness,anchor_plus_relational_witness|r=0.01|gamma=0.1,0.01,0.1,3,1,d0_auroc,0.505299985408783
validate,Pneumothorax__Support Devices,Pneumothorax,Support Devices,anchor_plus_relational_witness,anchor_plus_relational_witness|r=0.01|gamma=0.1,0.01,0.1,3,1,d1_auroc,0.5722000002861023
validate,Pneumothorax__Support Devices,Pneumothorax,Support Devices,anchor_plus_relational_witness,anchor_plus_relational_witness|r=0.01|gamma=0.1,0.01,0.1,3,1,worst_nuisance_auroc,0.505299985408783
validate,Pneumothorax__Support Devices,Pneumothorax,Support Devices,anchor_plus_relational_witness,anchor_plus_relational_witness|r=0.01|gamma=0.1,0.01,0.1,3,1,border_max_fraction,0.18000000715255737
test,Pneumothorax__Support Devices,Pneumothorax,Support Devices,anchor_plus_relational_witness,anchor_plus_relational_witness|r=0.01|gamma=0.1,0.01,0.1,3,1,auroc,0.5532000064849854
test,Pneumothorax__Support Devices,Pneumothorax,Support Devices,anchor_plus_relational_witness,anchor_plus_relational_witness|r=0.01|gamma=0.1,0.01,0.1,3,1,auprc,0.5571463108062744
test,Pneumothorax__Support Devices,Pneumothorax,Support Devices,anchor_plus_relational_witness,anchor_plus_relational_witness|r=0.01|gamma=0.1,0.01,0.1,3,1,f1,0.6666666865348816
test,Pneumothorax__Support Devices,Pneumothorax,Support Devices,anchor_plus_relational_witness,anchor_plus_relational_witness|r=0.01|gamma=0.1,0.01,0.1,3,1,brier,0.24987171590328217
test,Pneumothorax__Support Devices,Pneumothorax,Support Devices,anchor_plus_relational_witness,anchor_plus_relational_witness|r=0.01|gamma=0.1,0.01,0.1,3,1,ece,0.006131947040557861
test,Pneumothorax__Support Devices,Pneumothorax,Support Devices,anchor_plus_relational_witness,anchor_plus_relational_witness|r=0.01|gamma=0.1,0.01,0.1,3,1,sms_raw_logit,0.018546607345342636
test,Pneumothorax__Support Devices,Pneumothorax,Support Devices,anchor_plus_relational_witness,anchor_plus_relational_witness|r=0.01|gamma=0.1,0.01,0.1,3,1,sms_fixed_reference,0.981299877166748
test,Pneumothorax__Support Devices,Pneumothorax,Support Devices,anchor_plus_relational_witness,anchor_plus_relational_witness|r=0.01|gamma=0.1,0.01,0.1,3,1,ranking_disagreement,0.4998997449874878
test,Pneumothorax__Support Devices,Pneumothorax,Support Devices,anchor_plus_relational_witness,anchor_plus_relational_witness|r=0.01|gamma=0.1,0.01,0.1,3,1,support_swap_flip_rate,0.0024999999441206455
test,Pneumothorax__Support Devices,Pneumothorax,Support Devices,anchor_plus_relational_witness,anchor_plus_relational_witness|r=0.01|gamma=0.1,0.01,0.1,3,1,d0_auroc,0.557200014591217
test,Pneumothorax__Support Devices,Pneumothorax,Support Devices,anchor_plus_relational_witness,anchor_plus_relational_witness|r=0.01|gamma=0.1,0.01,0.1,3,1,d1_auroc,0.5485000014305115
test,Pneumothorax__Support Devices,Pneumothorax,Support Devices,anchor_plus_relational_witness,anchor_plus_relational_witness|r=0.01|gamma=0.1,0.01,0.1,3,1,worst_nuisance_auroc,0.5485000014305115
test,Pneumothorax__Support Devices,Pneumothorax,Support Devices,anchor_plus_relational_witness,anchor_plus_relational_witness|r=0.01|gamma=0.1,0.01,0.1,3,1,border_max_fraction,0.18250000476837158
validate,Pneumothorax__Support Devices,Pneumothorax,Support Devices,anchor_plus_relational_witness,anchor_plus_relational_witness|r=0.01|gamma=0.1,0.01,0.1,3,2,auroc,0.510325014591217
validate,Pneumothorax__Support Devices,Pneumothorax,Support Devices,anchor_plus_relational_witness,anchor_plus_relational_witness|r=0.01|gamma=0.1,0.01,0.1,3,2,auprc,0.5124387741088867
validate,Pneumothorax__Support Devices,Pneumothorax,Support Devices,anchor_plus_relational_witness,anchor_plus_relational_witness|r=0.01|gamma=0.1,0.01,0.1,3,2,f1,0.6666666865348816
validate,Pneumothorax__Support Devices,Pneumothorax,Support Devices,anchor_plus_relational_witness,anchor_plus_relational_witness|r=0.01|gamma=0.1,0.01,0.1,3,2,brier,0.2500001788139343
validate,Pneumothorax__Support Devices,Pneumothorax,Support Devices,anchor_plus_relational_witness,anchor_plus_relational_witness|r=0.01|gamma=0.1,0.01,0.1,3,2,ece,0.0012029409408569336
validate,Pneumothorax__Support Devices,Pneumothorax,Support Devices,anchor_plus_relational_witness,anchor_plus_relational_witness|r=0.01|gamma=0.1,0.01,0.1,3,2,sms_raw_logit,0.020598016679286957
validate,Pneumothorax__Support Devices,Pneumothorax,Support Devices,anchor_plus_relational_witness,anchor_plus_relational_witness|r=0.01|gamma=0.1,0.01,0.1,3,2,sms_fixed_reference,1.1214215755462646
validate,Pneumothorax__Support Devices,Pneumothorax,Support Devices,anchor_plus_relational_witness,anchor_plus_relational_witness|r=0.01|gamma=0.1,0.01,0.1,3,2,ranking_disagreement,0.5146240592002869
validate,Pneumothorax__Support Devices,Pneumothorax,Support Devices,anchor_plus_relational_witness,anchor_plus_relational_witness|r=0.01|gamma=0.1,0.01,0.1,3,2,support_swap_flip_rate,0.0
validate,Pneumothorax__Support Devices,Pneumothorax,Support Devices,anchor_plus_relational_witness,anchor_plus_relational_witness|r=0.01|gamma=0.1,0.01,0.1,3,2,d0_auroc,0.5045499801635742
validate,Pneumothorax__Support Devices,Pneumothorax,Support Devices,anchor_plus_relational_witness,anchor_plus_relational_witness|r=0.01|gamma=0.1,0.01,0.1,3,2,d1_auroc,0.5163499712944031
validate,Pneumothorax__Support Devices,Pneumothorax,Support Devices,anchor_plus_relational_witness,anchor_plus_relational_witness|r=0.01|gamma=0.1,0.01,0.1,3,2,worst_nuisance_auroc,0.5045499801635742
validate,Pneumothorax__Support Devices,Pneumothorax,Support Devices,anchor_plus_relational_witness,anchor_plus_relational_witness|r=0.01|gamma=0.1,0.01,0.1,3,2,border_max_fraction,0.11500000208616257
test,Pneumothorax__Support Devices,Pneumothorax,Support Devices,anchor_plus_relational_witness,anchor_plus_relational_witness|r=0.01|gamma=0.1,0.01,0.1,3,2,auroc,0.5625374913215637
test,Pneumothorax__Support Devices,Pneumothorax,Support Devices,anchor_plus_relational_witness,anchor_plus_relational_witness|r=0.01|gamma=0.1,0.01,0.1,3,2,auprc,0.5821799039840698
test,Pneumothorax__Support Devices,Pneumothorax,Support Devices,anchor_plus_relational_witness,anchor_plus_relational_witness|r=0.01|gamma=0.1,0.01,0.1,3,2,f1,0.6666666865348816
test,Pneumothorax__Support Devices,Pneumothorax,Support Devices,anchor_plus_relational_witness,anchor_plus_relational_witness|r=0.01|gamma=0.1,0.01,0.1,3,2,brier,0.24996080994606018
test,Pneumothorax__Support Devices,Pneumothorax,Support Devices,anchor_plus_relational_witness,anchor_plus_relational_witness|r=0.01|gamma=0.1,0.01,0.1,3,2,ece,0.0012349486351013184
test,Pneumothorax__Support Devices,Pneumothorax,Support Devices,anchor_plus_relational_witness,anchor_plus_relational_witness|r=0.01|gamma=0.1,0.01,0.1,3,2,sms_raw_logit,0.01944686472415924
test,Pneumothorax__Support Devices,Pneumothorax,Support Devices,anchor_plus_relational_witness,anchor_plus_relational_witness|r=0.01|gamma=0.1,0.01,0.1,3,2,sms_fixed_reference,0.9879560470581055
test,Pneumothorax__Support Devices,Pneumothorax,Support Devices,anchor_plus_relational_witness,anchor_plus_relational_witness|r=0.01|gamma=0.1,0.01,0.1,3,2,ranking_disagreement,0.49695488810539246
test,Pneumothorax__Support Devices,Pneumothorax,Support Devices,anchor_plus_relational_witness,anchor_plus_relational_witness|r=0.01|gamma=0.1,0.01,0.1,3,2,support_swap_flip_rate,0.0
test,Pneumothorax__Support Devices,Pneumothorax,Support Devices,anchor_plus_relational_witness,anchor_plus_relational_witness|r=0.01|gamma=0.1,0.01,0.1,3,2,d0_auroc,0.5584499835968018
test,Pneumothorax__Support Devices,Pneumothorax,Support Devices,anchor_plus_relational_witness,anchor_plus_relational_witness|r=0.01|gamma=0.1,0.01,0.1,3,2,d1_auroc,0.569599986076355
test,Pneumothorax__Support Devices,Pneumothorax,Support Devices,anchor_plus_relational_witness,anchor_plus_relational_witness|r=0.01|gamma=0.1,0.01,0.1,3,2,worst_nuisance_auroc,0.5584499835968018
test,Pneumothorax__Support Devices,Pneumothorax,Support Devices,anchor_plus_relational_witness,anchor_plus_relational_witness|r=0.01|gamma=0.1,0.01,0.1,3,2,border_max_fraction,0.11749999970197678
validate,Pneumothorax__Support Devices,Pneumothorax,Support Devices,anchor_plus_relational_witness,anchor_plus_relational_witness|r=0.01|gamma=0.1,0.01,0.1,3,3,auroc,0.5331249833106995
validate,Pneumothorax__Support Devices,Pneumothorax,Support Devices,anchor_plus_relational_witness,anchor_plus_relational_witness|r=0.01|gamma=0.1,0.01,0.1,3,3,auprc,0.5414974689483643
validate,Pneumothorax__Support Devices,Pneumothorax,Support Devices,anchor_plus_relational_witness,anchor_plus_relational_witness|r=0.01|gamma=0.1,0.01,0.1,3,3,f1,0.6666666865348816
validate,Pneumothorax__Support Devices,Pneumothorax,Support Devices,anchor_plus_relational_witness,anchor_plus_relational_witness|r=0.01|gamma=0.1,0.01,0.1,3,3,brier,0.24995775520801544
validate,Pneumothorax__Support Devices,Pneumothorax,Support Devices,anchor_plus_relational_witness,anchor_plus_relational_witness|r=0.01|gamma=0.1,0.01,0.1,3,3,ece,0.00618135929107666
validate,Pneumothorax__Support Devices,Pneumothorax,Support Devices,anchor_plus_relational_witness,anchor_plus_relational_witness|r=0.01|gamma=0.1,0.01,0.1,3,3,sms_raw_logit,0.019231900572776794
validate,Pneumothorax__Support Devices,Pneumothorax,Support Devices,anchor_plus_relational_witness,anchor_plus_relational_witness|r=0.01|gamma=0.1,0.01,0.1,3,3,sms_fixed_reference,1.0246622562408447
validate,Pneumothorax__Support Devices,Pneumothorax,Support Devices,anchor_plus_relational_witness,anchor_plus_relational_witness|r=0.01|gamma=0.1,0.01,0.1,3,3,ranking_disagreement,0.4880451261997223
validate,Pneumothorax__Support Devices,Pneumothorax,Support Devices,anchor_plus_relational_witness,anchor_plus_relational_witness|r=0.01|gamma=0.1,0.01,0.1,3,3,support_swap_flip_rate,0.0
validate,Pneumothorax__Support Devices,Pneumothorax,Support Devices,anchor_plus_relational_witness,anchor_plus_relational_witness|r=0.01|gamma=0.1,0.01,0.1,3,3,d0_auroc,0.5163499712944031
validate,Pneumothorax__Support Devices,Pneumothorax,Support Devices,anchor_plus_relational_witness,anchor_plus_relational_witness|r=0.01|gamma=0.1,0.01,0.1,3,3,d1_auroc,0.5493999719619751
validate,Pneumothorax__Support Devices,Pneumothorax,Support Devices,anchor_plus_relational_witness,anchor_plus_relational_witness|r=0.01|gamma=0.1,0.01,0.1,3,3,worst_nuisance_auroc,0.5163499712944031
validate,Pneumothorax__Support Devices,Pneumothorax,Support Devices,anchor_plus_relational_witness,anchor_plus_relational_witness|r=0.01|gamma=0.1,0.01,0.1,3,3,border_max_fraction,0.14000000059604645
test,Pneumothorax__Support Devices,Pneumothorax,Support Devices,anchor_plus_relational_witness,anchor_plus_relational_witness|r=0.01|gamma=0.1,0.01,0.1,3,3,auroc,0.5124124884605408
test,Pneumothorax__Support Devices,Pneumothorax,Support Devices,anchor_plus_relational_witness,anchor_plus_relational_witness|r=0.01|gamma=0.1,0.01,0.1,3,3,auprc,0.5473593473434448
test,Pneumothorax__Support Devices,Pneumothorax,Support Devices,anchor_plus_relational_witness,anchor_plus_relational_witness|r=0.01|gamma=0.1,0.01,0.1,3,3,f1,0.6666666865348816
test,Pneumothorax__Support Devices,Pneumothorax,Support Devices,anchor_plus_relational_witness,anchor_plus_relational_witness|r=0.01|gamma=0.1,0.01,0.1,3,3,brier,0.24998724460601807
test,Pneumothorax__Support Devices,Pneumothorax,Support Devices,anchor_plus_relational_witness,anchor_plus_relational_witness|r=0.01|gamma=0.1,0.01,0.1,3,3,ece,0.006414473056793213
test,Pneumothorax__Support Devices,Pneumothorax,Support Devices,anchor_plus_relational_witness,anchor_plus_relational_witness|r=0.01|gamma=0.1,0.01,0.1,3,3,sms_raw_logit,0.018267491832375526
test,Pneumothorax__Support Devices,Pneumothorax,Support Devices,anchor_plus_relational_witness,anchor_plus_relational_witness|r=0.01|gamma=0.1,0.01,0.1,3,3,sms_fixed_reference,0.9161632657051086
test,Pneumothorax__Support Devices,Pneumothorax,Support Devices,anchor_plus_relational_witness,anchor_plus_relational_witness|r=0.01|gamma=0.1,0.01,0.1,3,3,ranking_disagreement,0.48654136061668396
test,Pneumothorax__Support Devices,Pneumothorax,Support Devices,anchor_plus_relational_witness,anchor_plus_relational_witness|r=0.01|gamma=0.1,0.01,0.1,3,3,support_swap_flip_rate,0.0
test,Pneumothorax__Support Devices,Pneumothorax,Support Devices,anchor_plus_relational_witness,anchor_plus_relational_witness|r=0.01|gamma=0.1,0.01,0.1,3,3,d0_auroc,0.5177000164985657
test,Pneumothorax__Support Devices,Pneumothorax,Support Devices,anchor_plus_relational_witness,anchor_plus_relational_witness|r=0.01|gamma=0.1,0.01,0.1,3,3,d1_auroc,0.510450005531311
test,Pneumothorax__Support Devices,Pneumothorax,Support Devices,anchor_plus_relational_witness,anchor_plus_relational_witness|r=0.01|gamma=0.1,0.01,0.1,3,3,worst_nuisance_auroc,0.510450005531311
test,Pneumothorax__Support Devices,Pneumothorax,Support Devices,anchor_plus_relational_witness,anchor_plus_relational_witness|r=0.01|gamma=0.1,0.01,0.1,3,3,border_max_fraction,0.13750000298023224
validate,Pneumothorax__Support Devices,Pneumothorax,Support Devices,anchor_plus_relational_witness,anchor_plus_relational_witness|r=0.01|gamma=0.1,0.01,0.1,3,4,auroc,0.5289250016212463
validate,Pneumothorax__Support Devices,Pneumothorax,Support Devices,anchor_plus_relational_witness,anchor_plus_relational_witness|r=0.01|gamma=0.1,0.01,0.1,3,4,auprc,0.5354845523834229
validate,Pneumothorax__Support Devices,Pneumothorax,Support Devices,anchor_plus_relational_witness,anchor_plus_relational_witness|r=0.01|gamma=0.1,0.01,0.1,3,4,f1,0.6666666865348816
validate,Pneumothorax__Support Devices,Pneumothorax,Support Devices,anchor_plus_relational_witness,anchor_plus_relational_witness|r=0.01|gamma=0.1,0.01,0.1,3,4,brier,0.24998128414154053
validate,Pneumothorax__Support Devices,Pneumothorax,Support Devices,anchor_plus_relational_witness,anchor_plus_relational_witness|r=0.01|gamma=0.1,0.01,0.1,3,4,ece,0.006246685981750488
validate,Pneumothorax__Support Devices,Pneumothorax,Support Devices,anchor_plus_relational_witness,anchor_plus_relational_witness|r=0.01|gamma=0.1,0.01,0.1,3,4,sms_raw_logit,0.01978193037211895
validate,Pneumothorax__Support Devices,Pneumothorax,Support Devices,anchor_plus_relational_witness,anchor_plus_relational_witness|r=0.01|gamma=0.1,0.01,0.1,3,4,sms_fixed_reference,1.1192400455474854
validate,Pneumothorax__Support Devices,Pneumothorax,Support Devices,anchor_plus_relational_witness,anchor_plus_relational_witness|r=0.01|gamma=0.1,0.01,0.1,3,4,ranking_disagreement,0.49195489287376404
validate,Pneumothorax__Support Devices,Pneumothorax,Support Devices,anchor_plus_relational_witness,anchor_plus_relational_witness|r=0.01|gamma=0.1,0.01,0.1,3,4,support_swap_flip_rate,0.0
validate,Pneumothorax__Support Devices,Pneumothorax,Support Devices,anchor_plus_relational_witness,anchor_plus_relational_witness|r=0.01|gamma=0.1,0.01,0.1,3,4,d0_auroc,0.4887999892234802
validate,Pneumothorax__Support Devices,Pneumothorax,Support Devices,anchor_plus_relational_witness,anchor_plus_relational_witness|r=0.01|gamma=0.1,0.01,0.1,3,4,d1_auroc,0.5722000002861023
validate,Pneumothorax__Support Devices,Pneumothorax,Support Devices,anchor_plus_relational_witness,anchor_plus_relational_witness|r=0.01|gamma=0.1,0.01,0.1,3,4,worst_nuisance_auroc,0.4887999892234802
validate,Pneumothorax__Support Devices,Pneumothorax,Support Devices,anchor_plus_relational_witness,anchor_plus_relational_witness|r=0.01|gamma=0.1,0.01,0.1,3,4,border_max_fraction,0.11749999970197678
test,Pneumothorax__Support Devices,Pneumothorax,Support Devices,anchor_plus_relational_witness,anchor_plus_relational_witness|r=0.01|gamma=0.1,0.01,0.1,3,4,auroc,0.5053125023841858
test,Pneumothorax__Support Devices,Pneumothorax,Support Devices,anchor_plus_relational_witness,anchor_plus_relational_witness|r=0.01|gamma=0.1,0.01,0.1,3,4,auprc,0.5207814574241638
test,Pneumothorax__Support Devices,Pneumothorax,Support Devices,anchor_plus_relational_witness,anchor_plus_relational_witness|r=0.01|gamma=0.1,0.01,0.1,3,4,f1,0.6666666865348816
test,Pneumothorax__Support Devices,Pneumothorax,Support Devices,anchor_plus_relational_witness,anchor_plus_relational_witness|r=0.01|gamma=0.1,0.01,0.1,3,4,brier,0.25002139806747437
test,Pneumothorax__Support Devices,Pneumothorax,Support Devices,anchor_plus_relational_witness,anchor_plus_relational_witness|r=0.01|gamma=0.1,0.01,0.1,3,4,ece,0.0061449408531188965
test,Pneumothorax__Support Devices,Pneumothorax,Support Devices,anchor_plus_relational_witness,anchor_plus_relational_witness|r=0.01|gamma=0.1,0.01,0.1,3,4,sms_raw_logit,0.01911325193941593
test,Pneumothorax__Support Devices,Pneumothorax,Support Devices,anchor_plus_relational_witness,anchor_plus_relational_witness|r=0.01|gamma=0.1,0.01,0.1,3,4,sms_fixed_reference,1.0523533821105957
test,Pneumothorax__Support Devices,Pneumothorax,Support Devices,anchor_plus_relational_witness,anchor_plus_relational_witness|r=0.01|gamma=0.1,0.01,0.1,3,4,ranking_disagreement,0.5071617364883423
test,Pneumothorax__Support Devices,Pneumothorax,Support Devices,anchor_plus_relational_witness,anchor_plus_relational_witness|r=0.01|gamma=0.1,0.01,0.1,3,4,support_swap_flip_rate,0.0
test,Pneumothorax__Support Devices,Pneumothorax,Support Devices,anchor_plus_relational_witness,anchor_plus_relational_witness|r=0.01|gamma=0.1,0.01,0.1,3,4,d0_auroc,0.4844000041484833
test,Pneumothorax__Support Devices,Pneumothorax,Support Devices,anchor_plus_relational_witness,anchor_plus_relational_witness|r=0.01|gamma=0.1,0.01,0.1,3,4,d1_auroc,0.5278499722480774
test,Pneumothorax__Support Devices,Pneumothorax,Support Devices,anchor_plus_relational_witness,anchor_plus_relational_witness|r=0.01|gamma=0.1,0.01,0.1,3,4,worst_nuisance_auroc,0.4844000041484833
test,Pneumothorax__Support Devices,Pneumothorax,Support Devices,anchor_plus_relational_witness,anchor_plus_relational_witness|r=0.01|gamma=0.1,0.01,0.1,3,4,border_max_fraction,0.13249999284744263
validate,Pneumothorax__Support Devices,Pneumothorax,Support Devices,anchor_plus_relational_witness,anchor_plus_relational_witness|r=0.01|gamma=0.25,0.01,0.25,3,0,auroc,0.5037124752998352
validate,Pneumothorax__Support Devices,Pneumothorax,Support Devices,anchor_plus_relational_witness,anchor_plus_relational_witness|r=0.01|gamma=0.25,0.01,0.25,3,0,auprc,0.5052359104156494
validate,Pneumothorax__Support Devices,Pneumothorax,Support Devices,anchor_plus_relational_witness,anchor_plus_relational_witness|r=0.01|gamma=0.25,0.01,0.25,3,0,f1,0.6666666865348816
validate,Pneumothorax__Support Devices,Pneumothorax,Support Devices,anchor_plus_relational_witness,anchor_plus_relational_witness|r=0.01|gamma=0.25,0.01,0.25,3,0,brier,0.25000640749931335
validate,Pneumothorax__Support Devices,Pneumothorax,Support Devices,anchor_plus_relational_witness,anchor_plus_relational_witness|r=0.01|gamma=0.25,0.01,0.25,3,0,ece,0.003094315528869629
validate,Pneumothorax__Support Devices,Pneumothorax,Support Devices,anchor_plus_relational_witness,anchor_plus_relational_witness|r=0.01|gamma=0.25,0.01,0.25,3,0,sms_raw_logit,0.04475538432598114
validate,Pneumothorax__Support Devices,Pneumothorax,Support Devices,anchor_plus_relational_witness,anchor_plus_relational_witness|r=0.01|gamma=0.25,0.01,0.25,3,0,sms_fixed_reference,2.4439587593078613
validate,Pneumothorax__Support Devices,Pneumothorax,Support Devices,anchor_plus_relational_witness,anchor_plus_relational_witness|r=0.01|gamma=0.25,0.01,0.25,3,0,ranking_disagreement,0.4784586429595947
validate,Pneumothorax__Support Devices,Pneumothorax,Support Devices,anchor_plus_relational_witness,anchor_plus_relational_witness|r=0.01|gamma=0.25,0.01,0.25,3,0,support_swap_flip_rate,0.0
validate,Pneumothorax__Support Devices,Pneumothorax,Support Devices,anchor_plus_relational_witness,anchor_plus_relational_witness|r=0.01|gamma=0.25,0.01,0.25,3,0,d0_auroc,0.5092999935150146
validate,Pneumothorax__Support Devices,Pneumothorax,Support Devices,anchor_plus_relational_witness,anchor_plus_relational_witness|r=0.01|gamma=0.25,0.01,0.25,3,0,d1_auroc,0.49549999833106995
validate,Pneumothorax__Support Devices,Pneumothorax,Support Devices,anchor_plus_relational_witness,anchor_plus_relational_witness|r=0.01|gamma=0.25,0.01,0.25,3,0,worst_nuisance_auroc,0.49549999833106995
validate,Pneumothorax__Support Devices,Pneumothorax,Support Devices,anchor_plus_relational_witness,anchor_plus_relational_witness|r=0.01|gamma=0.25,0.01,0.25,3,0,border_max_fraction,0.17499999701976776
test,Pneumothorax__Support Devices,Pneumothorax,Support Devices,anchor_plus_relational_witness,anchor_plus_relational_witness|r=0.01|gamma=0.25,0.01,0.25,3,0,auroc,0.4961000084877014
test,Pneumothorax__Support Devices,Pneumothorax,Support Devices,anchor_plus_relational_witness,anchor_plus_relational_witness|r=0.01|gamma=0.25,0.01,0.25,3,0,auprc,0.5018417835235596
test,Pneumothorax__Support Devices,Pneumothorax,Support Devices,anchor_plus_relational_witness,anchor_plus_relational_witness|r=0.01|gamma=0.25,0.01,0.25,3,0,f1,0.6666666865348816
test,Pneumothorax__Support Devices,Pneumothorax,Support Devices,anchor_plus_relational_witness,anchor_plus_relational_witness|r=0.01|gamma=0.25,0.01,0.25,3,0,brier,0.2500266134738922
test,Pneumothorax__Support Devices,Pneumothorax,Support Devices,anchor_plus_relational_witness,anchor_plus_relational_witness|r=0.01|gamma=0.25,0.01,0.25,3,0,ece,0.0030695199966430664
test,Pneumothorax__Support Devices,Pneumothorax,Support Devices,anchor_plus_relational_witness,anchor_plus_relational_witness|r=0.01|gamma=0.25,0.01,0.25,3,0,sms_raw_logit,0.04804134741425514
test,Pneumothorax__Support Devices,Pneumothorax,Support Devices,anchor_plus_relational_witness,anchor_plus_relational_witness|r=0.01|gamma=0.25,0.01,0.25,3,0,sms_fixed_reference,2.6503853797912598
test,Pneumothorax__Support Devices,Pneumothorax,Support Devices,anchor_plus_relational_witness,anchor_plus_relational_witness|r=0.01|gamma=0.25,0.01,0.25,3,0,ranking_disagreement,0.4878070056438446
test,Pneumothorax__Support Devices,Pneumothorax,Support Devices,anchor_plus_relational_witness,anchor_plus_relational_witness|r=0.01|gamma=0.25,0.01,0.25,3,0,support_swap_flip_rate,0.0
test,Pneumothorax__Support Devices,Pneumothorax,Support Devices,anchor_plus_relational_witness,anchor_plus_relational_witness|r=0.01|gamma=0.25,0.01,0.25,3,0,d0_auroc,0.5182999968528748
test,Pneumothorax__Support Devices,Pneumothorax,Support Devices,anchor_plus_relational_witness,anchor_plus_relational_witness|r=0.01|gamma=0.25,0.01,0.25,3,0,d1_auroc,0.47360000014305115
test,Pneumothorax__Support Devices,Pneumothorax,Support Devices,anchor_plus_relational_witness,anchor_plus_relational_witness|r=0.01|gamma=0.25,0.01,0.25,3,0,worst_nuisance_auroc,0.47360000014305115
test,Pneumothorax__Support Devices,Pneumothorax,Support Devices,anchor_plus_relational_witness,anchor_plus_relational_witness|r=0.01|gamma=0.25,0.01,0.25,3,0,border_max_fraction,0.1599999964237213
validate,Pneumothorax__Support Devices,Pneumothorax,Support Devices,anchor_plus_relational_witness,anchor_plus_relational_witness|r=0.01|gamma=0.25,0.01,0.25,3,1,auroc,0.533762514591217
validate,Pneumothorax__Support Devices,Pneumothorax,Support Devices,anchor_plus_relational_witness,anchor_plus_relational_witness|r=0.01|gamma=0.25,0.01,0.25,3,1,auprc,0.5259568691253662
validate,Pneumothorax__Support Devices,Pneumothorax,Support Devices,anchor_plus_relational_witness,anchor_plus_relational_witness|r=0.01|gamma=0.25,0.01,0.25,3,1,f1,0.6666666865348816
validate,Pneumothorax__Support Devices,Pneumothorax,Support Devices,anchor_plus_relational_witness,anchor_plus_relational_witness|r=0.01|gamma=0.25,0.01,0.25,3,1,brier,0.24998489022254944
validate,Pneumothorax__Support Devices,Pneumothorax,Support Devices,anchor_plus_relational_witness,anchor_plus_relational_witness|r=0.01|gamma=0.25,0.01,0.25,3,1,ece,0.002993285655975342
validate,Pneumothorax__Support Devices,Pneumothorax,Support Devices,anchor_plus_relational_witness,anchor_plus_relational_witness|r=0.01|gamma=0.25,0.01,0.25,3,1,sms_raw_logit,0.04485849291086197
validate,Pneumothorax__Support Devices,Pneumothorax,Support Devices,anchor_plus_relational_witness,anchor_plus_relational_witness|r=0.01|gamma=0.25,0.01,0.25,3,1,sms_fixed_reference,2.3739194869995117
validate,Pneumothorax__Support Devices,Pneumothorax,Support Devices,anchor_plus_relational_witness,anchor_plus_relational_witness|r=0.01|gamma=0.25,0.01,0.25,3,1,ranking_disagreement,0.48630934953689575
validate,Pneumothorax__Support Devices,Pneumothorax,Support Devices,anchor_plus_relational_witness,anchor_plus_relational_witness|r=0.01|gamma=0.25,0.01,0.25,3,1,support_swap_flip_rate,0.0
validate,Pneumothorax__Support Devices,Pneumothorax,Support Devices,anchor_plus_relational_witness,anchor_plus_relational_witness|r=0.01|gamma=0.25,0.01,0.25,3,1,d0_auroc,0.4994499981403351
validate,Pneumothorax__Support Devices,Pneumothorax,Support Devices,anchor_plus_relational_witness,anchor_plus_relational_witness|r=0.01|gamma=0.25,0.01,0.25,3,1,d1_auroc,0.5684999823570251
validate,Pneumothorax__Support Devices,Pneumothorax,Support Devices,anchor_plus_relational_witness,anchor_plus_relational_witness|r=0.01|gamma=0.25,0.01,0.25,3,1,worst_nuisance_auroc,0.4994499981403351
validate,Pneumothorax__Support Devices,Pneumothorax,Support Devices,anchor_plus_relational_witness,anchor_plus_relational_witness|r=0.01|gamma=0.25,0.01,0.25,3,1,border_max_fraction,0.18000000715255737
test,Pneumothorax__Support Devices,Pneumothorax,Support Devices,anchor_plus_relational_witness,anchor_plus_relational_witness|r=0.01|gamma=0.25,0.01,0.25,3,1,auroc,0.548087477684021
test,Pneumothorax__Support Devices,Pneumothorax,Support Devices,anchor_plus_relational_witness,anchor_plus_relational_witness|r=0.01|gamma=0.25,0.01,0.25,3,1,auprc,0.5573579668998718
test,Pneumothorax__Support Devices,Pneumothorax,Support Devices,anchor_plus_relational_witness,anchor_plus_relational_witness|r=0.01|gamma=0.25,0.01,0.25,3,1,f1,0.6666666865348816
test,Pneumothorax__Support Devices,Pneumothorax,Support Devices,anchor_plus_relational_witness,anchor_plus_relational_witness|r=0.01|gamma=0.25,0.01,0.25,3,1,brier,0.24993401765823364
test,Pneumothorax__Support Devices,Pneumothorax,Support Devices,anchor_plus_relational_witness,anchor_plus_relational_witness|r=0.01|gamma=0.25,0.01,0.25,3,1,ece,0.003064453601837158
test,Pneumothorax__Support Devices,Pneumothorax,Support Devices,anchor_plus_relational_witness,anchor_plus_relational_witness|r=0.01|gamma=0.25,0.01,0.25,3,1,sms_raw_logit,0.043767549097537994
test,Pneumothorax__Support Devices,Pneumothorax,Support Devices,anchor_plus_relational_witness,anchor_plus_relational_witness|r=0.01|gamma=0.25,0.01,0.25,3,1,sms_fixed_reference,2.3157384395599365
test,Pneumothorax__Support Devices,Pneumothorax,Support Devices,anchor_plus_relational_witness,anchor_plus_relational_witness|r=0.01|gamma=0.25,0.01,0.25,3,1,ranking_disagreement,0.50270676612854
test,Pneumothorax__Support Devices,Pneumothorax,Support Devices,anchor_plus_relational_witness,anchor_plus_relational_witness|r=0.01|gamma=0.25,0.01,0.25,3,1,support_swap_flip_rate,0.0
test,Pneumothorax__Support Devices,Pneumothorax,Support Devices,anchor_plus_relational_witness,anchor_plus_relational_witness|r=0.01|gamma=0.25,0.01,0.25,3,1,d0_auroc,0.5498999953269958
test,Pneumothorax__Support Devices,Pneumothorax,Support Devices,anchor_plus_relational_witness,anchor_plus_relational_witness|r=0.01|gamma=0.25,0.01,0.25,3,1,d1_auroc,0.5451499819755554
test,Pneumothorax__Support Devices,Pneumothorax,Support Devices,anchor_plus_relational_witness,anchor_plus_relational_witness|r=0.01|gamma=0.25,0.01,0.25,3,1,worst_nuisance_auroc,0.5451499819755554
test,Pneumothorax__Support Devices,Pneumothorax,Support Devices,anchor_plus_relational_witness,anchor_plus_relational_witness|r=0.01|gamma=0.25,0.01,0.25,3,1,border_max_fraction,0.18250000476837158
validate,Pneumothorax__Support Devices,Pneumothorax,Support Devices,anchor_plus_relational_witness,anchor_plus_relational_witness|r=0.01|gamma=0.25,0.01,0.25,3,2,auroc,0.5016875267028809
validate,Pneumothorax__Support Devices,Pneumothorax,Support Devices,anchor_plus_relational_witness,anchor_plus_relational_witness|r=0.01|gamma=0.25,0.01,0.25,3,2,auprc,0.5058208107948303
validate,Pneumothorax__Support Devices,Pneumothorax,Support Devices,anchor_plus_relational_witness,anchor_plus_relational_witness|r=0.01|gamma=0.25,0.01,0.25,3,2,f1,0.6666666865348816
validate,Pneumothorax__Support Devices,Pneumothorax,Support Devices,anchor_plus_relational_witness,anchor_plus_relational_witness|r=0.01|gamma=0.25,0.01,0.25,3,2,brier,0.25001591444015503
validate,Pneumothorax__Support Devices,Pneumothorax,Support Devices,anchor_plus_relational_witness,anchor_plus_relational_witness|r=0.01|gamma=0.25,0.01,0.25,3,2,ece,0.003018498420715332
validate,Pneumothorax__Support Devices,Pneumothorax,Support Devices,anchor_plus_relational_witness,anchor_plus_relational_witness|r=0.01|gamma=0.25,0.01,0.25,3,2,sms_raw_logit,0.048800721764564514
validate,Pneumothorax__Support Devices,Pneumothorax,Support Devices,anchor_plus_relational_witness,anchor_plus_relational_witness|r=0.01|gamma=0.25,0.01,0.25,3,2,sms_fixed_reference,2.6568665504455566
validate,Pneumothorax__Support Devices,Pneumothorax,Support Devices,anchor_plus_relational_witness,anchor_plus_relational_witness|r=0.01|gamma=0.25,0.01,0.25,3,2,ranking_disagreement,0.5141980051994324
validate,Pneumothorax__Support Devices,Pneumothorax,Support Devices,anchor_plus_relational_witness,anchor_plus_relational_witness|r=0.01|gamma=0.25,0.01,0.25,3,2,support_swap_flip_rate,0.0
validate,Pneumothorax__Support Devices,Pneumothorax,Support Devices,anchor_plus_relational_witness,anchor_plus_relational_witness|r=0.01|gamma=0.25,0.01,0.25,3,2,d0_auroc,0.49880000948905945
validate,Pneumothorax__Support Devices,Pneumothorax,Support Devices,anchor_plus_relational_witness,anchor_plus_relational_witness|r=0.01|gamma=0.25,0.01,0.25,3,2,d1_auroc,0.5055500268936157
validate,Pneumothorax__Support Devices,Pneumothorax,Support Devices,anchor_plus_relational_witness,anchor_plus_relational_witness|r=0.01|gamma=0.25,0.01,0.25,3,2,worst_nuisance_auroc,0.49880000948905945
validate,Pneumothorax__Support Devices,Pneumothorax,Support Devices,anchor_plus_relational_witness,anchor_plus_relational_witness|r=0.01|gamma=0.25,0.01,0.25,3,2,border_max_fraction,0.11500000208616257
test,Pneumothorax__Support Devices,Pneumothorax,Support Devices,anchor_plus_relational_witness,anchor_plus_relational_witness|r=0.01|gamma=0.25,0.01,0.25,3,2,auroc,0.5639374852180481
test,Pneumothorax__Support Devices,Pneumothorax,Support Devices,anchor_plus_relational_witness,anchor_plus_relational_witness|r=0.01|gamma=0.25,0.01,0.25,3,2,auprc,0.5804667472839355
test,Pneumothorax__Support Devices,Pneumothorax,Support Devices,anchor_plus_relational_witness,anchor_plus_relational_witness|r=0.01|gamma=0.25,0.01,0.25,3,2,f1,0.6666666865348816
test,Pneumothorax__Support Devices,Pneumothorax,Support Devices,anchor_plus_relational_witness,anchor_plus_relational_witness|r=0.01|gamma=0.25,0.01,0.25,3,2,brier,0.2499150037765503
test,Pneumothorax__Support Devices,Pneumothorax,Support Devices,anchor_plus_relational_witness,anchor_plus_relational_witness|r=0.01|gamma=0.25,0.01,0.25,3,2,ece,0.003090381622314453
test,Pneumothorax__Support Devices,Pneumothorax,Support Devices,anchor_plus_relational_witness,anchor_plus_relational_witness|r=0.01|gamma=0.25,0.01,0.25,3,2,sms_raw_logit,0.04411042854189873
test,Pneumothorax__Support Devices,Pneumothorax,Support Devices,anchor_plus_relational_witness,anchor_plus_relational_witness|r=0.01|gamma=0.25,0.01,0.25,3,2,sms_fixed_reference,2.2409353256225586
test,Pneumothorax__Support Devices,Pneumothorax,Support Devices,anchor_plus_relational_witness,anchor_plus_relational_witness|r=0.01|gamma=0.25,0.01,0.25,3,2,ranking_disagreement,0.4888220429420471
test,Pneumothorax__Support Devices,Pneumothorax,Support Devices,anchor_plus_relational_witness,anchor_plus_relational_witness|r=0.01|gamma=0.25,0.01,0.25,3,2,support_swap_flip_rate,0.0
test,Pneumothorax__Support Devices,Pneumothorax,Support Devices,anchor_plus_relational_witness,anchor_plus_relational_witness|r=0.01|gamma=0.25,0.01,0.25,3,2,d0_auroc,0.5576000213623047
test,Pneumothorax__Support Devices,Pneumothorax,Support Devices,anchor_plus_relational_witness,anchor_plus_relational_witness|r=0.01|gamma=0.25,0.01,0.25,3,2,d1_auroc,0.5691999793052673
test,Pneumothorax__Support Devices,Pneumothorax,Support Devices,anchor_plus_relational_witness,anchor_plus_relational_witness|r=0.01|gamma=0.25,0.01,0.25,3,2,worst_nuisance_auroc,0.5576000213623047
test,Pneumothorax__Support Devices,Pneumothorax,Support Devices,anchor_plus_relational_witness,anchor_plus_relational_witness|r=0.01|gamma=0.25,0.01,0.25,3,2,border_max_fraction,0.11749999970197678
validate,Pneumothorax__Support Devices,Pneumothorax,Support Devices,anchor_plus_relational_witness,anchor_plus_relational_witness|r=0.01|gamma=0.25,0.01,0.25,3,3,auroc,0.53329998254776
validate,Pneumothorax__Support Devices,Pneumothorax,Support Devices,anchor_plus_relational_witness,anchor_plus_relational_witness|r=0.01|gamma=0.25,0.01,0.25,3,3,auprc,0.5391432046890259
validate,Pneumothorax__Support Devices,Pneumothorax,Support Devices,anchor_plus_relational_witness,anchor_plus_relational_witness|r=0.01|gamma=0.25,0.01,0.25,3,3,f1,0.6666666865348816
validate,Pneumothorax__Support Devices,Pneumothorax,Support Devices,anchor_plus_relational_witness,anchor_plus_relational_witness|r=0.01|gamma=0.25,0.01,0.25,3,3,brier,0.24996578693389893
validate,Pneumothorax__Support Devices,Pneumothorax,Support Devices,anchor_plus_relational_witness,anchor_plus_relational_witness|r=0.01|gamma=0.25,0.01,0.25,3,3,ece,0.006140351295471191
validate,Pneumothorax__Support Devices,Pneumothorax,Support Devices,anchor_plus_relational_witness,anchor_plus_relational_witness|r=0.01|gamma=0.25,0.01,0.25,3,3,sms_raw_logit,0.04502908140420914
validate,Pneumothorax__Support Devices,Pneumothorax,Support Devices,anchor_plus_relational_witness,anchor_plus_relational_witness|r=0.01|gamma=0.25,0.01,0.25,3,3,sms_fixed_reference,2.399117946624756
validate,Pneumothorax__Support Devices,Pneumothorax,Support Devices,anchor_plus_relational_witness,anchor_plus_relational_witness|r=0.01|gamma=0.25,0.01,0.25,3,3,ranking_disagreement,0.48662906885147095
validate,Pneumothorax__Support Devices,Pneumothorax,Support Devices,anchor_plus_relational_witness,anchor_plus_relational_witness|r=0.01|gamma=0.25,0.01,0.25,3,3,support_swap_flip_rate,0.0
validate,Pneumothorax__Support Devices,Pneumothorax,Support Devices,anchor_plus_relational_witness,anchor_plus_relational_witness|r=0.01|gamma=0.25,0.01,0.25,3,3,d0_auroc,0.5185999870300293
validate,Pneumothorax__Support Devices,Pneumothorax,Support Devices,anchor_plus_relational_witness,anchor_plus_relational_witness|r=0.01|gamma=0.25,0.01,0.25,3,3,d1_auroc,0.5479000210762024
validate,Pneumothorax__Support Devices,Pneumothorax,Support Devices,anchor_plus_relational_witness,anchor_plus_relational_witness|r=0.01|gamma=0.25,0.01,0.25,3,3,worst_nuisance_auroc,0.5185999870300293
validate,Pneumothorax__Support Devices,Pneumothorax,Support Devices,anchor_plus_relational_witness,anchor_plus_relational_witness|r=0.01|gamma=0.25,0.01,0.25,3,3,border_max_fraction,0.14000000059604645
test,Pneumothorax__Support Devices,Pneumothorax,Support Devices,anchor_plus_relational_witness,anchor_plus_relational_witness|r=0.01|gamma=0.25,0.01,0.25,3,3,auroc,0.5064499974250793
test,Pneumothorax__Support Devices,Pneumothorax,Support Devices,anchor_plus_relational_witness,anchor_plus_relational_witness|r=0.01|gamma=0.25,0.01,0.25,3,3,auprc,0.5338681936264038
test,Pneumothorax__Support Devices,Pneumothorax,Support Devices,anchor_plus_relational_witness,anchor_plus_relational_witness|r=0.01|gamma=0.25,0.01,0.25,3,3,f1,0.6666666865348816
test,Pneumothorax__Support Devices,Pneumothorax,Support Devices,anchor_plus_relational_witness,anchor_plus_relational_witness|r=0.01|gamma=0.25,0.01,0.25,3,3,brier,0.2500140070915222
test,Pneumothorax__Support Devices,Pneumothorax,Support Devices,anchor_plus_relational_witness,anchor_plus_relational_witness|r=0.01|gamma=0.25,0.01,0.25,3,3,ece,0.006382465362548828
test,Pneumothorax__Support Devices,Pneumothorax,Support Devices,anchor_plus_relational_witness,anchor_plus_relational_witness|r=0.01|gamma=0.25,0.01,0.25,3,3,sms_raw_logit,0.04341794550418854
test,Pneumothorax__Support Devices,Pneumothorax,Support Devices,anchor_plus_relational_witness,anchor_plus_relational_witness|r=0.01|gamma=0.25,0.01,0.25,3,3,sms_fixed_reference,2.177525281906128
test,Pneumothorax__Support Devices,Pneumothorax,Support Devices,anchor_plus_relational_witness,anchor_plus_relational_witness|r=0.01|gamma=0.25,0.01,0.25,3,3,ranking_disagreement,0.4866165518760681
test,Pneumothorax__Support Devices,Pneumothorax,Support Devices,anchor_plus_relational_witness,anchor_plus_relational_witness|r=0.01|gamma=0.25,0.01,0.25,3,3,support_swap_flip_rate,0.0
test,Pneumothorax__Support Devices,Pneumothorax,Support Devices,anchor_plus_relational_witness,anchor_plus_relational_witness|r=0.01|gamma=0.25,0.01,0.25,3,3,d0_auroc,0.5116999745368958
test,Pneumothorax__Support Devices,Pneumothorax,Support Devices,anchor_plus_relational_witness,anchor_plus_relational_witness|r=0.01|gamma=0.25,0.01,0.25,3,3,d1_auroc,0.5048999786376953
test,Pneumothorax__Support Devices,Pneumothorax,Support Devices,anchor_plus_relational_witness,anchor_plus_relational_witness|r=0.01|gamma=0.25,0.01,0.25,3,3,worst_nuisance_auroc,0.5048999786376953
test,Pneumothorax__Support Devices,Pneumothorax,Support Devices,anchor_plus_relational_witness,anchor_plus_relational_witness|r=0.01|gamma=0.25,0.01,0.25,3,3,border_max_fraction,0.13750000298023224
validate,Pneumothorax__Support Devices,Pneumothorax,Support Devices,anchor_plus_relational_witness,anchor_plus_relational_witness|r=0.01|gamma=0.25,0.01,0.25,3,4,auroc,0.5204499959945679
validate,Pneumothorax__Support Devices,Pneumothorax,Support Devices,anchor_plus_relational_witness,anchor_plus_relational_witness|r=0.01|gamma=0.25,0.01,0.25,3,4,auprc,0.5242454409599304
validate,Pneumothorax__Support Devices,Pneumothorax,Support Devices,anchor_plus_relational_witness,anchor_plus_relational_witness|r=0.01|gamma=0.25,0.01,0.25,3,4,f1,0.6666666865348816
validate,Pneumothorax__Support Devices,Pneumothorax,Support Devices,anchor_plus_relational_witness,anchor_plus_relational_witness|r=0.01|gamma=0.25,0.01,0.25,3,4,brier,0.24998782575130463
validate,Pneumothorax__Support Devices,Pneumothorax,Support Devices,anchor_plus_relational_witness,anchor_plus_relational_witness|r=0.01|gamma=0.25,0.01,0.25,3,4,ece,0.0031180381774902344
validate,Pneumothorax__Support Devices,Pneumothorax,Support Devices,anchor_plus_relational_witness,anchor_plus_relational_witness|r=0.01|gamma=0.25,0.01,0.25,3,4,sms_raw_logit,0.04586760699748993
validate,Pneumothorax__Support Devices,Pneumothorax,Support Devices,anchor_plus_relational_witness,anchor_plus_relational_witness|r=0.01|gamma=0.25,0.01,0.25,3,4,sms_fixed_reference,2.5951390266418457
validate,Pneumothorax__Support Devices,Pneumothorax,Support Devices,anchor_plus_relational_witness,anchor_plus_relational_witness|r=0.01|gamma=0.25,0.01,0.25,3,4,ranking_disagreement,0.4910651743412018
validate,Pneumothorax__Support Devices,Pneumothorax,Support Devices,anchor_plus_relational_witness,anchor_plus_relational_witness|r=0.01|gamma=0.25,0.01,0.25,3,4,support_swap_flip_rate,0.0
validate,Pneumothorax__Support Devices,Pneumothorax,Support Devices,anchor_plus_relational_witness,anchor_plus_relational_witness|r=0.01|gamma=0.25,0.01,0.25,3,4,d0_auroc,0.48010000586509705
validate,Pneumothorax__Support Devices,Pneumothorax,Support Devices,anchor_plus_relational_witness,anchor_plus_relational_witness|r=0.01|gamma=0.25,0.01,0.25,3,4,d1_auroc,0.5625
validate,Pneumothorax__Support Devices,Pneumothorax,Support Devices,anchor_plus_relational_witness,anchor_plus_relational_witness|r=0.01|gamma=0.25,0.01,0.25,3,4,worst_nuisance_auroc,0.48010000586509705
validate,Pneumothorax__Support Devices,Pneumothorax,Support Devices,anchor_plus_relational_witness,anchor_plus_relational_witness|r=0.01|gamma=0.25,0.01,0.25,3,4,border_max_fraction,0.11749999970197678
test,Pneumothorax__Support Devices,Pneumothorax,Support Devices,anchor_plus_relational_witness,anchor_plus_relational_witness|r=0.01|gamma=0.25,0.01,0.25,3,4,auroc,0.5023999810218811
test,Pneumothorax__Support Devices,Pneumothorax,Support Devices,anchor_plus_relational_witness,anchor_plus_relational_witness|r=0.01|gamma=0.25,0.01,0.25,3,4,auprc,0.5142852067947388
test,Pneumothorax__Support Devices,Pneumothorax,Support Devices,anchor_plus_relational_witness,anchor_plus_relational_witness|r=0.01|gamma=0.25,0.01,0.25,3,4,f1,0.6666666865348816
test,Pneumothorax__Support Devices,Pneumothorax,Support Devices,anchor_plus_relational_witness,anchor_plus_relational_witness|r=0.01|gamma=0.25,0.01,0.25,3,4,brier,0.2500056028366089
test,Pneumothorax__Support Devices,Pneumothorax,Support Devices,anchor_plus_relational_witness,anchor_plus_relational_witness|r=0.01|gamma=0.25,0.01,0.25,3,4,ece,0.003086268901824951
test,Pneumothorax__Support Devices,Pneumothorax,Support Devices,anchor_plus_relational_witness,anchor_plus_relational_witness|r=0.01|gamma=0.25,0.01,0.25,3,4,sms_raw_logit,0.043651655316352844
test,Pneumothorax__Support Devices,Pneumothorax,Support Devices,anchor_plus_relational_witness,anchor_plus_relational_witness|r=0.01|gamma=0.25,0.01,0.25,3,4,sms_fixed_reference,2.403409242630005
test,Pneumothorax__Support Devices,Pneumothorax,Support Devices,anchor_plus_relational_witness,anchor_plus_relational_witness|r=0.01|gamma=0.25,0.01,0.25,3,4,ranking_disagreement,0.5062531232833862
test,Pneumothorax__Support Devices,Pneumothorax,Support Devices,anchor_plus_relational_witness,anchor_plus_relational_witness|r=0.01|gamma=0.25,0.01,0.25,3,4,support_swap_flip_rate,0.0
test,Pneumothorax__Support Devices,Pneumothorax,Support Devices,anchor_plus_relational_witness,anchor_plus_relational_witness|r=0.01|gamma=0.25,0.01,0.25,3,4,d0_auroc,0.47975000739097595
test,Pneumothorax__Support Devices,Pneumothorax,Support Devices,anchor_plus_relational_witness,anchor_plus_relational_witness|r=0.01|gamma=0.25,0.01,0.25,3,4,d1_auroc,0.5251500010490417
test,Pneumothorax__Support Devices,Pneumothorax,Support Devices,anchor_plus_relational_witness,anchor_plus_relational_witness|r=0.01|gamma=0.25,0.01,0.25,3,4,worst_nuisance_auroc,0.47975000739097595
test,Pneumothorax__Support Devices,Pneumothorax,Support Devices,anchor_plus_relational_witness,anchor_plus_relational_witness|r=0.01|gamma=0.25,0.01,0.25,3,4,border_max_fraction,0.13249999284744263
validate,Pneumothorax__Support Devices,Pneumothorax,Support Devices,anchor_plus_relational_witness,anchor_plus_relational_witness|r=0.01|gamma=0.5,0.01,0.5,3,0,auroc,0.4996125102043152
validate,Pneumothorax__Support Devices,Pneumothorax,Support Devices,anchor_plus_relational_witness,anchor_plus_relational_witness|r=0.01|gamma=0.5,0.01,0.5,3,0,auprc,0.5021750926971436
validate,Pneumothorax__Support Devices,Pneumothorax,Support Devices,anchor_plus_relational_witness,anchor_plus_relational_witness|r=0.01|gamma=0.5,0.01,0.5,3,0,f1,0.6666666865348816
validate,Pneumothorax__Support Devices,Pneumothorax,Support Devices,anchor_plus_relational_witness,anchor_plus_relational_witness|r=0.01|gamma=0.5,0.01,0.5,3,0,brier,0.25004392862319946
validate,Pneumothorax__Support Devices,Pneumothorax,Support Devices,anchor_plus_relational_witness,anchor_plus_relational_witness|r=0.01|gamma=0.5,0.01,0.5,3,0,ece,0.006173908710479736
validate,Pneumothorax__Support Devices,Pneumothorax,Support Devices,anchor_plus_relational_witness,anchor_plus_relational_witness|r=0.01|gamma=0.5,0.01,0.5,3,0,sms_raw_logit,0.087303027510643
validate,Pneumothorax__Support Devices,Pneumothorax,Support Devices,anchor_plus_relational_witness,anchor_plus_relational_witness|r=0.01|gamma=0.5,0.01,0.5,3,0,sms_fixed_reference,4.767359256744385
validate,Pneumothorax__Support Devices,Pneumothorax,Support Devices,anchor_plus_relational_witness,anchor_plus_relational_witness|r=0.01|gamma=0.5,0.01,0.5,3,0,ranking_disagreement,0.47697994112968445
validate,Pneumothorax__Support Devices,Pneumothorax,Support Devices,anchor_plus_relational_witness,anchor_plus_relational_witness|r=0.01|gamma=0.5,0.01,0.5,3,0,support_swap_flip_rate,0.0
validate,Pneumothorax__Support Devices,Pneumothorax,Support Devices,anchor_plus_relational_witness,anchor_plus_relational_witness|r=0.01|gamma=0.5,0.01,0.5,3,0,d0_auroc,0.5054000020027161
validate,Pneumothorax__Support Devices,Pneumothorax,Support Devices,anchor_plus_relational_witness,anchor_plus_relational_witness|r=0.01|gamma=0.5,0.01,0.5,3,0,d1_auroc,0.49015000462532043
validate,Pneumothorax__Support Devices,Pneumothorax,Support Devices,anchor_plus_relational_witness,anchor_plus_relational_witness|r=0.01|gamma=0.5,0.01,0.5,3,0,worst_nuisance_auroc,0.49015000462532043
validate,Pneumothorax__Support Devices,Pneumothorax,Support Devices,anchor_plus_relational_witness,anchor_plus_relational_witness|r=0.01|gamma=0.5,0.01,0.5,3,0,border_max_fraction,0.17499999701976776
test,Pneumothorax__Support Devices,Pneumothorax,Support Devices,anchor_plus_relational_witness,anchor_plus_relational_witness|r=0.01|gamma=0.5,0.01,0.5,3,0,auroc,0.49572500586509705
test,Pneumothorax__Support Devices,Pneumothorax,Support Devices,anchor_plus_relational_witness,anchor_plus_relational_witness|r=0.01|gamma=0.5,0.01,0.5,3,0,auprc,0.499347448348999
test,Pneumothorax__Support Devices,Pneumothorax,Support Devices,anchor_plus_relational_witness,anchor_plus_relational_witness|r=0.01|gamma=0.5,0.01,0.5,3,0,f1,0.6666666865348816
test,Pneumothorax__Support Devices,Pneumothorax,Support Devices,anchor_plus_relational_witness,anchor_plus_relational_witness|r=0.01|gamma=0.5,0.01,0.5,3,0,brier,0.2500750422477722
test,Pneumothorax__Support Devices,Pneumothorax,Support Devices,anchor_plus_relational_witness,anchor_plus_relational_witness|r=0.01|gamma=0.5,0.01,0.5,3,0,ece,0.00613558292388916
test,Pneumothorax__Support Devices,Pneumothorax,Support Devices,anchor_plus_relational_witness,anchor_plus_relational_witness|r=0.01|gamma=0.5,0.01,0.5,3,0,sms_raw_logit,0.0946408063173294
test,Pneumothorax__Support Devices,Pneumothorax,Support Devices,anchor_plus_relational_witness,anchor_plus_relational_witness|r=0.01|gamma=0.5,0.01,0.5,3,0,sms_fixed_reference,5.2212233543396
test,Pneumothorax__Support Devices,Pneumothorax,Support Devices,anchor_plus_relational_witness,anchor_plus_relational_witness|r=0.01|gamma=0.5,0.01,0.5,3,0,ranking_disagreement,0.48796993494033813
test,Pneumothorax__Support Devices,Pneumothorax,Support Devices,anchor_plus_relational_witness,anchor_plus_relational_witness|r=0.01|gamma=0.5,0.01,0.5,3,0,support_swap_flip_rate,0.0
test,Pneumothorax__Support Devices,Pneumothorax,Support Devices,anchor_plus_relational_witness,anchor_plus_relational_witness|r=0.01|gamma=0.5,0.01,0.5,3,0,d0_auroc,0.5187000036239624
test,Pneumothorax__Support Devices,Pneumothorax,Support Devices,anchor_plus_relational_witness,anchor_plus_relational_witness|r=0.01|gamma=0.5,0.01,0.5,3,0,d1_auroc,0.47200000286102295
test,Pneumothorax__Support Devices,Pneumothorax,Support Devices,anchor_plus_relational_witness,anchor_plus_relational_witness|r=0.01|gamma=0.5,0.01,0.5,3,0,worst_nuisance_auroc,0.47200000286102295
test,Pneumothorax__Support Devices,Pneumothorax,Support Devices,anchor_plus_relational_witness,anchor_plus_relational_witness|r=0.01|gamma=0.5,0.01,0.5,3,0,border_max_fraction,0.1599999964237213
validate,Pneumothorax__Support Devices,Pneumothorax,Support Devices,anchor_plus_relational_witness,anchor_plus_relational_witness|r=0.01|gamma=0.5,0.01,0.5,3,1,auroc,0.5335124731063843
validate,Pneumothorax__Support Devices,Pneumothorax,Support Devices,anchor_plus_relational_witness,anchor_plus_relational_witness|r=0.01|gamma=0.5,0.01,0.5,3,1,auprc,0.5224478244781494
validate,Pneumothorax__Support Devices,Pneumothorax,Support Devices,anchor_plus_relational_witness,anchor_plus_relational_witness|r=0.01|gamma=0.5,0.01,0.5,3,1,f1,0.6666666865348816
validate,Pneumothorax__Support Devices,Pneumothorax,Support Devices,anchor_plus_relational_witness,anchor_plus_relational_witness|r=0.01|gamma=0.5,0.01,0.5,3,1,brier,0.24999532103538513
validate,Pneumothorax__Support Devices,Pneumothorax,Support Devices,anchor_plus_relational_witness,anchor_plus_relational_witness|r=0.01|gamma=0.5,0.01,0.5,3,1,ece,0.005987882614135742
validate,Pneumothorax__Support Devices,Pneumothorax,Support Devices,anchor_plus_relational_witness,anchor_plus_relational_witness|r=0.01|gamma=0.5,0.01,0.5,3,1,sms_raw_logit,0.08847585320472717
validate,Pneumothorax__Support Devices,Pneumothorax,Support Devices,anchor_plus_relational_witness,anchor_plus_relational_witness|r=0.01|gamma=0.5,0.01,0.5,3,1,sms_fixed_reference,4.68215799331665
validate,Pneumothorax__Support Devices,Pneumothorax,Support Devices,anchor_plus_relational_witness,anchor_plus_relational_witness|r=0.01|gamma=0.5,0.01,0.5,3,1,ranking_disagreement,0.48671677708625793
validate,Pneumothorax__Support Devices,Pneumothorax,Support Devices,anchor_plus_relational_witness,anchor_plus_relational_witness|r=0.01|gamma=0.5,0.01,0.5,3,1,support_swap_flip_rate,0.0
validate,Pneumothorax__Support Devices,Pneumothorax,Support Devices,anchor_plus_relational_witness,anchor_plus_relational_witness|r=0.01|gamma=0.5,0.01,0.5,3,1,d0_auroc,0.49939998984336853
validate,Pneumothorax__Support Devices,Pneumothorax,Support Devices,anchor_plus_relational_witness,anchor_plus_relational_witness|r=0.01|gamma=0.5,0.01,0.5,3,1,d1_auroc,0.5687000155448914
validate,Pneumothorax__Support Devices,Pneumothorax,Support Devices,anchor_plus_relational_witness,anchor_plus_relational_witness|r=0.01|gamma=0.5,0.01,0.5,3,1,worst_nuisance_auroc,0.49939998984336853
validate,Pneumothorax__Support Devices,Pneumothorax,Support Devices,anchor_plus_relational_witness,anchor_plus_relational_witness|r=0.01|gamma=0.5,0.01,0.5,3,1,border_max_fraction,0.18000000715255737
test,Pneumothorax__Support Devices,Pneumothorax,Support Devices,anchor_plus_relational_witness,anchor_plus_relational_witness|r=0.01|gamma=0.5,0.01,0.5,3,1,auroc,0.546500027179718
test,Pneumothorax__Support Devices,Pneumothorax,Support Devices,anchor_plus_relational_witness,anchor_plus_relational_witness|r=0.01|gamma=0.5,0.01,0.5,3,1,auprc,0.5548768639564514
test,Pneumothorax__Support Devices,Pneumothorax,Support Devices,anchor_plus_relational_witness,anchor_plus_relational_witness|r=0.01|gamma=0.5,0.01,0.5,3,1,f1,0.6666666865348816
test,Pneumothorax__Support Devices,Pneumothorax,Support Devices,anchor_plus_relational_witness,anchor_plus_relational_witness|r=0.01|gamma=0.5,0.01,0.5,3,1,brier,0.24989372491836548
test,Pneumothorax__Support Devices,Pneumothorax,Support Devices,anchor_plus_relational_witness,anchor_plus_relational_witness|r=0.01|gamma=0.5,0.01,0.5,3,1,ece,0.006127595901489258
test,Pneumothorax__Support Devices,Pneumothorax,Support Devices,anchor_plus_relational_witness,anchor_plus_relational_witness|r=0.01|gamma=0.5,0.01,0.5,3,1,sms_raw_logit,0.08603349328041077
test,Pneumothorax__Support Devices,Pneumothorax,Support Devices,anchor_plus_relational_witness,anchor_plus_relational_witness|r=0.01|gamma=0.5,0.01,0.5,3,1,sms_fixed_reference,4.552026748657227
test,Pneumothorax__Support Devices,Pneumothorax,Support Devices,anchor_plus_relational_witness,anchor_plus_relational_witness|r=0.01|gamma=0.5,0.01,0.5,3,1,ranking_disagreement,0.5032832026481628
test,Pneumothorax__Support Devices,Pneumothorax,Support Devices,anchor_plus_relational_witness,anchor_plus_relational_witness|r=0.01|gamma=0.5,0.01,0.5,3,1,support_swap_flip_rate,0.0
test,Pneumothorax__Support Devices,Pneumothorax,Support Devices,anchor_plus_relational_witness,anchor_plus_relational_witness|r=0.01|gamma=0.5,0.01,0.5,3,1,d0_auroc,0.5473999977111816
test,Pneumothorax__Support Devices,Pneumothorax,Support Devices,anchor_plus_relational_witness,anchor_plus_relational_witness|r=0.01|gamma=0.5,0.01,0.5,3,1,d1_auroc,0.5458999872207642
test,Pneumothorax__Support Devices,Pneumothorax,Support Devices,anchor_plus_relational_witness,anchor_plus_relational_witness|r=0.01|gamma=0.5,0.01,0.5,3,1,worst_nuisance_auroc,0.5458999872207642
test,Pneumothorax__Support Devices,Pneumothorax,Support Devices,anchor_plus_relational_witness,anchor_plus_relational_witness|r=0.01|gamma=0.5,0.01,0.5,3,1,border_max_fraction,0.18250000476837158
validate,Pneumothorax__Support Devices,Pneumothorax,Support Devices,anchor_plus_relational_witness,anchor_plus_relational_witness|r=0.01|gamma=0.5,0.01,0.5,3,2,auroc,0.49908751249313354
validate,Pneumothorax__Support Devices,Pneumothorax,Support Devices,anchor_plus_relational_witness,anchor_plus_relational_witness|r=0.01|gamma=0.5,0.01,0.5,3,2,auprc,0.5035040974617004
validate,Pneumothorax__Support Devices,Pneumothorax,Support Devices,anchor_plus_relational_witness,anchor_plus_relational_witness|r=0.01|gamma=0.5,0.01,0.5,3,2,f1,0.6666666865348816
validate,Pneumothorax__Support Devices,Pneumothorax,Support Devices,anchor_plus_relational_witness,anchor_plus_relational_witness|r=0.01|gamma=0.5,0.01,0.5,3,2,brier,0.250057578086853
validate,Pneumothorax__Support Devices,Pneumothorax,Support Devices,anchor_plus_relational_witness,anchor_plus_relational_witness|r=0.01|gamma=0.5,0.01,0.5,3,2,ece,0.006044149398803711
validate,Pneumothorax__Support Devices,Pneumothorax,Support Devices,anchor_plus_relational_witness,anchor_plus_relational_witness|r=0.01|gamma=0.5,0.01,0.5,3,2,sms_raw_logit,0.09622005373239517
validate,Pneumothorax__Support Devices,Pneumothorax,Support Devices,anchor_plus_relational_witness,anchor_plus_relational_witness|r=0.01|gamma=0.5,0.01,0.5,3,2,sms_fixed_reference,5.238525867462158
validate,Pneumothorax__Support Devices,Pneumothorax,Support Devices,anchor_plus_relational_witness,anchor_plus_relational_witness|r=0.01|gamma=0.5,0.01,0.5,3,2,ranking_disagreement,0.5129197835922241
validate,Pneumothorax__Support Devices,Pneumothorax,Support Devices,anchor_plus_relational_witness,anchor_plus_relational_witness|r=0.01|gamma=0.5,0.01,0.5,3,2,support_swap_flip_rate,0.0
validate,Pneumothorax__Support Devices,Pneumothorax,Support Devices,anchor_plus_relational_witness,anchor_plus_relational_witness|r=0.01|gamma=0.5,0.01,0.5,3,2,d0_auroc,0.4977000057697296
validate,Pneumothorax__Support Devices,Pneumothorax,Support Devices,anchor_plus_relational_witness,anchor_plus_relational_witness|r=0.01|gamma=0.5,0.01,0.5,3,2,d1_auroc,0.49970000982284546
validate,Pneumothorax__Support Devices,Pneumothorax,Support Devices,anchor_plus_relational_witness,anchor_plus_relational_witness|r=0.01|gamma=0.5,0.01,0.5,3,2,worst_nuisance_auroc,0.4977000057697296
validate,Pneumothorax__Support Devices,Pneumothorax,Support Devices,anchor_plus_relational_witness,anchor_plus_relational_witness|r=0.01|gamma=0.5,0.01,0.5,3,2,border_max_fraction,0.11500000208616257
test,Pneumothorax__Support Devices,Pneumothorax,Support Devices,anchor_plus_relational_witness,anchor_plus_relational_witness|r=0.01|gamma=0.5,0.01,0.5,3,2,auroc,0.5640125274658203
test,Pneumothorax__Support Devices,Pneumothorax,Support Devices,anchor_plus_relational_witness,anchor_plus_relational_witness|r=0.01|gamma=0.5,0.01,0.5,3,2,auprc,0.5795115232467651
test,Pneumothorax__Support Devices,Pneumothorax,Support Devices,anchor_plus_relational_witness,anchor_plus_relational_witness|r=0.01|gamma=0.5,0.01,0.5,3,2,f1,0.6666666865348816
test,Pneumothorax__Support Devices,Pneumothorax,Support Devices,anchor_plus_relational_witness,anchor_plus_relational_witness|r=0.01|gamma=0.5,0.01,0.5,3,2,brier,0.24985496699810028
test,Pneumothorax__Support Devices,Pneumothorax,Support Devices,anchor_plus_relational_witness,anchor_plus_relational_witness|r=0.01|gamma=0.5,0.01,0.5,3,2,ece,0.006182491779327393
test,Pneumothorax__Support Devices,Pneumothorax,Support Devices,anchor_plus_relational_witness,anchor_plus_relational_witness|r=0.01|gamma=0.5,0.01,0.5,3,2,sms_raw_logit,0.08577945828437805
test,Pneumothorax__Support Devices,Pneumothorax,Support Devices,anchor_plus_relational_witness,anchor_plus_relational_witness|r=0.01|gamma=0.5,0.01,0.5,3,2,sms_fixed_reference,4.357840538024902
test,Pneumothorax__Support Devices,Pneumothorax,Support Devices,anchor_plus_relational_witness,anchor_plus_relational_witness|r=0.01|gamma=0.5,0.01,0.5,3,2,ranking_disagreement,0.48676690459251404
test,Pneumothorax__Support Devices,Pneumothorax,Support Devices,anchor_plus_relational_witness,anchor_plus_relational_witness|r=0.01|gamma=0.5,0.01,0.5,3,2,support_swap_flip_rate,0.0
test,Pneumothorax__Support Devices,Pneumothorax,Support Devices,anchor_plus_relational_witness,anchor_plus_relational_witness|r=0.01|gamma=0.5,0.01,0.5,3,2,d0_auroc,0.5573999881744385
test,Pneumothorax__Support Devices,Pneumothorax,Support Devices,anchor_plus_relational_witness,anchor_plus_relational_witness|r=0.01|gamma=0.5,0.01,0.5,3,2,d1_auroc,0.5694500207901001
test,Pneumothorax__Support Devices,Pneumothorax,Support Devices,anchor_plus_relational_witness,anchor_plus_relational_witness|r=0.01|gamma=0.5,0.01,0.5,3,2,worst_nuisance_auroc,0.5573999881744385
test,Pneumothorax__Support Devices,Pneumothorax,Support Devices,anchor_plus_relational_witness,anchor_plus_relational_witness|r=0.01|gamma=0.5,0.01,0.5,3,2,border_max_fraction,0.11749999970197678
validate,Pneumothorax__Support Devices,Pneumothorax,Support Devices,anchor_plus_relational_witness,anchor_plus_relational_witness|r=0.01|gamma=0.5,0.01,0.5,3,3,auroc,0.5332000255584717
validate,Pneumothorax__Support Devices,Pneumothorax,Support Devices,anchor_plus_relational_witness,anchor_plus_relational_witness|r=0.01|gamma=0.5,0.01,0.5,3,3,auprc,0.5394320487976074
validate,Pneumothorax__Support Devices,Pneumothorax,Support Devices,anchor_plus_relational_witness,anchor_plus_relational_witness|r=0.01|gamma=0.5,0.01,0.5,3,3,f1,0.6666666865348816
validate,Pneumothorax__Support Devices,Pneumothorax,Support Devices,anchor_plus_relational_witness,anchor_plus_relational_witness|r=0.01|gamma=0.5,0.01,0.5,3,3,brier,0.249968484044075
validate,Pneumothorax__Support Devices,Pneumothorax,Support Devices,anchor_plus_relational_witness,anchor_plus_relational_witness|r=0.01|gamma=0.5,0.01,0.5,3,3,ece,0.006126701831817627
validate,Pneumothorax__Support Devices,Pneumothorax,Support Devices,anchor_plus_relational_witness,anchor_plus_relational_witness|r=0.01|gamma=0.5,0.01,0.5,3,3,sms_raw_logit,0.0883772075176239
validate,Pneumothorax__Support Devices,Pneumothorax,Support Devices,anchor_plus_relational_witness,anchor_plus_relational_witness|r=0.01|gamma=0.5,0.01,0.5,3,3,sms_fixed_reference,4.708675861358643
validate,Pneumothorax__Support Devices,Pneumothorax,Support Devices,anchor_plus_relational_witness,anchor_plus_relational_witness|r=0.01|gamma=0.5,0.01,0.5,3,3,ranking_disagreement,0.48635339736938477
validate,Pneumothorax__Support Devices,Pneumothorax,Support Devices,anchor_plus_relational_witness,anchor_plus_relational_witness|r=0.01|gamma=0.5,0.01,0.5,3,3,support_swap_flip_rate,0.0
validate,Pneumothorax__Support Devices,Pneumothorax,Support Devices,anchor_plus_relational_witness,anchor_plus_relational_witness|r=0.01|gamma=0.5,0.01,0.5,3,3,d0_auroc,0.51910001039505
validate,Pneumothorax__Support Devices,Pneumothorax,Support Devices,anchor_plus_relational_witness,anchor_plus_relational_witness|r=0.01|gamma=0.5,0.01,0.5,3,3,d1_auroc,0.5475000143051147
validate,Pneumothorax__Support Devices,Pneumothorax,Support Devices,anchor_plus_relational_witness,anchor_plus_relational_witness|r=0.01|gamma=0.5,0.01,0.5,3,3,worst_nuisance_auroc,0.51910001039505
validate,Pneumothorax__Support Devices,Pneumothorax,Support Devices,anchor_plus_relational_witness,anchor_plus_relational_witness|r=0.01|gamma=0.5,0.01,0.5,3,3,border_max_fraction,0.14000000059604645
test,Pneumothorax__Support Devices,Pneumothorax,Support Devices,anchor_plus_relational_witness,anchor_plus_relational_witness|r=0.01|gamma=0.5,0.01,0.5,3,3,auroc,0.5044749975204468
test,Pneumothorax__Support Devices,Pneumothorax,Support Devices,anchor_plus_relational_witness,anchor_plus_relational_witness|r=0.01|gamma=0.5,0.01,0.5,3,3,auprc,0.5304087996482849
test,Pneumothorax__Support Devices,Pneumothorax,Support Devices,anchor_plus_relational_witness,anchor_plus_relational_witness|r=0.01|gamma=0.5,0.01,0.5,3,3,f1,0.6666666865348816
test,Pneumothorax__Support Devices,Pneumothorax,Support Devices,anchor_plus_relational_witness,anchor_plus_relational_witness|r=0.01|gamma=0.5,0.01,0.5,3,3,brier,0.2500229775905609
test,Pneumothorax__Support Devices,Pneumothorax,Support Devices,anchor_plus_relational_witness,anchor_plus_relational_witness|r=0.01|gamma=0.5,0.01,0.5,3,3,ece,0.006371855735778809
test,Pneumothorax__Support Devices,Pneumothorax,Support Devices,anchor_plus_relational_witness,anchor_plus_relational_witness|r=0.01|gamma=0.5,0.01,0.5,3,3,sms_raw_logit,0.08568989485502243
test,Pneumothorax__Support Devices,Pneumothorax,Support Devices,anchor_plus_relational_witness,anchor_plus_relational_witness|r=0.01|gamma=0.5,0.01,0.5,3,3,sms_fixed_reference,4.297575950622559
test,Pneumothorax__Support Devices,Pneumothorax,Support Devices,anchor_plus_relational_witness,anchor_plus_relational_witness|r=0.01|gamma=0.5,0.01,0.5,3,3,ranking_disagreement,0.48763158917427063
test,Pneumothorax__Support Devices,Pneumothorax,Support Devices,anchor_plus_relational_witness,anchor_plus_relational_witness|r=0.01|gamma=0.5,0.01,0.5,3,3,support_swap_flip_rate,0.0
test,Pneumothorax__Support Devices,Pneumothorax,Support Devices,anchor_plus_relational_witness,anchor_plus_relational_witness|r=0.01|gamma=0.5,0.01,0.5,3,3,d0_auroc,0.5115000009536743
test,Pneumothorax__Support Devices,Pneumothorax,Support Devices,anchor_plus_relational_witness,anchor_plus_relational_witness|r=0.01|gamma=0.5,0.01,0.5,3,3,d1_auroc,0.5022000074386597
test,Pneumothorax__Support Devices,Pneumothorax,Support Devices,anchor_plus_relational_witness,anchor_plus_relational_witness|r=0.01|gamma=0.5,0.01,0.5,3,3,worst_nuisance_auroc,0.5022000074386597
test,Pneumothorax__Support Devices,Pneumothorax,Support Devices,anchor_plus_relational_witness,anchor_plus_relational_witness|r=0.01|gamma=0.5,0.01,0.5,3,3,border_max_fraction,0.13750000298023224
validate,Pneumothorax__Support Devices,Pneumothorax,Support Devices,anchor_plus_relational_witness,anchor_plus_relational_witness|r=0.01|gamma=0.5,0.01,0.5,3,4,auroc,0.5183749794960022
validate,Pneumothorax__Support Devices,Pneumothorax,Support Devices,anchor_plus_relational_witness,anchor_plus_relational_witness|r=0.01|gamma=0.5,0.01,0.5,3,4,auprc,0.5220100283622742
validate,Pneumothorax__Support Devices,Pneumothorax,Support Devices,anchor_plus_relational_witness,anchor_plus_relational_witness|r=0.01|gamma=0.5,0.01,0.5,3,4,f1,0.6666666865348816
validate,Pneumothorax__Support Devices,Pneumothorax,Support Devices,anchor_plus_relational_witness,anchor_plus_relational_witness|r=0.01|gamma=0.5,0.01,0.5,3,4,brier,0.25000131130218506
validate,Pneumothorax__Support Devices,Pneumothorax,Support Devices,anchor_plus_relational_witness,anchor_plus_relational_witness|r=0.01|gamma=0.5,0.01,0.5,3,4,ece,0.006232142448425293
validate,Pneumothorax__Support Devices,Pneumothorax,Support Devices,anchor_plus_relational_witness,anchor_plus_relational_witness|r=0.01|gamma=0.5,0.01,0.5,3,4,sms_raw_logit,0.09029432386159897
validate,Pneumothorax__Support Devices,Pneumothorax,Support Devices,anchor_plus_relational_witness,anchor_plus_relational_witness|r=0.01|gamma=0.5,0.01,0.5,3,4,sms_fixed_reference,5.1087541580200195
validate,Pneumothorax__Support Devices,Pneumothorax,Support Devices,anchor_plus_relational_witness,anchor_plus_relational_witness|r=0.01|gamma=0.5,0.01,0.5,3,4,ranking_disagreement,0.49238094687461853
validate,Pneumothorax__Support Devices,Pneumothorax,Support Devices,anchor_plus_relational_witness,anchor_plus_relational_witness|r=0.01|gamma=0.5,0.01,0.5,3,4,support_swap_flip_rate,0.0
validate,Pneumothorax__Support Devices,Pneumothorax,Support Devices,anchor_plus_relational_witness,anchor_plus_relational_witness|r=0.01|gamma=0.5,0.01,0.5,3,4,d0_auroc,0.4794999957084656
validate,Pneumothorax__Support Devices,Pneumothorax,Support Devices,anchor_plus_relational_witness,anchor_plus_relational_witness|r=0.01|gamma=0.5,0.01,0.5,3,4,d1_auroc,0.5598999857902527
validate,Pneumothorax__Support Devices,Pneumothorax,Support Devices,anchor_plus_relational_witness,anchor_plus_relational_witness|r=0.01|gamma=0.5,0.01,0.5,3,4,worst_nuisance_auroc,0.4794999957084656
validate,Pneumothorax__Support Devices,Pneumothorax,Support Devices,anchor_plus_relational_witness,anchor_plus_relational_witness|r=0.01|gamma=0.5,0.01,0.5,3,4,border_max_fraction,0.11749999970197678
test,Pneumothorax__Support Devices,Pneumothorax,Support Devices,anchor_plus_relational_witness,anchor_plus_relational_witness|r=0.01|gamma=0.5,0.01,0.5,3,4,auroc,0.5017625093460083
test,Pneumothorax__Support Devices,Pneumothorax,Support Devices,anchor_plus_relational_witness,anchor_plus_relational_witness|r=0.01|gamma=0.5,0.01,0.5,3,4,auprc,0.5124973058700562
test,Pneumothorax__Support Devices,Pneumothorax,Support Devices,anchor_plus_relational_witness,anchor_plus_relational_witness|r=0.01|gamma=0.5,0.01,0.5,3,4,f1,0.6666666865348816
test,Pneumothorax__Support Devices,Pneumothorax,Support Devices,anchor_plus_relational_witness,anchor_plus_relational_witness|r=0.01|gamma=0.5,0.01,0.5,3,4,brier,0.2500345706939697
test,Pneumothorax__Support Devices,Pneumothorax,Support Devices,anchor_plus_relational_witness,anchor_plus_relational_witness|r=0.01|gamma=0.5,0.01,0.5,3,4,ece,0.006181299686431885
test,Pneumothorax__Support Devices,Pneumothorax,Support Devices,anchor_plus_relational_witness,anchor_plus_relational_witness|r=0.01|gamma=0.5,0.01,0.5,3,4,sms_raw_logit,0.084989994764328
test,Pneumothorax__Support Devices,Pneumothorax,Support Devices,anchor_plus_relational_witness,anchor_plus_relational_witness|r=0.01|gamma=0.5,0.01,0.5,3,4,sms_fixed_reference,4.679450035095215
test,Pneumothorax__Support Devices,Pneumothorax,Support Devices,anchor_plus_relational_witness,anchor_plus_relational_witness|r=0.01|gamma=0.5,0.01,0.5,3,4,ranking_disagreement,0.505075216293335
test,Pneumothorax__Support Devices,Pneumothorax,Support Devices,anchor_plus_relational_witness,anchor_plus_relational_witness|r=0.01|gamma=0.5,0.01,0.5,3,4,support_swap_flip_rate,0.0
test,Pneumothorax__Support Devices,Pneumothorax,Support Devices,anchor_plus_relational_witness,anchor_plus_relational_witness|r=0.01|gamma=0.5,0.01,0.5,3,4,d0_auroc,0.47929999232292175
test,Pneumothorax__Support Devices,Pneumothorax,Support Devices,anchor_plus_relational_witness,anchor_plus_relational_witness|r=0.01|gamma=0.5,0.01,0.5,3,4,d1_auroc,0.5250499844551086
test,Pneumothorax__Support Devices,Pneumothorax,Support Devices,anchor_plus_relational_witness,anchor_plus_relational_witness|r=0.01|gamma=0.5,0.01,0.5,3,4,worst_nuisance_auroc,0.47929999232292175
test,Pneumothorax__Support Devices,Pneumothorax,Support Devices,anchor_plus_relational_witness,anchor_plus_relational_witness|r=0.01|gamma=0.5,0.01,0.5,3,4,border_max_fraction,0.13249999284744263
validate,Pneumothorax__Support Devices,Pneumothorax,Support Devices,anchor_plus_relational_witness,anchor_plus_relational_witness|r=0.02|gamma=0.1,0.02,0.1,3,0,auroc,0.5124499797821045
validate,Pneumothorax__Support Devices,Pneumothorax,Support Devices,anchor_plus_relational_witness,anchor_plus_relational_witness|r=0.02|gamma=0.1,0.02,0.1,3,0,auprc,0.5117722749710083
validate,Pneumothorax__Support Devices,Pneumothorax,Support Devices,anchor_plus_relational_witness,anchor_plus_relational_witness|r=0.02|gamma=0.1,0.02,0.1,3,0,f1,0.6666666865348816
validate,Pneumothorax__Support Devices,Pneumothorax,Support Devices,anchor_plus_relational_witness,anchor_plus_relational_witness|r=0.02|gamma=0.1,0.02,0.1,3,0,brier,0.24999336898326874
validate,Pneumothorax__Support Devices,Pneumothorax,Support Devices,anchor_plus_relational_witness,anchor_plus_relational_witness|r=0.02|gamma=0.1,0.02,0.1,3,0,ece,0.002311527729034424
validate,Pneumothorax__Support Devices,Pneumothorax,Support Devices,anchor_plus_relational_witness,anchor_plus_relational_witness|r=0.02|gamma=0.1,0.02,0.1,3,0,sms_raw_logit,0.016352960839867592
validate,Pneumothorax__Support Devices,Pneumothorax,Support Devices,anchor_plus_relational_witness,anchor_plus_relational_witness|r=0.02|gamma=0.1,0.02,0.1,3,0,sms_fixed_reference,0.8929867148399353
validate,Pneumothorax__Support Devices,Pneumothorax,Support Devices,anchor_plus_relational_witness,anchor_plus_relational_witness|r=0.02|gamma=0.1,0.02,0.1,3,0,ranking_disagreement,0.46914786100387573
validate,Pneumothorax__Support Devices,Pneumothorax,Support Devices,anchor_plus_relational_witness,anchor_plus_relational_witness|r=0.02|gamma=0.1,0.02,0.1,3,0,support_swap_flip_rate,0.0
validate,Pneumothorax__Support Devices,Pneumothorax,Support Devices,anchor_plus_relational_witness,anchor_plus_relational_witness|r=0.02|gamma=0.1,0.02,0.1,3,0,d0_auroc,0.5041999816894531
validate,Pneumothorax__Support Devices,Pneumothorax,Support Devices,anchor_plus_relational_witness,anchor_plus_relational_witness|r=0.02|gamma=0.1,0.02,0.1,3,0,d1_auroc,0.5170999765396118
validate,Pneumothorax__Support Devices,Pneumothorax,Support Devices,anchor_plus_relational_witness,anchor_plus_relational_witness|r=0.02|gamma=0.1,0.02,0.1,3,0,worst_nuisance_auroc,0.5041999816894531
validate,Pneumothorax__Support Devices,Pneumothorax,Support Devices,anchor_plus_relational_witness,anchor_plus_relational_witness|r=0.02|gamma=0.1,0.02,0.1,3,0,border_max_fraction,0.23499999940395355
test,Pneumothorax__Support Devices,Pneumothorax,Support Devices,anchor_plus_relational_witness,anchor_plus_relational_witness|r=0.02|gamma=0.1,0.02,0.1,3,0,auroc,0.4969249963760376
test,Pneumothorax__Support Devices,Pneumothorax,Support Devices,anchor_plus_relational_witness,anchor_plus_relational_witness|r=0.02|gamma=0.1,0.02,0.1,3,0,auprc,0.5039817094802856
test,Pneumothorax__Support Devices,Pneumothorax,Support Devices,anchor_plus_relational_witness,anchor_plus_relational_witness|r=0.02|gamma=0.1,0.02,0.1,3,0,f1,0.6666666865348816
test,Pneumothorax__Support Devices,Pneumothorax,Support Devices,anchor_plus_relational_witness,anchor_plus_relational_witness|r=0.02|gamma=0.1,0.02,0.1,3,0,brier,0.2500133812427521
test,Pneumothorax__Support Devices,Pneumothorax,Support Devices,anchor_plus_relational_witness,anchor_plus_relational_witness|r=0.02|gamma=0.1,0.02,0.1,3,0,ece,0.0023258328437805176
test,Pneumothorax__Support Devices,Pneumothorax,Support Devices,anchor_plus_relational_witness,anchor_plus_relational_witness|r=0.02|gamma=0.1,0.02,0.1,3,0,sms_raw_logit,0.016368456184864044
test,Pneumothorax__Support Devices,Pneumothorax,Support Devices,anchor_plus_relational_witness,anchor_plus_relational_witness|r=0.02|gamma=0.1,0.02,0.1,3,0,sms_fixed_reference,0.9030287265777588
test,Pneumothorax__Support Devices,Pneumothorax,Support Devices,anchor_plus_relational_witness,anchor_plus_relational_witness|r=0.02|gamma=0.1,0.02,0.1,3,0,ranking_disagreement,0.47679197788238525
test,Pneumothorax__Support Devices,Pneumothorax,Support Devices,anchor_plus_relational_witness,anchor_plus_relational_witness|r=0.02|gamma=0.1,0.02,0.1,3,0,support_swap_flip_rate,0.0
test,Pneumothorax__Support Devices,Pneumothorax,Support Devices,anchor_plus_relational_witness,anchor_plus_relational_witness|r=0.02|gamma=0.1,0.02,0.1,3,0,d0_auroc,0.49880000948905945
test,Pneumothorax__Support Devices,Pneumothorax,Support Devices,anchor_plus_relational_witness,anchor_plus_relational_witness|r=0.02|gamma=0.1,0.02,0.1,3,0,d1_auroc,0.4943000078201294
test,Pneumothorax__Support Devices,Pneumothorax,Support Devices,anchor_plus_relational_witness,anchor_plus_relational_witness|r=0.02|gamma=0.1,0.02,0.1,3,0,worst_nuisance_auroc,0.4943000078201294
test,Pneumothorax__Support Devices,Pneumothorax,Support Devices,anchor_plus_relational_witness,anchor_plus_relational_witness|r=0.02|gamma=0.1,0.02,0.1,3,0,border_max_fraction,0.18250000476837158
validate,Pneumothorax__Support Devices,Pneumothorax,Support Devices,anchor_plus_relational_witness,anchor_plus_relational_witness|r=0.02|gamma=0.1,0.02,0.1,3,1,auroc,0.5239874720573425
validate,Pneumothorax__Support Devices,Pneumothorax,Support Devices,anchor_plus_relational_witness,anchor_plus_relational_witness|r=0.02|gamma=0.1,0.02,0.1,3,1,auprc,0.5235877633094788
validate,Pneumothorax__Support Devices,Pneumothorax,Support Devices,anchor_plus_relational_witness,anchor_plus_relational_witness|r=0.02|gamma=0.1,0.02,0.1,3,1,f1,0.6666666865348816
validate,Pneumothorax__Support Devices,Pneumothorax,Support Devices,anchor_plus_relational_witness,anchor_plus_relational_witness|r=0.02|gamma=0.1,0.02,0.1,3,1,brier,0.24998928606510162
validate,Pneumothorax__Support Devices,Pneumothorax,Support Devices,anchor_plus_relational_witness,anchor_plus_relational_witness|r=0.02|gamma=0.1,0.02,0.1,3,1,ece,0.00221937894821167
validate,Pneumothorax__Support Devices,Pneumothorax,Support Devices,anchor_plus_relational_witness,anchor_plus_relational_witness|r=0.02|gamma=0.1,0.02,0.1,3,1,sms_raw_logit,0.016514839604496956
validate,Pneumothorax__Support Devices,Pneumothorax,Support Devices,anchor_plus_relational_witness,anchor_plus_relational_witness|r=0.02|gamma=0.1,0.02,0.1,3,1,sms_fixed_reference,0.873968243598938
validate,Pneumothorax__Support Devices,Pneumothorax,Support Devices,anchor_plus_relational_witness,anchor_plus_relational_witness|r=0.02|gamma=0.1,0.02,0.1,3,1,ranking_disagreement,0.5063157677650452
validate,Pneumothorax__Support Devices,Pneumothorax,Support Devices,anchor_plus_relational_witness,anchor_plus_relational_witness|r=0.02|gamma=0.1,0.02,0.1,3,1,support_swap_flip_rate,0.0
validate,Pneumothorax__Support Devices,Pneumothorax,Support Devices,anchor_plus_relational_witness,anchor_plus_relational_witness|r=0.02|gamma=0.1,0.02,0.1,3,1,d0_auroc,0.5090000033378601
validate,Pneumothorax__Support Devices,Pneumothorax,Support Devices,anchor_plus_relational_witness,anchor_plus_relational_witness|r=0.02|gamma=0.1,0.02,0.1,3,1,d1_auroc,0.5389000177383423
validate,Pneumothorax__Support Devices,Pneumothorax,Support Devices,anchor_plus_relational_witness,anchor_plus_relational_witness|r=0.02|gamma=0.1,0.02,0.1,3,1,worst_nuisance_auroc,0.5090000033378601
validate,Pneumothorax__Support Devices,Pneumothorax,Support Devices,anchor_plus_relational_witness,anchor_plus_relational_witness|r=0.02|gamma=0.1,0.02,0.1,3,1,border_max_fraction,0.17249999940395355
test,Pneumothorax__Support Devices,Pneumothorax,Support Devices,anchor_plus_relational_witness,anchor_plus_relational_witness|r=0.02|gamma=0.1,0.02,0.1,3,1,auroc,0.5438374876976013
test,Pneumothorax__Support Devices,Pneumothorax,Support Devices,anchor_plus_relational_witness,anchor_plus_relational_witness|r=0.02|gamma=0.1,0.02,0.1,3,1,auprc,0.5324738025665283
test,Pneumothorax__Support Devices,Pneumothorax,Support Devices,anchor_plus_relational_witness,anchor_plus_relational_witness|r=0.02|gamma=0.1,0.02,0.1,3,1,f1,0.6666666865348816
test,Pneumothorax__Support Devices,Pneumothorax,Support Devices,anchor_plus_relational_witness,anchor_plus_relational_witness|r=0.02|gamma=0.1,0.02,0.1,3,1,brier,0.24996192753314972
test,Pneumothorax__Support Devices,Pneumothorax,Support Devices,anchor_plus_relational_witness,anchor_plus_relational_witness|r=0.02|gamma=0.1,0.02,0.1,3,1,ece,0.0023201704025268555
test,Pneumothorax__Support Devices,Pneumothorax,Support Devices,anchor_plus_relational_witness,anchor_plus_relational_witness|r=0.02|gamma=0.1,0.02,0.1,3,1,sms_raw_logit,0.015664640814065933
test,Pneumothorax__Support Devices,Pneumothorax,Support Devices,anchor_plus_relational_witness,anchor_plus_relational_witness|r=0.02|gamma=0.1,0.02,0.1,3,1,sms_fixed_reference,0.828815221786499
test,Pneumothorax__Support Devices,Pneumothorax,Support Devices,anchor_plus_relational_witness,anchor_plus_relational_witness|r=0.02|gamma=0.1,0.02,0.1,3,1,ranking_disagreement,0.5135964751243591
test,Pneumothorax__Support Devices,Pneumothorax,Support Devices,anchor_plus_relational_witness,anchor_plus_relational_witness|r=0.02|gamma=0.1,0.02,0.1,3,1,support_swap_flip_rate,0.0
test,Pneumothorax__Support Devices,Pneumothorax,Support Devices,anchor_plus_relational_witness,anchor_plus_relational_witness|r=0.02|gamma=0.1,0.02,0.1,3,1,d0_auroc,0.5708500146865845
test,Pneumothorax__Support Devices,Pneumothorax,Support Devices,anchor_plus_relational_witness,anchor_plus_relational_witness|r=0.02|gamma=0.1,0.02,0.1,3,1,d1_auroc,0.5134999752044678
test,Pneumothorax__Support Devices,Pneumothorax,Support Devices,anchor_plus_relational_witness,anchor_plus_relational_witness|r=0.02|gamma=0.1,0.02,0.1,3,1,worst_nuisance_auroc,0.5134999752044678
test,Pneumothorax__Support Devices,Pneumothorax,Support Devices,anchor_plus_relational_witness,anchor_plus_relational_witness|r=0.02|gamma=0.1,0.02,0.1,3,1,border_max_fraction,0.19249999523162842
validate,Pneumothorax__Support Devices,Pneumothorax,Support Devices,anchor_plus_relational_witness,anchor_plus_relational_witness|r=0.02|gamma=0.1,0.02,0.1,3,2,auroc,0.5115249752998352
validate,Pneumothorax__Support Devices,Pneumothorax,Support Devices,anchor_plus_relational_witness,anchor_plus_relational_witness|r=0.02|gamma=0.1,0.02,0.1,3,2,auprc,0.5100843906402588
validate,Pneumothorax__Support Devices,Pneumothorax,Support Devices,anchor_plus_relational_witness,anchor_plus_relational_witness|r=0.02|gamma=0.1,0.02,0.1,3,2,f1,0.6666666865348816
validate,Pneumothorax__Support Devices,Pneumothorax,Support Devices,anchor_plus_relational_witness,anchor_plus_relational_witness|r=0.02|gamma=0.1,0.02,0.1,3,2,brier,0.24999865889549255
validate,Pneumothorax__Support Devices,Pneumothorax,Support Devices,anchor_plus_relational_witness,anchor_plus_relational_witness|r=0.02|gamma=0.1,0.02,0.1,3,2,ece,0.0011484026908874512
validate,Pneumothorax__Support Devices,Pneumothorax,Support Devices,anchor_plus_relational_witness,anchor_plus_relational_witness|r=0.02|gamma=0.1,0.02,0.1,3,2,sms_raw_logit,0.016243940219283104
validate,Pneumothorax__Support Devices,Pneumothorax,Support Devices,anchor_plus_relational_witness,anchor_plus_relational_witness|r=0.02|gamma=0.1,0.02,0.1,3,2,sms_fixed_reference,0.884371817111969
validate,Pneumothorax__Support Devices,Pneumothorax,Support Devices,anchor_plus_relational_witness,anchor_plus_relational_witness|r=0.02|gamma=0.1,0.02,0.1,3,2,ranking_disagreement,0.5020676851272583
validate,Pneumothorax__Support Devices,Pneumothorax,Support Devices,anchor_plus_relational_witness,anchor_plus_relational_witness|r=0.02|gamma=0.1,0.02,0.1,3,2,support_swap_flip_rate,0.0
validate,Pneumothorax__Support Devices,Pneumothorax,Support Devices,anchor_plus_relational_witness,anchor_plus_relational_witness|r=0.02|gamma=0.1,0.02,0.1,3,2,d0_auroc,0.513949990272522
validate,Pneumothorax__Support Devices,Pneumothorax,Support Devices,anchor_plus_relational_witness,anchor_plus_relational_witness|r=0.02|gamma=0.1,0.02,0.1,3,2,d1_auroc,0.5088499784469604
validate,Pneumothorax__Support Devices,Pneumothorax,Support Devices,anchor_plus_relational_witness,anchor_plus_relational_witness|r=0.02|gamma=0.1,0.02,0.1,3,2,worst_nuisance_auroc,0.5088499784469604
validate,Pneumothorax__Support Devices,Pneumothorax,Support Devices,anchor_plus_relational_witness,anchor_plus_relational_witness|r=0.02|gamma=0.1,0.02,0.1,3,2,border_max_fraction,0.20499999821186066
test,Pneumothorax__Support Devices,Pneumothorax,Support Devices,anchor_plus_relational_witness,anchor_plus_relational_witness|r=0.02|gamma=0.1,0.02,0.1,3,2,auroc,0.5472375154495239
test,Pneumothorax__Support Devices,Pneumothorax,Support Devices,anchor_plus_relational_witness,anchor_plus_relational_witness|r=0.02|gamma=0.1,0.02,0.1,3,2,auprc,0.5625773072242737
test,Pneumothorax__Support Devices,Pneumothorax,Support Devices,anchor_plus_relational_witness,anchor_plus_relational_witness|r=0.02|gamma=0.1,0.02,0.1,3,2,f1,0.6666666865348816
test,Pneumothorax__Support Devices,Pneumothorax,Support Devices,anchor_plus_relational_witness,anchor_plus_relational_witness|r=0.02|gamma=0.1,0.02,0.1,3,2,brier,0.2499726116657257
test,Pneumothorax__Support Devices,Pneumothorax,Support Devices,anchor_plus_relational_witness,anchor_plus_relational_witness|r=0.02|gamma=0.1,0.02,0.1,3,2,ece,0.0011458396911621094
test,Pneumothorax__Support Devices,Pneumothorax,Support Devices,anchor_plus_relational_witness,anchor_plus_relational_witness|r=0.02|gamma=0.1,0.02,0.1,3,2,sms_raw_logit,0.016694456338882446
test,Pneumothorax__Support Devices,Pneumothorax,Support Devices,anchor_plus_relational_witness,anchor_plus_relational_witness|r=0.02|gamma=0.1,0.02,0.1,3,2,sms_fixed_reference,0.8481258749961853
test,Pneumothorax__Support Devices,Pneumothorax,Support Devices,anchor_plus_relational_witness,anchor_plus_relational_witness|r=0.02|gamma=0.1,0.02,0.1,3,2,ranking_disagreement,0.500175416469574
test,Pneumothorax__Support Devices,Pneumothorax,Support Devices,anchor_plus_relational_witness,anchor_plus_relational_witness|r=0.02|gamma=0.1,0.02,0.1,3,2,support_swap_flip_rate,0.0
test,Pneumothorax__Support Devices,Pneumothorax,Support Devices,anchor_plus_relational_witness,anchor_plus_relational_witness|r=0.02|gamma=0.1,0.02,0.1,3,2,d0_auroc,0.5496000051498413
test,Pneumothorax__Support Devices,Pneumothorax,Support Devices,anchor_plus_relational_witness,anchor_plus_relational_witness|r=0.02|gamma=0.1,0.02,0.1,3,2,d1_auroc,0.5432000160217285
test,Pneumothorax__Support Devices,Pneumothorax,Support Devices,anchor_plus_relational_witness,anchor_plus_relational_witness|r=0.02|gamma=0.1,0.02,0.1,3,2,worst_nuisance_auroc,0.5432000160217285
test,Pneumothorax__Support Devices,Pneumothorax,Support Devices,anchor_plus_relational_witness,anchor_plus_relational_witness|r=0.02|gamma=0.1,0.02,0.1,3,2,border_max_fraction,0.1574999988079071
validate,Pneumothorax__Support Devices,Pneumothorax,Support Devices,anchor_plus_relational_witness,anchor_plus_relational_witness|r=0.02|gamma=0.1,0.02,0.1,3,3,auroc,0.5321624875068665
validate,Pneumothorax__Support Devices,Pneumothorax,Support Devices,anchor_plus_relational_witness,anchor_plus_relational_witness|r=0.02|gamma=0.1,0.02,0.1,3,3,auprc,0.5319910049438477
validate,Pneumothorax__Support Devices,Pneumothorax,Support Devices,anchor_plus_relational_witness,anchor_plus_relational_witness|r=0.02|gamma=0.1,0.02,0.1,3,3,f1,0.6666666865348816
validate,Pneumothorax__Support Devices,Pneumothorax,Support Devices,anchor_plus_relational_witness,anchor_plus_relational_witness|r=0.02|gamma=0.1,0.02,0.1,3,3,brier,0.24997572600841522
validate,Pneumothorax__Support Devices,Pneumothorax,Support Devices,anchor_plus_relational_witness,anchor_plus_relational_witness|r=0.02|gamma=0.1,0.02,0.1,3,3,ece,0.00574183464050293
validate,Pneumothorax__Support Devices,Pneumothorax,Support Devices,anchor_plus_relational_witness,anchor_plus_relational_witness|r=0.02|gamma=0.1,0.02,0.1,3,3,sms_raw_logit,0.016807520762085915
validate,Pneumothorax__Support Devices,Pneumothorax,Support Devices,anchor_plus_relational_witness,anchor_plus_relational_witness|r=0.02|gamma=0.1,0.02,0.1,3,3,sms_fixed_reference,0.8954929709434509
validate,Pneumothorax__Support Devices,Pneumothorax,Support Devices,anchor_plus_relational_witness,anchor_plus_relational_witness|r=0.02|gamma=0.1,0.02,0.1,3,3,ranking_disagreement,0.5128947496414185
validate,Pneumothorax__Support Devices,Pneumothorax,Support Devices,anchor_plus_relational_witness,anchor_plus_relational_witness|r=0.02|gamma=0.1,0.02,0.1,3,3,support_swap_flip_rate,0.0
validate,Pneumothorax__Support Devices,Pneumothorax,Support Devices,anchor_plus_relational_witness,anchor_plus_relational_witness|r=0.02|gamma=0.1,0.02,0.1,3,3,d0_auroc,0.5221999883651733
validate,Pneumothorax__Support Devices,Pneumothorax,Support Devices,anchor_plus_relational_witness,anchor_plus_relational_witness|r=0.02|gamma=0.1,0.02,0.1,3,3,d1_auroc,0.5388000011444092
validate,Pneumothorax__Support Devices,Pneumothorax,Support Devices,anchor_plus_relational_witness,anchor_plus_relational_witness|r=0.02|gamma=0.1,0.02,0.1,3,3,worst_nuisance_auroc,0.5221999883651733
validate,Pneumothorax__Support Devices,Pneumothorax,Support Devices,anchor_plus_relational_witness,anchor_plus_relational_witness|r=0.02|gamma=0.1,0.02,0.1,3,3,border_max_fraction,0.16750000417232513
test,Pneumothorax__Support Devices,Pneumothorax,Support Devices,anchor_plus_relational_witness,anchor_plus_relational_witness|r=0.02|gamma=0.1,0.02,0.1,3,3,auroc,0.5155249834060669
test,Pneumothorax__Support Devices,Pneumothorax,Support Devices,anchor_plus_relational_witness,anchor_plus_relational_witness|r=0.02|gamma=0.1,0.02,0.1,3,3,auprc,0.5515971183776855
test,Pneumothorax__Support Devices,Pneumothorax,Support Devices,anchor_plus_relational_witness,anchor_plus_relational_witness|r=0.02|gamma=0.1,0.02,0.1,3,3,f1,0.6666666865348816
test,Pneumothorax__Support Devices,Pneumothorax,Support Devices,anchor_plus_relational_witness,anchor_plus_relational_witness|r=0.02|gamma=0.1,0.02,0.1,3,3,brier,0.24998366832733154
test,Pneumothorax__Support Devices,Pneumothorax,Support Devices,anchor_plus_relational_witness,anchor_plus_relational_witness|r=0.02|gamma=0.1,0.02,0.1,3,3,ece,0.005970776081085205
test,Pneumothorax__Support Devices,Pneumothorax,Support Devices,anchor_plus_relational_witness,anchor_plus_relational_witness|r=0.02|gamma=0.1,0.02,0.1,3,3,sms_raw_logit,0.015800440683960915
test,Pneumothorax__Support Devices,Pneumothorax,Support Devices,anchor_plus_relational_witness,anchor_plus_relational_witness|r=0.02|gamma=0.1,0.02,0.1,3,3,sms_fixed_reference,0.7924340963363647
test,Pneumothorax__Support Devices,Pneumothorax,Support Devices,anchor_plus_relational_witness,anchor_plus_relational_witness|r=0.02|gamma=0.1,0.02,0.1,3,3,ranking_disagreement,0.48830828070640564
test,Pneumothorax__Support Devices,Pneumothorax,Support Devices,anchor_plus_relational_witness,anchor_plus_relational_witness|r=0.02|gamma=0.1,0.02,0.1,3,3,support_swap_flip_rate,0.0
test,Pneumothorax__Support Devices,Pneumothorax,Support Devices,anchor_plus_relational_witness,anchor_plus_relational_witness|r=0.02|gamma=0.1,0.02,0.1,3,3,d0_auroc,0.5200999975204468
test,Pneumothorax__Support Devices,Pneumothorax,Support Devices,anchor_plus_relational_witness,anchor_plus_relational_witness|r=0.02|gamma=0.1,0.02,0.1,3,3,d1_auroc,0.5149000287055969
test,Pneumothorax__Support Devices,Pneumothorax,Support Devices,anchor_plus_relational_witness,anchor_plus_relational_witness|r=0.02|gamma=0.1,0.02,0.1,3,3,worst_nuisance_auroc,0.5149000287055969
test,Pneumothorax__Support Devices,Pneumothorax,Support Devices,anchor_plus_relational_witness,anchor_plus_relational_witness|r=0.02|gamma=0.1,0.02,0.1,3,3,border_max_fraction,0.17000000178813934
validate,Pneumothorax__Support Devices,Pneumothorax,Support Devices,anchor_plus_relational_witness,anchor_plus_relational_witness|r=0.02|gamma=0.1,0.02,0.1,3,4,auroc,0.5222749710083008
validate,Pneumothorax__Support Devices,Pneumothorax,Support Devices,anchor_plus_relational_witness,anchor_plus_relational_witness|r=0.02|gamma=0.1,0.02,0.1,3,4,auprc,0.5451492071151733
validate,Pneumothorax__Support Devices,Pneumothorax,Support Devices,anchor_plus_relational_witness,anchor_plus_relational_witness|r=0.02|gamma=0.1,0.02,0.1,3,4,f1,0.6666666865348816
validate,Pneumothorax__Support Devices,Pneumothorax,Support Devices,anchor_plus_relational_witness,anchor_plus_relational_witness|r=0.02|gamma=0.1,0.02,0.1,3,4,brier,0.24998712539672852
validate,Pneumothorax__Support Devices,Pneumothorax,Support Devices,anchor_plus_relational_witness,anchor_plus_relational_witness|r=0.02|gamma=0.1,0.02,0.1,3,4,ece,0.0023259520530700684
validate,Pneumothorax__Support Devices,Pneumothorax,Support Devices,anchor_plus_relational_witness,anchor_plus_relational_witness|r=0.02|gamma=0.1,0.02,0.1,3,4,sms_raw_logit,0.017119064927101135
validate,Pneumothorax__Support Devices,Pneumothorax,Support Devices,anchor_plus_relational_witness,anchor_plus_relational_witness|r=0.02|gamma=0.1,0.02,0.1,3,4,sms_fixed_reference,0.9685779809951782
validate,Pneumothorax__Support Devices,Pneumothorax,Support Devices,anchor_plus_relational_witness,anchor_plus_relational_witness|r=0.02|gamma=0.1,0.02,0.1,3,4,ranking_disagreement,0.4918544292449951
validate,Pneumothorax__Support Devices,Pneumothorax,Support Devices,anchor_plus_relational_witness,anchor_plus_relational_witness|r=0.02|gamma=0.1,0.02,0.1,3,4,support_swap_flip_rate,0.0
validate,Pneumothorax__Support Devices,Pneumothorax,Support Devices,anchor_plus_relational_witness,anchor_plus_relational_witness|r=0.02|gamma=0.1,0.02,0.1,3,4,d0_auroc,0.48260000348091125
validate,Pneumothorax__Support Devices,Pneumothorax,Support Devices,anchor_plus_relational_witness,anchor_plus_relational_witness|r=0.02|gamma=0.1,0.02,0.1,3,4,d1_auroc,0.5578500032424927
validate,Pneumothorax__Support Devices,Pneumothorax,Support Devices,anchor_plus_relational_witness,anchor_plus_relational_witness|r=0.02|gamma=0.1,0.02,0.1,3,4,worst_nuisance_auroc,0.48260000348091125
validate,Pneumothorax__Support Devices,Pneumothorax,Support Devices,anchor_plus_relational_witness,anchor_plus_relational_witness|r=0.02|gamma=0.1,0.02,0.1,3,4,border_max_fraction,0.16500000655651093
test,Pneumothorax__Support Devices,Pneumothorax,Support Devices,anchor_plus_relational_witness,anchor_plus_relational_witness|r=0.02|gamma=0.1,0.02,0.1,3,4,auroc,0.4952999949455261
test,Pneumothorax__Support Devices,Pneumothorax,Support Devices,anchor_plus_relational_witness,anchor_plus_relational_witness|r=0.02|gamma=0.1,0.02,0.1,3,4,auprc,0.5072768926620483
test,Pneumothorax__Support Devices,Pneumothorax,Support Devices,anchor_plus_relational_witness,anchor_plus_relational_witness|r=0.02|gamma=0.1,0.02,0.1,3,4,f1,0.6666666865348816
test,Pneumothorax__Support Devices,Pneumothorax,Support Devices,anchor_plus_relational_witness,anchor_plus_relational_witness|r=0.02|gamma=0.1,0.02,0.1,3,4,brier,0.25000834465026855
test,Pneumothorax__Support Devices,Pneumothorax,Support Devices,anchor_plus_relational_witness,anchor_plus_relational_witness|r=0.02|gamma=0.1,0.02,0.1,3,4,ece,0.00228726863861084
test,Pneumothorax__Support Devices,Pneumothorax,Support Devices,anchor_plus_relational_witness,anchor_plus_relational_witness|r=0.02|gamma=0.1,0.02,0.1,3,4,sms_raw_logit,0.01632194221019745
test,Pneumothorax__Support Devices,Pneumothorax,Support Devices,anchor_plus_relational_witness,anchor_plus_relational_witness|r=0.02|gamma=0.1,0.02,0.1,3,4,sms_fixed_reference,0.8986670970916748
test,Pneumothorax__Support Devices,Pneumothorax,Support Devices,anchor_plus_relational_witness,anchor_plus_relational_witness|r=0.02|gamma=0.1,0.02,0.1,3,4,ranking_disagreement,0.49010640382766724
test,Pneumothorax__Support Devices,Pneumothorax,Support Devices,anchor_plus_relational_witness,anchor_plus_relational_witness|r=0.02|gamma=0.1,0.02,0.1,3,4,support_swap_flip_rate,0.0
test,Pneumothorax__Support Devices,Pneumothorax,Support Devices,anchor_plus_relational_witness,anchor_plus_relational_witness|r=0.02|gamma=0.1,0.02,0.1,3,4,d0_auroc,0.47404998540878296
test,Pneumothorax__Support Devices,Pneumothorax,Support Devices,anchor_plus_relational_witness,anchor_plus_relational_witness|r=0.02|gamma=0.1,0.02,0.1,3,4,d1_auroc,0.5174999833106995
test,Pneumothorax__Support Devices,Pneumothorax,Support Devices,anchor_plus_relational_witness,anchor_plus_relational_witness|r=0.02|gamma=0.1,0.02,0.1,3,4,worst_nuisance_auroc,0.47404998540878296
test,Pneumothorax__Support Devices,Pneumothorax,Support Devices,anchor_plus_relational_witness,anchor_plus_relational_witness|r=0.02|gamma=0.1,0.02,0.1,3,4,border_max_fraction,0.18000000715255737
validate,Pneumothorax__Support Devices,Pneumothorax,Support Devices,anchor_plus_relational_witness,anchor_plus_relational_witness|r=0.02|gamma=0.25,0.02,0.25,3,0,auroc,0.5004749894142151
validate,Pneumothorax__Support Devices,Pneumothorax,Support Devices,anchor_plus_relational_witness,anchor_plus_relational_witness|r=0.02|gamma=0.25,0.02,0.25,3,0,auprc,0.5007668137550354
validate,Pneumothorax__Support Devices,Pneumothorax,Support Devices,anchor_plus_relational_witness,anchor_plus_relational_witness|r=0.02|gamma=0.25,0.02,0.25,3,0,f1,0.6666666865348816
validate,Pneumothorax__Support Devices,Pneumothorax,Support Devices,anchor_plus_relational_witness,anchor_plus_relational_witness|r=0.02|gamma=0.25,0.02,0.25,3,0,brier,0.25000983476638794
validate,Pneumothorax__Support Devices,Pneumothorax,Support Devices,anchor_plus_relational_witness,anchor_plus_relational_witness|r=0.02|gamma=0.25,0.02,0.25,3,0,ece,0.002867758274078369
validate,Pneumothorax__Support Devices,Pneumothorax,Support Devices,anchor_plus_relational_witness,anchor_plus_relational_witness|r=0.02|gamma=0.25,0.02,0.25,3,0,sms_raw_logit,0.036633528769016266
validate,Pneumothorax__Support Devices,Pneumothorax,Support Devices,anchor_plus_relational_witness,anchor_plus_relational_witness|r=0.02|gamma=0.25,0.02,0.25,3,0,sms_fixed_reference,2.00044846534729
validate,Pneumothorax__Support Devices,Pneumothorax,Support Devices,anchor_plus_relational_witness,anchor_plus_relational_witness|r=0.02|gamma=0.25,0.02,0.25,3,0,ranking_disagreement,0.4664035141468048
validate,Pneumothorax__Support Devices,Pneumothorax,Support Devices,anchor_plus_relational_witness,anchor_plus_relational_witness|r=0.02|gamma=0.25,0.02,0.25,3,0,support_swap_flip_rate,0.0
validate,Pneumothorax__Support Devices,Pneumothorax,Support Devices,anchor_plus_relational_witness,anchor_plus_relational_witness|r=0.02|gamma=0.25,0.02,0.25,3,0,d0_auroc,0.49549999833106995
validate,Pneumothorax__Support Devices,Pneumothorax,Support Devices,anchor_plus_relational_witness,anchor_plus_relational_witness|r=0.02|gamma=0.25,0.02,0.25,3,0,d1_auroc,0.5038999915122986
validate,Pneumothorax__Support Devices,Pneumothorax,Support Devices,anchor_plus_relational_witness,anchor_plus_relational_witness|r=0.02|gamma=0.25,0.02,0.25,3,0,worst_nuisance_auroc,0.49549999833106995
validate,Pneumothorax__Support Devices,Pneumothorax,Support Devices,anchor_plus_relational_witness,anchor_plus_relational_witness|r=0.02|gamma=0.25,0.02,0.25,3,0,border_max_fraction,0.23499999940395355
test,Pneumothorax__Support Devices,Pneumothorax,Support Devices,anchor_plus_relational_witness,anchor_plus_relational_witness|r=0.02|gamma=0.25,0.02,0.25,3,0,auroc,0.49437499046325684
test,Pneumothorax__Support Devices,Pneumothorax,Support Devices,anchor_plus_relational_witness,anchor_plus_relational_witness|r=0.02|gamma=0.25,0.02,0.25,3,0,auprc,0.49911928176879883
test,Pneumothorax__Support Devices,Pneumothorax,Support Devices,anchor_plus_relational_witness,anchor_plus_relational_witness|r=0.02|gamma=0.25,0.02,0.25,3,0,f1,0.6666666865348816
test,Pneumothorax__Support Devices,Pneumothorax,Support Devices,anchor_plus_relational_witness,anchor_plus_relational_witness|r=0.02|gamma=0.25,0.02,0.25,3,0,brier,0.25002142786979675
test,Pneumothorax__Support Devices,Pneumothorax,Support Devices,anchor_plus_relational_witness,anchor_plus_relational_witness|r=0.02|gamma=0.25,0.02,0.25,3,0,ece,0.002902507781982422
test,Pneumothorax__Support Devices,Pneumothorax,Support Devices,anchor_plus_relational_witness,anchor_plus_relational_witness|r=0.02|gamma=0.25,0.02,0.25,3,0,sms_raw_logit,0.03733756020665169
test,Pneumothorax__Support Devices,Pneumothorax,Support Devices,anchor_plus_relational_witness,anchor_plus_relational_witness|r=0.02|gamma=0.25,0.02,0.25,3,0,sms_fixed_reference,2.0598697662353516
test,Pneumothorax__Support Devices,Pneumothorax,Support Devices,anchor_plus_relational_witness,anchor_plus_relational_witness|r=0.02|gamma=0.25,0.02,0.25,3,0,ranking_disagreement,0.4759398400783539
test,Pneumothorax__Support Devices,Pneumothorax,Support Devices,anchor_plus_relational_witness,anchor_plus_relational_witness|r=0.02|gamma=0.25,0.02,0.25,3,0,support_swap_flip_rate,0.0
test,Pneumothorax__Support Devices,Pneumothorax,Support Devices,anchor_plus_relational_witness,anchor_plus_relational_witness|r=0.02|gamma=0.25,0.02,0.25,3,0,d0_auroc,0.49549999833106995
test,Pneumothorax__Support Devices,Pneumothorax,Support Devices,anchor_plus_relational_witness,anchor_plus_relational_witness|r=0.02|gamma=0.25,0.02,0.25,3,0,d1_auroc,0.49410000443458557
test,Pneumothorax__Support Devices,Pneumothorax,Support Devices,anchor_plus_relational_witness,anchor_plus_relational_witness|r=0.02|gamma=0.25,0.02,0.25,3,0,worst_nuisance_auroc,0.49410000443458557
test,Pneumothorax__Support Devices,Pneumothorax,Support Devices,anchor_plus_relational_witness,anchor_plus_relational_witness|r=0.02|gamma=0.25,0.02,0.25,3,0,border_max_fraction,0.18250000476837158
validate,Pneumothorax__Support Devices,Pneumothorax,Support Devices,anchor_plus_relational_witness,anchor_plus_relational_witness|r=0.02|gamma=0.25,0.02,0.25,3,1,auroc,0.5193125009536743
validate,Pneumothorax__Support Devices,Pneumothorax,Support Devices,anchor_plus_relational_witness,anchor_plus_relational_witness|r=0.02|gamma=0.25,0.02,0.25,3,1,auprc,0.517444372177124
validate,Pneumothorax__Support Devices,Pneumothorax,Support Devices,anchor_plus_relational_witness,anchor_plus_relational_witness|r=0.02|gamma=0.25,0.02,0.25,3,1,f1,0.6666666865348816
validate,Pneumothorax__Support Devices,Pneumothorax,Support Devices,anchor_plus_relational_witness,anchor_plus_relational_witness|r=0.02|gamma=0.25,0.02,0.25,3,1,brier,0.249998077750206
validate,Pneumothorax__Support Devices,Pneumothorax,Support Devices,anchor_plus_relational_witness,anchor_plus_relational_witness|r=0.02|gamma=0.25,0.02,0.25,3,1,ece,0.002776622772216797
validate,Pneumothorax__Support Devices,Pneumothorax,Support Devices,anchor_plus_relational_witness,anchor_plus_relational_witness|r=0.02|gamma=0.25,0.02,0.25,3,1,sms_raw_logit,0.03834246098995209
validate,Pneumothorax__Support Devices,Pneumothorax,Support Devices,anchor_plus_relational_witness,anchor_plus_relational_witness|r=0.02|gamma=0.25,0.02,0.25,3,1,sms_fixed_reference,2.02908992767334
validate,Pneumothorax__Support Devices,Pneumothorax,Support Devices,anchor_plus_relational_witness,anchor_plus_relational_witness|r=0.02|gamma=0.25,0.02,0.25,3,1,ranking_disagreement,0.5097994804382324
validate,Pneumothorax__Support Devices,Pneumothorax,Support Devices,anchor_plus_relational_witness,anchor_plus_relational_witness|r=0.02|gamma=0.25,0.02,0.25,3,1,support_swap_flip_rate,0.0
validate,Pneumothorax__Support Devices,Pneumothorax,Support Devices,anchor_plus_relational_witness,anchor_plus_relational_witness|r=0.02|gamma=0.25,0.02,0.25,3,1,d0_auroc,0.501800000667572
validate,Pneumothorax__Support Devices,Pneumothorax,Support Devices,anchor_plus_relational_witness,anchor_plus_relational_witness|r=0.02|gamma=0.25,0.02,0.25,3,1,d1_auroc,0.5335999727249146
validate,Pneumothorax__Support Devices,Pneumothorax,Support Devices,anchor_plus_relational_witness,anchor_plus_relational_witness|r=0.02|gamma=0.25,0.02,0.25,3,1,worst_nuisance_auroc,0.501800000667572
validate,Pneumothorax__Support Devices,Pneumothorax,Support Devices,anchor_plus_relational_witness,anchor_plus_relational_witness|r=0.02|gamma=0.25,0.02,0.25,3,1,border_max_fraction,0.17249999940395355
test,Pneumothorax__Support Devices,Pneumothorax,Support Devices,anchor_plus_relational_witness,anchor_plus_relational_witness|r=0.02|gamma=0.25,0.02,0.25,3,1,auroc,0.542062520980835
test,Pneumothorax__Support Devices,Pneumothorax,Support Devices,anchor_plus_relational_witness,anchor_plus_relational_witness|r=0.02|gamma=0.25,0.02,0.25,3,1,auprc,0.5361360311508179
test,Pneumothorax__Support Devices,Pneumothorax,Support Devices,anchor_plus_relational_witness,anchor_plus_relational_witness|r=0.02|gamma=0.25,0.02,0.25,3,1,f1,0.6666666865348816
test,Pneumothorax__Support Devices,Pneumothorax,Support Devices,anchor_plus_relational_witness,anchor_plus_relational_witness|r=0.02|gamma=0.25,0.02,0.25,3,1,brier,0.2499624490737915
test,Pneumothorax__Support Devices,Pneumothorax,Support Devices,anchor_plus_relational_witness,anchor_plus_relational_witness|r=0.02|gamma=0.25,0.02,0.25,3,1,ece,0.0028985142707824707
test,Pneumothorax__Support Devices,Pneumothorax,Support Devices,anchor_plus_relational_witness,anchor_plus_relational_witness|r=0.02|gamma=0.25,0.02,0.25,3,1,sms_raw_logit,0.03616933897137642
test,Pneumothorax__Support Devices,Pneumothorax,Support Devices,anchor_plus_relational_witness,anchor_plus_relational_witness|r=0.02|gamma=0.25,0.02,0.25,3,1,sms_fixed_reference,1.91371750831604
test,Pneumothorax__Support Devices,Pneumothorax,Support Devices,anchor_plus_relational_witness,anchor_plus_relational_witness|r=0.02|gamma=0.25,0.02,0.25,3,1,ranking_disagreement,0.5224812030792236
test,Pneumothorax__Support Devices,Pneumothorax,Support Devices,anchor_plus_relational_witness,anchor_plus_relational_witness|r=0.02|gamma=0.25,0.02,0.25,3,1,support_swap_flip_rate,0.0
test,Pneumothorax__Support Devices,Pneumothorax,Support Devices,anchor_plus_relational_witness,anchor_plus_relational_witness|r=0.02|gamma=0.25,0.02,0.25,3,1,d0_auroc,0.5680999755859375
test,Pneumothorax__Support Devices,Pneumothorax,Support Devices,anchor_plus_relational_witness,anchor_plus_relational_witness|r=0.02|gamma=0.25,0.02,0.25,3,1,d1_auroc,0.5164499878883362
test,Pneumothorax__Support Devices,Pneumothorax,Support Devices,anchor_plus_relational_witness,anchor_plus_relational_witness|r=0.02|gamma=0.25,0.02,0.25,3,1,worst_nuisance_auroc,0.5164499878883362
test,Pneumothorax__Support Devices,Pneumothorax,Support Devices,anchor_plus_relational_witness,anchor_plus_relational_witness|r=0.02|gamma=0.25,0.02,0.25,3,1,border_max_fraction,0.19249999523162842
validate,Pneumothorax__Support Devices,Pneumothorax,Support Devices,anchor_plus_relational_witness,anchor_plus_relational_witness|r=0.02|gamma=0.25,0.02,0.25,3,2,auroc,0.5006124973297119
validate,Pneumothorax__Support Devices,Pneumothorax,Support Devices,anchor_plus_relational_witness,anchor_plus_relational_witness|r=0.02|gamma=0.25,0.02,0.25,3,2,auprc,0.5032214522361755
validate,Pneumothorax__Support Devices,Pneumothorax,Support Devices,anchor_plus_relational_witness,anchor_plus_relational_witness|r=0.02|gamma=0.25,0.02,0.25,3,2,f1,0.6666666865348816
validate,Pneumothorax__Support Devices,Pneumothorax,Support Devices,anchor_plus_relational_witness,anchor_plus_relational_witness|r=0.02|gamma=0.25,0.02,0.25,3,2,brier,0.25001150369644165
validate,Pneumothorax__Support Devices,Pneumothorax,Support Devices,anchor_plus_relational_witness,anchor_plus_relational_witness|r=0.02|gamma=0.25,0.02,0.25,3,2,ece,0.0028818249702453613
validate,Pneumothorax__Support Devices,Pneumothorax,Support Devices,anchor_plus_relational_witness,anchor_plus_relational_witness|r=0.02|gamma=0.25,0.02,0.25,3,2,sms_raw_logit,0.036966267973184586
validate,Pneumothorax__Support Devices,Pneumothorax,Support Devices,anchor_plus_relational_witness,anchor_plus_relational_witness|r=0.02|gamma=0.25,0.02,0.25,3,2,sms_fixed_reference,2.012561321258545
validate,Pneumothorax__Support Devices,Pneumothorax,Support Devices,anchor_plus_relational_witness,anchor_plus_relational_witness|r=0.02|gamma=0.25,0.02,0.25,3,2,ranking_disagreement,0.502030074596405
validate,Pneumothorax__Support Devices,Pneumothorax,Support Devices,anchor_plus_relational_witness,anchor_plus_relational_witness|r=0.02|gamma=0.25,0.02,0.25,3,2,support_swap_flip_rate,0.0
validate,Pneumothorax__Support Devices,Pneumothorax,Support Devices,anchor_plus_relational_witness,anchor_plus_relational_witness|r=0.02|gamma=0.25,0.02,0.25,3,2,d0_auroc,0.5065000057220459
validate,Pneumothorax__Support Devices,Pneumothorax,Support Devices,anchor_plus_relational_witness,anchor_plus_relational_witness|r=0.02|gamma=0.25,0.02,0.25,3,2,d1_auroc,0.49570000171661377
validate,Pneumothorax__Support Devices,Pneumothorax,Support Devices,anchor_plus_relational_witness,anchor_plus_relational_witness|r=0.02|gamma=0.25,0.02,0.25,3,2,worst_nuisance_auroc,0.49570000171661377
validate,Pneumothorax__Support Devices,Pneumothorax,Support Devices,anchor_plus_relational_witness,anchor_plus_relational_witness|r=0.02|gamma=0.25,0.02,0.25,3,2,border_max_fraction,0.20499999821186066
test,Pneumothorax__Support Devices,Pneumothorax,Support Devices,anchor_plus_relational_witness,anchor_plus_relational_witness|r=0.02|gamma=0.25,0.02,0.25,3,2,auroc,0.5499625205993652
test,Pneumothorax__Support Devices,Pneumothorax,Support Devices,anchor_plus_relational_witness,anchor_plus_relational_witness|r=0.02|gamma=0.25,0.02,0.25,3,2,auprc,0.5610546469688416
test,Pneumothorax__Support Devices,Pneumothorax,Support Devices,anchor_plus_relational_witness,anchor_plus_relational_witness|r=0.02|gamma=0.25,0.02,0.25,3,2,f1,0.6666666865348816
test,Pneumothorax__Support Devices,Pneumothorax,Support Devices,anchor_plus_relational_witness,anchor_plus_relational_witness|r=0.02|gamma=0.25,0.02,0.25,3,2,brier,0.24994368851184845
test,Pneumothorax__Support Devices,Pneumothorax,Support Devices,anchor_plus_relational_witness,anchor_plus_relational_witness|r=0.02|gamma=0.25,0.02,0.25,3,2,ece,0.0028676390647888184
test,Pneumothorax__Support Devices,Pneumothorax,Support Devices,anchor_plus_relational_witness,anchor_plus_relational_witness|r=0.02|gamma=0.25,0.02,0.25,3,2,sms_raw_logit,0.03689238429069519
test,Pneumothorax__Support Devices,Pneumothorax,Support Devices,anchor_plus_relational_witness,anchor_plus_relational_witness|r=0.02|gamma=0.25,0.02,0.25,3,2,sms_fixed_reference,1.874238133430481
test,Pneumothorax__Support Devices,Pneumothorax,Support Devices,anchor_plus_relational_witness,anchor_plus_relational_witness|r=0.02|gamma=0.25,0.02,0.25,3,2,ranking_disagreement,0.4892982542514801
test,Pneumothorax__Support Devices,Pneumothorax,Support Devices,anchor_plus_relational_witness,anchor_plus_relational_witness|r=0.02|gamma=0.25,0.02,0.25,3,2,support_swap_flip_rate,0.0
test,Pneumothorax__Support Devices,Pneumothorax,Support Devices,anchor_plus_relational_witness,anchor_plus_relational_witness|r=0.02|gamma=0.25,0.02,0.25,3,2,d0_auroc,0.5465999841690063
test,Pneumothorax__Support Devices,Pneumothorax,Support Devices,anchor_plus_relational_witness,anchor_plus_relational_witness|r=0.02|gamma=0.25,0.02,0.25,3,2,d1_auroc,0.5493999719619751
test,Pneumothorax__Support Devices,Pneumothorax,Support Devices,anchor_plus_relational_witness,anchor_plus_relational_witness|r=0.02|gamma=0.25,0.02,0.25,3,2,worst_nuisance_auroc,0.5465999841690063
test,Pneumothorax__Support Devices,Pneumothorax,Support Devices,anchor_plus_relational_witness,anchor_plus_relational_witness|r=0.02|gamma=0.25,0.02,0.25,3,2,border_max_fraction,0.1574999988079071
validate,Pneumothorax__Support Devices,Pneumothorax,Support Devices,anchor_plus_relational_witness,anchor_plus_relational_witness|r=0.02|gamma=0.25,0.02,0.25,3,3,auroc,0.5313249826431274
validate,Pneumothorax__Support Devices,Pneumothorax,Support Devices,anchor_plus_relational_witness,anchor_plus_relational_witness|r=0.02|gamma=0.25,0.02,0.25,3,3,auprc,0.5297290086746216
validate,Pneumothorax__Support Devices,Pneumothorax,Support Devices,anchor_plus_relational_witness,anchor_plus_relational_witness|r=0.02|gamma=0.25,0.02,0.25,3,3,f1,0.6666666865348816
validate,Pneumothorax__Support Devices,Pneumothorax,Support Devices,anchor_plus_relational_witness,anchor_plus_relational_witness|r=0.02|gamma=0.25,0.02,0.25,3,3,brier,0.24998338520526886
validate,Pneumothorax__Support Devices,Pneumothorax,Support Devices,anchor_plus_relational_witness,anchor_plus_relational_witness|r=0.02|gamma=0.25,0.02,0.25,3,3,ece,0.0028505921363830566
validate,Pneumothorax__Support Devices,Pneumothorax,Support Devices,anchor_plus_relational_witness,anchor_plus_relational_witness|r=0.02|gamma=0.25,0.02,0.25,3,3,sms_raw_logit,0.038864247500896454
validate,Pneumothorax__Support Devices,Pneumothorax,Support Devices,anchor_plus_relational_witness,anchor_plus_relational_witness|r=0.02|gamma=0.25,0.02,0.25,3,3,sms_fixed_reference,2.070659875869751
validate,Pneumothorax__Support Devices,Pneumothorax,Support Devices,anchor_plus_relational_witness,anchor_plus_relational_witness|r=0.02|gamma=0.25,0.02,0.25,3,3,ranking_disagreement,0.5153007507324219
validate,Pneumothorax__Support Devices,Pneumothorax,Support Devices,anchor_plus_relational_witness,anchor_plus_relational_witness|r=0.02|gamma=0.25,0.02,0.25,3,3,support_swap_flip_rate,0.0
validate,Pneumothorax__Support Devices,Pneumothorax,Support Devices,anchor_plus_relational_witness,anchor_plus_relational_witness|r=0.02|gamma=0.25,0.02,0.25,3,3,d0_auroc,0.5242999792098999
validate,Pneumothorax__Support Devices,Pneumothorax,Support Devices,anchor_plus_relational_witness,anchor_plus_relational_witness|r=0.02|gamma=0.25,0.02,0.25,3,3,d1_auroc,0.5364000201225281
validate,Pneumothorax__Support Devices,Pneumothorax,Support Devices,anchor_plus_relational_witness,anchor_plus_relational_witness|r=0.02|gamma=0.25,0.02,0.25,3,3,worst_nuisance_auroc,0.5242999792098999
validate,Pneumothorax__Support Devices,Pneumothorax,Support Devices,anchor_plus_relational_witness,anchor_plus_relational_witness|r=0.02|gamma=0.25,0.02,0.25,3,3,border_max_fraction,0.16500000655651093
test,Pneumothorax__Support Devices,Pneumothorax,Support Devices,anchor_plus_relational_witness,anchor_plus_relational_witness|r=0.02|gamma=0.25,0.02,0.25,3,3,auroc,0.5075250267982483
test,Pneumothorax__Support Devices,Pneumothorax,Support Devices,anchor_plus_relational_witness,anchor_plus_relational_witness|r=0.02|gamma=0.25,0.02,0.25,3,3,auprc,0.5430970191955566
test,Pneumothorax__Support Devices,Pneumothorax,Support Devices,anchor_plus_relational_witness,anchor_plus_relational_witness|r=0.02|gamma=0.25,0.02,0.25,3,3,f1,0.6666666865348816
test,Pneumothorax__Support Devices,Pneumothorax,Support Devices,anchor_plus_relational_witness,anchor_plus_relational_witness|r=0.02|gamma=0.25,0.02,0.25,3,3,brier,0.24999599158763885
test,Pneumothorax__Support Devices,Pneumothorax,Support Devices,anchor_plus_relational_witness,anchor_plus_relational_witness|r=0.02|gamma=0.25,0.02,0.25,3,3,ece,0.0029695630073547363
test,Pneumothorax__Support Devices,Pneumothorax,Support Devices,anchor_plus_relational_witness,anchor_plus_relational_witness|r=0.02|gamma=0.25,0.02,0.25,3,3,sms_raw_logit,0.036896273493766785
test,Pneumothorax__Support Devices,Pneumothorax,Support Devices,anchor_plus_relational_witness,anchor_plus_relational_witness|r=0.02|gamma=0.25,0.02,0.25,3,3,sms_fixed_reference,1.8504462242126465
test,Pneumothorax__Support Devices,Pneumothorax,Support Devices,anchor_plus_relational_witness,anchor_plus_relational_witness|r=0.02|gamma=0.25,0.02,0.25,3,3,ranking_disagreement,0.49005627632141113
test,Pneumothorax__Support Devices,Pneumothorax,Support Devices,anchor_plus_relational_witness,anchor_plus_relational_witness|r=0.02|gamma=0.25,0.02,0.25,3,3,support_swap_flip_rate,0.0
test,Pneumothorax__Support Devices,Pneumothorax,Support Devices,anchor_plus_relational_witness,anchor_plus_relational_witness|r=0.02|gamma=0.25,0.02,0.25,3,3,d0_auroc,0.508899986743927
test,Pneumothorax__Support Devices,Pneumothorax,Support Devices,anchor_plus_relational_witness,anchor_plus_relational_witness|r=0.02|gamma=0.25,0.02,0.25,3,3,d1_auroc,0.5081499814987183
test,Pneumothorax__Support Devices,Pneumothorax,Support Devices,anchor_plus_relational_witness,anchor_plus_relational_witness|r=0.02|gamma=0.25,0.02,0.25,3,3,worst_nuisance_auroc,0.5081499814987183
test,Pneumothorax__Support Devices,Pneumothorax,Support Devices,anchor_plus_relational_witness,anchor_plus_relational_witness|r=0.02|gamma=0.25,0.02,0.25,3,3,border_max_fraction,0.17000000178813934
validate,Pneumothorax__Support Devices,Pneumothorax,Support Devices,anchor_plus_relational_witness,anchor_plus_relational_witness|r=0.02|gamma=0.25,0.02,0.25,3,4,auroc,0.5148500204086304
validate,Pneumothorax__Support Devices,Pneumothorax,Support Devices,anchor_plus_relational_witness,anchor_plus_relational_witness|r=0.02|gamma=0.25,0.02,0.25,3,4,auprc,0.544481635093689
validate,Pneumothorax__Support Devices,Pneumothorax,Support Devices,anchor_plus_relational_witness,anchor_plus_relational_witness|r=0.02|gamma=0.25,0.02,0.25,3,4,f1,0.6666666865348816
validate,Pneumothorax__Support Devices,Pneumothorax,Support Devices,anchor_plus_relational_witness,anchor_plus_relational_witness|r=0.02|gamma=0.25,0.02,0.25,3,4,brier,0.24999333918094635
validate,Pneumothorax__Support Devices,Pneumothorax,Support Devices,anchor_plus_relational_witness,anchor_plus_relational_witness|r=0.02|gamma=0.25,0.02,0.25,3,4,ece,0.0029019713401794434
validate,Pneumothorax__Support Devices,Pneumothorax,Support Devices,anchor_plus_relational_witness,anchor_plus_relational_witness|r=0.02|gamma=0.25,0.02,0.25,3,4,sms_raw_logit,0.03892099857330322
validate,Pneumothorax__Support Devices,Pneumothorax,Support Devices,anchor_plus_relational_witness,anchor_plus_relational_witness|r=0.02|gamma=0.25,0.02,0.25,3,4,sms_fixed_reference,2.2021076679229736
validate,Pneumothorax__Support Devices,Pneumothorax,Support Devices,anchor_plus_relational_witness,anchor_plus_relational_witness|r=0.02|gamma=0.25,0.02,0.25,3,4,ranking_disagreement,0.48716792464256287
validate,Pneumothorax__Support Devices,Pneumothorax,Support Devices,anchor_plus_relational_witness,anchor_plus_relational_witness|r=0.02|gamma=0.25,0.02,0.25,3,4,support_swap_flip_rate,0.0
validate,Pneumothorax__Support Devices,Pneumothorax,Support Devices,anchor_plus_relational_witness,anchor_plus_relational_witness|r=0.02|gamma=0.25,0.02,0.25,3,4,d0_auroc,0.476500004529953
validate,Pneumothorax__Support Devices,Pneumothorax,Support Devices,anchor_plus_relational_witness,anchor_plus_relational_witness|r=0.02|gamma=0.25,0.02,0.25,3,4,d1_auroc,0.554099977016449
validate,Pneumothorax__Support Devices,Pneumothorax,Support Devices,anchor_plus_relational_witness,anchor_plus_relational_witness|r=0.02|gamma=0.25,0.02,0.25,3,4,worst_nuisance_auroc,0.476500004529953
validate,Pneumothorax__Support Devices,Pneumothorax,Support Devices,anchor_plus_relational_witness,anchor_plus_relational_witness|r=0.02|gamma=0.25,0.02,0.25,3,4,border_max_fraction,0.16500000655651093
test,Pneumothorax__Support Devices,Pneumothorax,Support Devices,anchor_plus_relational_witness,anchor_plus_relational_witness|r=0.02|gamma=0.25,0.02,0.25,3,4,auroc,0.4897249937057495
test,Pneumothorax__Support Devices,Pneumothorax,Support Devices,anchor_plus_relational_witness,anchor_plus_relational_witness|r=0.02|gamma=0.25,0.02,0.25,3,4,auprc,0.5046767592430115
test,Pneumothorax__Support Devices,Pneumothorax,Support Devices,anchor_plus_relational_witness,anchor_plus_relational_witness|r=0.02|gamma=0.25,0.02,0.25,3,4,f1,0.6666666865348816
test,Pneumothorax__Support Devices,Pneumothorax,Support Devices,anchor_plus_relational_witness,anchor_plus_relational_witness|r=0.02|gamma=0.25,0.02,0.25,3,4,brier,0.25001704692840576
test,Pneumothorax__Support Devices,Pneumothorax,Support Devices,anchor_plus_relational_witness,anchor_plus_relational_witness|r=0.02|gamma=0.25,0.02,0.25,3,4,ece,0.002872645854949951
test,Pneumothorax__Support Devices,Pneumothorax,Support Devices,anchor_plus_relational_witness,anchor_plus_relational_witness|r=0.02|gamma=0.25,0.02,0.25,3,4,sms_raw_logit,0.03666786849498749
test,Pneumothorax__Support Devices,Pneumothorax,Support Devices,anchor_plus_relational_witness,anchor_plus_relational_witness|r=0.02|gamma=0.25,0.02,0.25,3,4,sms_fixed_reference,2.018890142440796
test,Pneumothorax__Support Devices,Pneumothorax,Support Devices,anchor_plus_relational_witness,anchor_plus_relational_witness|r=0.02|gamma=0.25,0.02,0.25,3,4,ranking_disagreement,0.4881954789161682
test,Pneumothorax__Support Devices,Pneumothorax,Support Devices,anchor_plus_relational_witness,anchor_plus_relational_witness|r=0.02|gamma=0.25,0.02,0.25,3,4,support_swap_flip_rate,0.0
test,Pneumothorax__Support Devices,Pneumothorax,Support Devices,anchor_plus_relational_witness,anchor_plus_relational_witness|r=0.02|gamma=0.25,0.02,0.25,3,4,d0_auroc,0.4664500057697296
test,Pneumothorax__Support Devices,Pneumothorax,Support Devices,anchor_plus_relational_witness,anchor_plus_relational_witness|r=0.02|gamma=0.25,0.02,0.25,3,4,d1_auroc,0.5145000219345093
test,Pneumothorax__Support Devices,Pneumothorax,Support Devices,anchor_plus_relational_witness,anchor_plus_relational_witness|r=0.02|gamma=0.25,0.02,0.25,3,4,worst_nuisance_auroc,0.4664500057697296
test,Pneumothorax__Support Devices,Pneumothorax,Support Devices,anchor_plus_relational_witness,anchor_plus_relational_witness|r=0.02|gamma=0.25,0.02,0.25,3,4,border_max_fraction,0.18000000715255737
validate,Pneumothorax__Support Devices,Pneumothorax,Support Devices,anchor_plus_relational_witness,anchor_plus_relational_witness|r=0.02|gamma=0.5,0.02,0.5,3,0,auroc,0.49584999680519104
validate,Pneumothorax__Support Devices,Pneumothorax,Support Devices,anchor_plus_relational_witness,anchor_plus_relational_witness|r=0.02|gamma=0.5,0.02,0.5,3,0,auprc,0.4961591362953186
validate,Pneumothorax__Support Devices,Pneumothorax,Support Devices,anchor_plus_relational_witness,anchor_plus_relational_witness|r=0.02|gamma=0.5,0.02,0.5,3,0,f1,0.6666666865348816
validate,Pneumothorax__Support Devices,Pneumothorax,Support Devices,anchor_plus_relational_witness,anchor_plus_relational_witness|r=0.02|gamma=0.5,0.02,0.5,3,0,brier,0.25004786252975464
validate,Pneumothorax__Support Devices,Pneumothorax,Support Devices,anchor_plus_relational_witness,anchor_plus_relational_witness|r=0.02|gamma=0.5,0.02,0.5,3,0,ece,0.005720853805541992
validate,Pneumothorax__Support Devices,Pneumothorax,Support Devices,anchor_plus_relational_witness,anchor_plus_relational_witness|r=0.02|gamma=0.5,0.02,0.5,3,0,sms_raw_logit,0.07091894745826721
validate,Pneumothorax__Support Devices,Pneumothorax,Support Devices,anchor_plus_relational_witness,anchor_plus_relational_witness|r=0.02|gamma=0.5,0.02,0.5,3,0,sms_fixed_reference,3.872673273086548
validate,Pneumothorax__Support Devices,Pneumothorax,Support Devices,anchor_plus_relational_witness,anchor_plus_relational_witness|r=0.02|gamma=0.5,0.02,0.5,3,0,ranking_disagreement,0.465350866317749
validate,Pneumothorax__Support Devices,Pneumothorax,Support Devices,anchor_plus_relational_witness,anchor_plus_relational_witness|r=0.02|gamma=0.5,0.02,0.5,3,0,support_swap_flip_rate,0.0
validate,Pneumothorax__Support Devices,Pneumothorax,Support Devices,anchor_plus_relational_witness,anchor_plus_relational_witness|r=0.02|gamma=0.5,0.02,0.5,3,0,d0_auroc,0.49050000309944153
validate,Pneumothorax__Support Devices,Pneumothorax,Support Devices,anchor_plus_relational_witness,anchor_plus_relational_witness|r=0.02|gamma=0.5,0.02,0.5,3,0,d1_auroc,0.49720001220703125
validate,Pneumothorax__Support Devices,Pneumothorax,Support Devices,anchor_plus_relational_witness,anchor_plus_relational_witness|r=0.02|gamma=0.5,0.02,0.5,3,0,worst_nuisance_auroc,0.49050000309944153
validate,Pneumothorax__Support Devices,Pneumothorax,Support Devices,anchor_plus_relational_witness,anchor_plus_relational_witness|r=0.02|gamma=0.5,0.02,0.5,3,0,border_max_fraction,0.23499999940395355
test,Pneumothorax__Support Devices,Pneumothorax,Support Devices,anchor_plus_relational_witness,anchor_plus_relational_witness|r=0.02|gamma=0.5,0.02,0.5,3,0,auroc,0.492962509393692
test,Pneumothorax__Support Devices,Pneumothorax,Support Devices,anchor_plus_relational_witness,anchor_plus_relational_witness|r=0.02|gamma=0.5,0.02,0.5,3,0,auprc,0.4977213740348816
test,Pneumothorax__Support Devices,Pneumothorax,Support Devices,anchor_plus_relational_witness,anchor_plus_relational_witness|r=0.02|gamma=0.5,0.02,0.5,3,0,f1,0.6666666865348816
test,Pneumothorax__Support Devices,Pneumothorax,Support Devices,anchor_plus_relational_witness,anchor_plus_relational_witness|r=0.02|gamma=0.5,0.02,0.5,3,0,brier,0.25006231665611267
test,Pneumothorax__Support Devices,Pneumothorax,Support Devices,anchor_plus_relational_witness,anchor_plus_relational_witness|r=0.02|gamma=0.5,0.02,0.5,3,0,ece,0.00580143928527832
test,Pneumothorax__Support Devices,Pneumothorax,Support Devices,anchor_plus_relational_witness,anchor_plus_relational_witness|r=0.02|gamma=0.5,0.02,0.5,3,0,sms_raw_logit,0.07289426028728485
test,Pneumothorax__Support Devices,Pneumothorax,Support Devices,anchor_plus_relational_witness,anchor_plus_relational_witness|r=0.02|gamma=0.5,0.02,0.5,3,0,sms_fixed_reference,4.021491527557373
test,Pneumothorax__Support Devices,Pneumothorax,Support Devices,anchor_plus_relational_witness,anchor_plus_relational_witness|r=0.02|gamma=0.5,0.02,0.5,3,0,ranking_disagreement,0.4758521318435669
test,Pneumothorax__Support Devices,Pneumothorax,Support Devices,anchor_plus_relational_witness,anchor_plus_relational_witness|r=0.02|gamma=0.5,0.02,0.5,3,0,support_swap_flip_rate,0.0
test,Pneumothorax__Support Devices,Pneumothorax,Support Devices,anchor_plus_relational_witness,anchor_plus_relational_witness|r=0.02|gamma=0.5,0.02,0.5,3,0,d0_auroc,0.4955500066280365
test,Pneumothorax__Support Devices,Pneumothorax,Support Devices,anchor_plus_relational_witness,anchor_plus_relational_witness|r=0.02|gamma=0.5,0.02,0.5,3,0,d1_auroc,0.4934999942779541
test,Pneumothorax__Support Devices,Pneumothorax,Support Devices,anchor_plus_relational_witness,anchor_plus_relational_witness|r=0.02|gamma=0.5,0.02,0.5,3,0,worst_nuisance_auroc,0.4934999942779541
test,Pneumothorax__Support Devices,Pneumothorax,Support Devices,anchor_plus_relational_witness,anchor_plus_relational_witness|r=0.02|gamma=0.5,0.02,0.5,3,0,border_max_fraction,0.18250000476837158
validate,Pneumothorax__Support Devices,Pneumothorax,Support Devices,anchor_plus_relational_witness,anchor_plus_relational_witness|r=0.02|gamma=0.5,0.02,0.5,3,1,auroc,0.5169249773025513
validate,Pneumothorax__Support Devices,Pneumothorax,Support Devices,anchor_plus_relational_witness,anchor_plus_relational_witness|r=0.02|gamma=0.5,0.02,0.5,3,1,auprc,0.5164136290550232
validate,Pneumothorax__Support Devices,Pneumothorax,Support Devices,anchor_plus_relational_witness,anchor_plus_relational_witness|r=0.02|gamma=0.5,0.02,0.5,3,1,f1,0.6666666865348816
validate,Pneumothorax__Support Devices,Pneumothorax,Support Devices,anchor_plus_relational_witness,anchor_plus_relational_witness|r=0.02|gamma=0.5,0.02,0.5,3,1,brier,0.250018835067749
validate,Pneumothorax__Support Devices,Pneumothorax,Support Devices,anchor_plus_relational_witness,anchor_plus_relational_witness|r=0.02|gamma=0.5,0.02,0.5,3,1,ece,0.005554676055908203
validate,Pneumothorax__Support Devices,Pneumothorax,Support Devices,anchor_plus_relational_witness,anchor_plus_relational_witness|r=0.02|gamma=0.5,0.02,0.5,3,1,sms_raw_logit,0.0752459242939949
validate,Pneumothorax__Support Devices,Pneumothorax,Support Devices,anchor_plus_relational_witness,anchor_plus_relational_witness|r=0.02|gamma=0.5,0.02,0.5,3,1,sms_fixed_reference,3.982027769088745
validate,Pneumothorax__Support Devices,Pneumothorax,Support Devices,anchor_plus_relational_witness,anchor_plus_relational_witness|r=0.02|gamma=0.5,0.02,0.5,3,1,ranking_disagreement,0.5097744464874268
validate,Pneumothorax__Support Devices,Pneumothorax,Support Devices,anchor_plus_relational_witness,anchor_plus_relational_witness|r=0.02|gamma=0.5,0.02,0.5,3,1,support_swap_flip_rate,0.0
validate,Pneumothorax__Support Devices,Pneumothorax,Support Devices,anchor_plus_relational_witness,anchor_plus_relational_witness|r=0.02|gamma=0.5,0.02,0.5,3,1,d0_auroc,0.5001999735832214
validate,Pneumothorax__Support Devices,Pneumothorax,Support Devices,anchor_plus_relational_witness,anchor_plus_relational_witness|r=0.02|gamma=0.5,0.02,0.5,3,1,d1_auroc,0.5317500233650208
validate,Pneumothorax__Support Devices,Pneumothorax,Support Devices,anchor_plus_relational_witness,anchor_plus_relational_witness|r=0.02|gamma=0.5,0.02,0.5,3,1,worst_nuisance_auroc,0.5001999735832214
validate,Pneumothorax__Support Devices,Pneumothorax,Support Devices,anchor_plus_relational_witness,anchor_plus_relational_witness|r=0.02|gamma=0.5,0.02,0.5,3,1,border_max_fraction,0.17249999940395355
test,Pneumothorax__Support Devices,Pneumothorax,Support Devices,anchor_plus_relational_witness,anchor_plus_relational_witness|r=0.02|gamma=0.5,0.02,0.5,3,1,auroc,0.5400875210762024
test,Pneumothorax__Support Devices,Pneumothorax,Support Devices,anchor_plus_relational_witness,anchor_plus_relational_witness|r=0.02|gamma=0.5,0.02,0.5,3,1,auprc,0.5368819236755371
test,Pneumothorax__Support Devices,Pneumothorax,Support Devices,anchor_plus_relational_witness,anchor_plus_relational_witness|r=0.02|gamma=0.5,0.02,0.5,3,1,f1,0.6666666865348816
test,Pneumothorax__Support Devices,Pneumothorax,Support Devices,anchor_plus_relational_witness,anchor_plus_relational_witness|r=0.02|gamma=0.5,0.02,0.5,3,1,brier,0.24994808435440063
test,Pneumothorax__Support Devices,Pneumothorax,Support Devices,anchor_plus_relational_witness,anchor_plus_relational_witness|r=0.02|gamma=0.5,0.02,0.5,3,1,ece,0.005795836448669434
test,Pneumothorax__Support Devices,Pneumothorax,Support Devices,anchor_plus_relational_witness,anchor_plus_relational_witness|r=0.02|gamma=0.5,0.02,0.5,3,1,sms_raw_logit,0.07066095620393753
test,Pneumothorax__Support Devices,Pneumothorax,Support Devices,anchor_plus_relational_witness,anchor_plus_relational_witness|r=0.02|gamma=0.5,0.02,0.5,3,1,sms_fixed_reference,3.7386670112609863
test,Pneumothorax__Support Devices,Pneumothorax,Support Devices,anchor_plus_relational_witness,anchor_plus_relational_witness|r=0.02|gamma=0.5,0.02,0.5,3,1,ranking_disagreement,0.5244361162185669
test,Pneumothorax__Support Devices,Pneumothorax,Support Devices,anchor_plus_relational_witness,anchor_plus_relational_witness|r=0.02|gamma=0.5,0.02,0.5,3,1,support_swap_flip_rate,0.0
test,Pneumothorax__Support Devices,Pneumothorax,Support Devices,anchor_plus_relational_witness,anchor_plus_relational_witness|r=0.02|gamma=0.5,0.02,0.5,3,1,d0_auroc,0.5659000277519226
test,Pneumothorax__Support Devices,Pneumothorax,Support Devices,anchor_plus_relational_witness,anchor_plus_relational_witness|r=0.02|gamma=0.5,0.02,0.5,3,1,d1_auroc,0.5148000121116638
test,Pneumothorax__Support Devices,Pneumothorax,Support Devices,anchor_plus_relational_witness,anchor_plus_relational_witness|r=0.02|gamma=0.5,0.02,0.5,3,1,worst_nuisance_auroc,0.5148000121116638
test,Pneumothorax__Support Devices,Pneumothorax,Support Devices,anchor_plus_relational_witness,anchor_plus_relational_witness|r=0.02|gamma=0.5,0.02,0.5,3,1,border_max_fraction,0.19249999523162842
validate,Pneumothorax__Support Devices,Pneumothorax,Support Devices,anchor_plus_relational_witness,anchor_plus_relational_witness|r=0.02|gamma=0.5,0.02,0.5,3,2,auroc,0.4975000023841858
validate,Pneumothorax__Support Devices,Pneumothorax,Support Devices,anchor_plus_relational_witness,anchor_plus_relational_witness|r=0.02|gamma=0.5,0.02,0.5,3,2,auprc,0.500954270362854
validate,Pneumothorax__Support Devices,Pneumothorax,Support Devices,anchor_plus_relational_witness,anchor_plus_relational_witness|r=0.02|gamma=0.5,0.02,0.5,3,2,f1,0.6666666865348816
validate,Pneumothorax__Support Devices,Pneumothorax,Support Devices,anchor_plus_relational_witness,anchor_plus_relational_witness|r=0.02|gamma=0.5,0.02,0.5,3,2,brier,0.2500467598438263
validate,Pneumothorax__Support Devices,Pneumothorax,Support Devices,anchor_plus_relational_witness,anchor_plus_relational_witness|r=0.02|gamma=0.5,0.02,0.5,3,2,ece,0.0057708024978637695
validate,Pneumothorax__Support Devices,Pneumothorax,Support Devices,anchor_plus_relational_witness,anchor_plus_relational_witness|r=0.02|gamma=0.5,0.02,0.5,3,2,sms_raw_logit,0.07200649380683899
validate,Pneumothorax__Support Devices,Pneumothorax,Support Devices,anchor_plus_relational_witness,anchor_plus_relational_witness|r=0.02|gamma=0.5,0.02,0.5,3,2,sms_fixed_reference,3.920262575149536
validate,Pneumothorax__Support Devices,Pneumothorax,Support Devices,anchor_plus_relational_witness,anchor_plus_relational_witness|r=0.02|gamma=0.5,0.02,0.5,3,2,ranking_disagreement,0.5019047856330872
validate,Pneumothorax__Support Devices,Pneumothorax,Support Devices,anchor_plus_relational_witness,anchor_plus_relational_witness|r=0.02|gamma=0.5,0.02,0.5,3,2,support_swap_flip_rate,0.0
validate,Pneumothorax__Support Devices,Pneumothorax,Support Devices,anchor_plus_relational_witness,anchor_plus_relational_witness|r=0.02|gamma=0.5,0.02,0.5,3,2,d0_auroc,0.5044999718666077
validate,Pneumothorax__Support Devices,Pneumothorax,Support Devices,anchor_plus_relational_witness,anchor_plus_relational_witness|r=0.02|gamma=0.5,0.02,0.5,3,2,d1_auroc,0.49000000953674316
validate,Pneumothorax__Support Devices,Pneumothorax,Support Devices,anchor_plus_relational_witness,anchor_plus_relational_witness|r=0.02|gamma=0.5,0.02,0.5,3,2,worst_nuisance_auroc,0.49000000953674316
validate,Pneumothorax__Support Devices,Pneumothorax,Support Devices,anchor_plus_relational_witness,anchor_plus_relational_witness|r=0.02|gamma=0.5,0.02,0.5,3,2,border_max_fraction,0.20499999821186066
test,Pneumothorax__Support Devices,Pneumothorax,Support Devices,anchor_plus_relational_witness,anchor_plus_relational_witness|r=0.02|gamma=0.5,0.02,0.5,3,2,auroc,0.5503249764442444
test,Pneumothorax__Support Devices,Pneumothorax,Support Devices,anchor_plus_relational_witness,anchor_plus_relational_witness|r=0.02|gamma=0.5,0.02,0.5,3,2,auprc,0.557305634021759
test,Pneumothorax__Support Devices,Pneumothorax,Support Devices,anchor_plus_relational_witness,anchor_plus_relational_witness|r=0.02|gamma=0.5,0.02,0.5,3,2,f1,0.6666666865348816
test,Pneumothorax__Support Devices,Pneumothorax,Support Devices,anchor_plus_relational_witness,anchor_plus_relational_witness|r=0.02|gamma=0.5,0.02,0.5,3,2,brier,0.24990926682949066
test,Pneumothorax__Support Devices,Pneumothorax,Support Devices,anchor_plus_relational_witness,anchor_plus_relational_witness|r=0.02|gamma=0.5,0.02,0.5,3,2,ece,0.005737125873565674
test,Pneumothorax__Support Devices,Pneumothorax,Support Devices,anchor_plus_relational_witness,anchor_plus_relational_witness|r=0.02|gamma=0.5,0.02,0.5,3,2,sms_raw_logit,0.07107685506343842
test,Pneumothorax__Support Devices,Pneumothorax,Support Devices,anchor_plus_relational_witness,anchor_plus_relational_witness|r=0.02|gamma=0.5,0.02,0.5,3,2,sms_fixed_reference,3.6109066009521484
test,Pneumothorax__Support Devices,Pneumothorax,Support Devices,anchor_plus_relational_witness,anchor_plus_relational_witness|r=0.02|gamma=0.5,0.02,0.5,3,2,ranking_disagreement,0.48625314235687256
test,Pneumothorax__Support Devices,Pneumothorax,Support Devices,anchor_plus_relational_witness,anchor_plus_relational_witness|r=0.02|gamma=0.5,0.02,0.5,3,2,support_swap_flip_rate,0.0
test,Pneumothorax__Support Devices,Pneumothorax,Support Devices,anchor_plus_relational_witness,anchor_plus_relational_witness|r=0.02|gamma=0.5,0.02,0.5,3,2,d0_auroc,0.5440999865531921
test,Pneumothorax__Support Devices,Pneumothorax,Support Devices,anchor_plus_relational_witness,anchor_plus_relational_witness|r=0.02|gamma=0.5,0.02,0.5,3,2,d1_auroc,0.5526999831199646
test,Pneumothorax__Support Devices,Pneumothorax,Support Devices,anchor_plus_relational_witness,anchor_plus_relational_witness|r=0.02|gamma=0.5,0.02,0.5,3,2,worst_nuisance_auroc,0.5440999865531921
test,Pneumothorax__Support Devices,Pneumothorax,Support Devices,anchor_plus_relational_witness,anchor_plus_relational_witness|r=0.02|gamma=0.5,0.02,0.5,3,2,border_max_fraction,0.1574999988079071
validate,Pneumothorax__Support Devices,Pneumothorax,Support Devices,anchor_plus_relational_witness,anchor_plus_relational_witness|r=0.02|gamma=0.5,0.02,0.5,3,3,auroc,0.5302749872207642
validate,Pneumothorax__Support Devices,Pneumothorax,Support Devices,anchor_plus_relational_witness,anchor_plus_relational_witness|r=0.02|gamma=0.5,0.02,0.5,3,3,auprc,0.5271908640861511
validate,Pneumothorax__Support Devices,Pneumothorax,Support Devices,anchor_plus_relational_witness,anchor_plus_relational_witness|r=0.02|gamma=0.5,0.02,0.5,3,3,f1,0.6666666865348816
validate,Pneumothorax__Support Devices,Pneumothorax,Support Devices,anchor_plus_relational_witness,anchor_plus_relational_witness|r=0.02|gamma=0.5,0.02,0.5,3,3,brier,0.24998652935028076
validate,Pneumothorax__Support Devices,Pneumothorax,Support Devices,anchor_plus_relational_witness,anchor_plus_relational_witness|r=0.02|gamma=0.5,0.02,0.5,3,3,ece,0.005687236785888672
validate,Pneumothorax__Support Devices,Pneumothorax,Support Devices,anchor_plus_relational_witness,anchor_plus_relational_witness|r=0.02|gamma=0.5,0.02,0.5,3,3,sms_raw_logit,0.07582837343215942
validate,Pneumothorax__Support Devices,Pneumothorax,Support Devices,anchor_plus_relational_witness,anchor_plus_relational_witness|r=0.02|gamma=0.5,0.02,0.5,3,3,sms_fixed_reference,4.040082931518555
validate,Pneumothorax__Support Devices,Pneumothorax,Support Devices,anchor_plus_relational_witness,anchor_plus_relational_witness|r=0.02|gamma=0.5,0.02,0.5,3,3,ranking_disagreement,0.5170676708221436
validate,Pneumothorax__Support Devices,Pneumothorax,Support Devices,anchor_plus_relational_witness,anchor_plus_relational_witness|r=0.02|gamma=0.5,0.02,0.5,3,3,support_swap_flip_rate,0.0
validate,Pneumothorax__Support Devices,Pneumothorax,Support Devices,anchor_plus_relational_witness,anchor_plus_relational_witness|r=0.02|gamma=0.5,0.02,0.5,3,3,d0_auroc,0.5224999785423279
validate,Pneumothorax__Support Devices,Pneumothorax,Support Devices,anchor_plus_relational_witness,anchor_plus_relational_witness|r=0.02|gamma=0.5,0.02,0.5,3,3,d1_auroc,0.5339000225067139
validate,Pneumothorax__Support Devices,Pneumothorax,Support Devices,anchor_plus_relational_witness,anchor_plus_relational_witness|r=0.02|gamma=0.5,0.02,0.5,3,3,worst_nuisance_auroc,0.5224999785423279
validate,Pneumothorax__Support Devices,Pneumothorax,Support Devices,anchor_plus_relational_witness,anchor_plus_relational_witness|r=0.02|gamma=0.5,0.02,0.5,3,3,border_max_fraction,0.16500000655651093
test,Pneumothorax__Support Devices,Pneumothorax,Support Devices,anchor_plus_relational_witness,anchor_plus_relational_witness|r=0.02|gamma=0.5,0.02,0.5,3,3,auroc,0.5048999786376953
test,Pneumothorax__Support Devices,Pneumothorax,Support Devices,anchor_plus_relational_witness,anchor_plus_relational_witness|r=0.02|gamma=0.5,0.02,0.5,3,3,auprc,0.5368074178695679
test,Pneumothorax__Support Devices,Pneumothorax,Support Devices,anchor_plus_relational_witness,anchor_plus_relational_witness|r=0.02|gamma=0.5,0.02,0.5,3,3,f1,0.6666666865348816
test,Pneumothorax__Support Devices,Pneumothorax,Support Devices,anchor_plus_relational_witness,anchor_plus_relational_witness|r=0.02|gamma=0.5,0.02,0.5,3,3,brier,0.2500193119049072
test,Pneumothorax__Support Devices,Pneumothorax,Support Devices,anchor_plus_relational_witness,anchor_plus_relational_witness|r=0.02|gamma=0.5,0.02,0.5,3,3,ece,0.0059282779693603516
test,Pneumothorax__Support Devices,Pneumothorax,Support Devices,anchor_plus_relational_witness,anchor_plus_relational_witness|r=0.02|gamma=0.5,0.02,0.5,3,3,sms_raw_logit,0.07249510288238525
test,Pneumothorax__Support Devices,Pneumothorax,Support Devices,anchor_plus_relational_witness,anchor_plus_relational_witness|r=0.02|gamma=0.5,0.02,0.5,3,3,sms_fixed_reference,3.635822057723999
test,Pneumothorax__Support Devices,Pneumothorax,Support Devices,anchor_plus_relational_witness,anchor_plus_relational_witness|r=0.02|gamma=0.5,0.02,0.5,3,3,ranking_disagreement,0.4909649193286896
test,Pneumothorax__Support Devices,Pneumothorax,Support Devices,anchor_plus_relational_witness,anchor_plus_relational_witness|r=0.02|gamma=0.5,0.02,0.5,3,3,support_swap_flip_rate,0.0
test,Pneumothorax__Support Devices,Pneumothorax,Support Devices,anchor_plus_relational_witness,anchor_plus_relational_witness|r=0.02|gamma=0.5,0.02,0.5,3,3,d0_auroc,0.5042999982833862
test,Pneumothorax__Support Devices,Pneumothorax,Support Devices,anchor_plus_relational_witness,anchor_plus_relational_witness|r=0.02|gamma=0.5,0.02,0.5,3,3,d1_auroc,0.5041999816894531
test,Pneumothorax__Support Devices,Pneumothorax,Support Devices,anchor_plus_relational_witness,anchor_plus_relational_witness|r=0.02|gamma=0.5,0.02,0.5,3,3,worst_nuisance_auroc,0.5041999816894531
test,Pneumothorax__Support Devices,Pneumothorax,Support Devices,anchor_plus_relational_witness,anchor_plus_relational_witness|r=0.02|gamma=0.5,0.02,0.5,3,3,border_max_fraction,0.17000000178813934
validate,Pneumothorax__Support Devices,Pneumothorax,Support Devices,anchor_plus_relational_witness,anchor_plus_relational_witness|r=0.02|gamma=0.5,0.02,0.5,3,4,auroc,0.5130000114440918
validate,Pneumothorax__Support Devices,Pneumothorax,Support Devices,anchor_plus_relational_witness,anchor_plus_relational_witness|r=0.02|gamma=0.5,0.02,0.5,3,4,auprc,0.5409383177757263
validate,Pneumothorax__Support Devices,Pneumothorax,Support Devices,anchor_plus_relational_witness,anchor_plus_relational_witness|r=0.02|gamma=0.5,0.02,0.5,3,4,f1,0.6677796244621277
validate,Pneumothorax__Support Devices,Pneumothorax,Support Devices,anchor_plus_relational_witness,anchor_plus_relational_witness|r=0.02|gamma=0.5,0.02,0.5,3,4,brier,0.2500094175338745
validate,Pneumothorax__Support Devices,Pneumothorax,Support Devices,anchor_plus_relational_witness,anchor_plus_relational_witness|r=0.02|gamma=0.5,0.02,0.5,3,4,ece,0.005800068378448486
validate,Pneumothorax__Support Devices,Pneumothorax,Support Devices,anchor_plus_relational_witness,anchor_plus_relational_witness|r=0.02|gamma=0.5,0.02,0.5,3,4,sms_raw_logit,0.07585757970809937
validate,Pneumothorax__Support Devices,Pneumothorax,Support Devices,anchor_plus_relational_witness,anchor_plus_relational_witness|r=0.02|gamma=0.5,0.02,0.5,3,4,sms_fixed_reference,4.291938781738281
validate,Pneumothorax__Support Devices,Pneumothorax,Support Devices,anchor_plus_relational_witness,anchor_plus_relational_witness|r=0.02|gamma=0.5,0.02,0.5,3,4,ranking_disagreement,0.48677945137023926
validate,Pneumothorax__Support Devices,Pneumothorax,Support Devices,anchor_plus_relational_witness,anchor_plus_relational_witness|r=0.02|gamma=0.5,0.02,0.5,3,4,support_swap_flip_rate,0.0
validate,Pneumothorax__Support Devices,Pneumothorax,Support Devices,anchor_plus_relational_witness,anchor_plus_relational_witness|r=0.02|gamma=0.5,0.02,0.5,3,4,d0_auroc,0.47450000047683716
validate,Pneumothorax__Support Devices,Pneumothorax,Support Devices,anchor_plus_relational_witness,anchor_plus_relational_witness|r=0.02|gamma=0.5,0.02,0.5,3,4,d1_auroc,0.5525000095367432
validate,Pneumothorax__Support Devices,Pneumothorax,Support Devices,anchor_plus_relational_witness,anchor_plus_relational_witness|r=0.02|gamma=0.5,0.02,0.5,3,4,worst_nuisance_auroc,0.47450000047683716
validate,Pneumothorax__Support Devices,Pneumothorax,Support Devices,anchor_plus_relational_witness,anchor_plus_relational_witness|r=0.02|gamma=0.5,0.02,0.5,3,4,border_max_fraction,0.16500000655651093
test,Pneumothorax__Support Devices,Pneumothorax,Support Devices,anchor_plus_relational_witness,anchor_plus_relational_witness|r=0.02|gamma=0.5,0.02,0.5,3,4,auroc,0.4888249933719635
test,Pneumothorax__Support Devices,Pneumothorax,Support Devices,anchor_plus_relational_witness,anchor_plus_relational_witness|r=0.02|gamma=0.5,0.02,0.5,3,4,auprc,0.5069718956947327
test,Pneumothorax__Support Devices,Pneumothorax,Support Devices,anchor_plus_relational_witness,anchor_plus_relational_witness|r=0.02|gamma=0.5,0.02,0.5,3,4,f1,0.6666666865348816
test,Pneumothorax__Support Devices,Pneumothorax,Support Devices,anchor_plus_relational_witness,anchor_plus_relational_witness|r=0.02|gamma=0.5,0.02,0.5,3,4,brier,0.25005462765693665
test,Pneumothorax__Support Devices,Pneumothorax,Support Devices,anchor_plus_relational_witness,anchor_plus_relational_witness|r=0.02|gamma=0.5,0.02,0.5,3,4,ece,0.005754232406616211
test,Pneumothorax__Support Devices,Pneumothorax,Support Devices,anchor_plus_relational_witness,anchor_plus_relational_witness|r=0.02|gamma=0.5,0.02,0.5,3,4,sms_raw_logit,0.07093466073274612
test,Pneumothorax__Support Devices,Pneumothorax,Support Devices,anchor_plus_relational_witness,anchor_plus_relational_witness|r=0.02|gamma=0.5,0.02,0.5,3,4,sms_fixed_reference,3.9055795669555664
test,Pneumothorax__Support Devices,Pneumothorax,Support Devices,anchor_plus_relational_witness,anchor_plus_relational_witness|r=0.02|gamma=0.5,0.02,0.5,3,4,ranking_disagreement,0.48479950428009033
test,Pneumothorax__Support Devices,Pneumothorax,Support Devices,anchor_plus_relational_witness,anchor_plus_relational_witness|r=0.02|gamma=0.5,0.02,0.5,3,4,support_swap_flip_rate,0.0
test,Pneumothorax__Support Devices,Pneumothorax,Support Devices,anchor_plus_relational_witness,anchor_plus_relational_witness|r=0.02|gamma=0.5,0.02,0.5,3,4,d0_auroc,0.46299999952316284
test,Pneumothorax__Support Devices,Pneumothorax,Support Devices,anchor_plus_relational_witness,anchor_plus_relational_witness|r=0.02|gamma=0.5,0.02,0.5,3,4,d1_auroc,0.5144000053405762
test,Pneumothorax__Support Devices,Pneumothorax,Support Devices,anchor_plus_relational_witness,anchor_plus_relational_witness|r=0.02|gamma=0.5,0.02,0.5,3,4,worst_nuisance_auroc,0.46299999952316284
test,Pneumothorax__Support Devices,Pneumothorax,Support Devices,anchor_plus_relational_witness,anchor_plus_relational_witness|r=0.02|gamma=0.5,0.02,0.5,3,4,border_max_fraction,0.18000000715255737
validate,Pneumothorax__Support Devices,Pneumothorax,Support Devices,anchor_plus_relational_witness,anchor_plus_relational_witness|r=0.05|gamma=0.1,0.05,0.1,3,0,auroc,0.5207499861717224
validate,Pneumothorax__Support Devices,Pneumothorax,Support Devices,anchor_plus_relational_witness,anchor_plus_relational_witness|r=0.05|gamma=0.1,0.05,0.1,3,0,auprc,0.5052075386047363
validate,Pneumothorax__Support Devices,Pneumothorax,Support Devices,anchor_plus_relational_witness,anchor_plus_relational_witness|r=0.05|gamma=0.1,0.05,0.1,3,0,f1,0.6666666865348816
validate,Pneumothorax__Support Devices,Pneumothorax,Support Devices,anchor_plus_relational_witness,anchor_plus_relational_witness|r=0.05|gamma=0.1,0.05,0.1,3,0,brier,0.24998624622821808
validate,Pneumothorax__Support Devices,Pneumothorax,Support Devices,anchor_plus_relational_witness,anchor_plus_relational_witness|r=0.05|gamma=0.1,0.05,0.1,3,0,ece,0.004817605018615723
validate,Pneumothorax__Support Devices,Pneumothorax,Support Devices,anchor_plus_relational_witness,anchor_plus_relational_witness|r=0.05|gamma=0.1,0.05,0.1,3,0,sms_raw_logit,0.0132462028414011
validate,Pneumothorax__Support Devices,Pneumothorax,Support Devices,anchor_plus_relational_witness,anchor_plus_relational_witness|r=0.05|gamma=0.1,0.05,0.1,3,0,sms_fixed_reference,0.723335862159729
validate,Pneumothorax__Support Devices,Pneumothorax,Support Devices,anchor_plus_relational_witness,anchor_plus_relational_witness|r=0.05|gamma=0.1,0.05,0.1,3,0,ranking_disagreement,0.4841478765010834
validate,Pneumothorax__Support Devices,Pneumothorax,Support Devices,anchor_plus_relational_witness,anchor_plus_relational_witness|r=0.05|gamma=0.1,0.05,0.1,3,0,support_swap_flip_rate,0.0
validate,Pneumothorax__Support Devices,Pneumothorax,Support Devices,anchor_plus_relational_witness,anchor_plus_relational_witness|r=0.05|gamma=0.1,0.05,0.1,3,0,d0_auroc,0.5077999830245972
validate,Pneumothorax__Support Devices,Pneumothorax,Support Devices,anchor_plus_relational_witness,anchor_plus_relational_witness|r=0.05|gamma=0.1,0.05,0.1,3,0,d1_auroc,0.5325999855995178
validate,Pneumothorax__Support Devices,Pneumothorax,Support Devices,anchor_plus_relational_witness,anchor_plus_relational_witness|r=0.05|gamma=0.1,0.05,0.1,3,0,worst_nuisance_auroc,0.5077999830245972
validate,Pneumothorax__Support Devices,Pneumothorax,Support Devices,anchor_plus_relational_witness,anchor_plus_relational_witness|r=0.05|gamma=0.1,0.05,0.1,3,0,border_max_fraction,0.32749998569488525
test,Pneumothorax__Support Devices,Pneumothorax,Support Devices,anchor_plus_relational_witness,anchor_plus_relational_witness|r=0.05|gamma=0.1,0.05,0.1,3,0,auroc,0.5126000046730042
test,Pneumothorax__Support Devices,Pneumothorax,Support Devices,anchor_plus_relational_witness,anchor_plus_relational_witness|r=0.05|gamma=0.1,0.05,0.1,3,0,auprc,0.5140169262886047
test,Pneumothorax__Support Devices,Pneumothorax,Support Devices,anchor_plus_relational_witness,anchor_plus_relational_witness|r=0.05|gamma=0.1,0.05,0.1,3,0,f1,0.6666666865348816
test,Pneumothorax__Support Devices,Pneumothorax,Support Devices,anchor_plus_relational_witness,anchor_plus_relational_witness|r=0.05|gamma=0.1,0.05,0.1,3,0,brier,0.250006765127182
test,Pneumothorax__Support Devices,Pneumothorax,Support Devices,anchor_plus_relational_witness,anchor_plus_relational_witness|r=0.05|gamma=0.1,0.05,0.1,3,0,ece,0.004840850830078125
test,Pneumothorax__Support Devices,Pneumothorax,Support Devices,anchor_plus_relational_witness,anchor_plus_relational_witness|r=0.05|gamma=0.1,0.05,0.1,3,0,sms_raw_logit,0.012628087773919106
test,Pneumothorax__Support Devices,Pneumothorax,Support Devices,anchor_plus_relational_witness,anchor_plus_relational_witness|r=0.05|gamma=0.1,0.05,0.1,3,0,sms_fixed_reference,0.6966769099235535
test,Pneumothorax__Support Devices,Pneumothorax,Support Devices,anchor_plus_relational_witness,anchor_plus_relational_witness|r=0.05|gamma=0.1,0.05,0.1,3,0,ranking_disagreement,0.48725563287734985
test,Pneumothorax__Support Devices,Pneumothorax,Support Devices,anchor_plus_relational_witness,anchor_plus_relational_witness|r=0.05|gamma=0.1,0.05,0.1,3,0,support_swap_flip_rate,0.0
test,Pneumothorax__Support Devices,Pneumothorax,Support Devices,anchor_plus_relational_witness,anchor_plus_relational_witness|r=0.05|gamma=0.1,0.05,0.1,3,0,d0_auroc,0.5206999778747559
test,Pneumothorax__Support Devices,Pneumothorax,Support Devices,anchor_plus_relational_witness,anchor_plus_relational_witness|r=0.05|gamma=0.1,0.05,0.1,3,0,d1_auroc,0.49880000948905945
test,Pneumothorax__Support Devices,Pneumothorax,Support Devices,anchor_plus_relational_witness,anchor_plus_relational_witness|r=0.05|gamma=0.1,0.05,0.1,3,0,worst_nuisance_auroc,0.49880000948905945
test,Pneumothorax__Support Devices,Pneumothorax,Support Devices,anchor_plus_relational_witness,anchor_plus_relational_witness|r=0.05|gamma=0.1,0.05,0.1,3,0,border_max_fraction,0.27000001072883606
validate,Pneumothorax__Support Devices,Pneumothorax,Support Devices,anchor_plus_relational_witness,anchor_plus_relational_witness|r=0.05|gamma=0.1,0.05,0.1,3,1,auroc,0.5239375233650208
validate,Pneumothorax__Support Devices,Pneumothorax,Support Devices,anchor_plus_relational_witness,anchor_plus_relational_witness|r=0.05|gamma=0.1,0.05,0.1,3,1,auprc,0.5049717426300049
validate,Pneumothorax__Support Devices,Pneumothorax,Support Devices,anchor_plus_relational_witness,anchor_plus_relational_witness|r=0.05|gamma=0.1,0.05,0.1,3,1,f1,0.6666666865348816
validate,Pneumothorax__Support Devices,Pneumothorax,Support Devices,anchor_plus_relational_witness,anchor_plus_relational_witness|r=0.05|gamma=0.1,0.05,0.1,3,1,brier,0.24999026954174042
validate,Pneumothorax__Support Devices,Pneumothorax,Support Devices,anchor_plus_relational_witness,anchor_plus_relational_witness|r=0.05|gamma=0.1,0.05,0.1,3,1,ece,0.004758596420288086
validate,Pneumothorax__Support Devices,Pneumothorax,Support Devices,anchor_plus_relational_witness,anchor_plus_relational_witness|r=0.05|gamma=0.1,0.05,0.1,3,1,sms_raw_logit,0.012762464582920074
validate,Pneumothorax__Support Devices,Pneumothorax,Support Devices,anchor_plus_relational_witness,anchor_plus_relational_witness|r=0.05|gamma=0.1,0.05,0.1,3,1,sms_fixed_reference,0.6753919124603271
validate,Pneumothorax__Support Devices,Pneumothorax,Support Devices,anchor_plus_relational_witness,anchor_plus_relational_witness|r=0.05|gamma=0.1,0.05,0.1,3,1,ranking_disagreement,0.4837719202041626
validate,Pneumothorax__Support Devices,Pneumothorax,Support Devices,anchor_plus_relational_witness,anchor_plus_relational_witness|r=0.05|gamma=0.1,0.05,0.1,3,1,support_swap_flip_rate,0.0
validate,Pneumothorax__Support Devices,Pneumothorax,Support Devices,anchor_plus_relational_witness,anchor_plus_relational_witness|r=0.05|gamma=0.1,0.05,0.1,3,1,d0_auroc,0.4896000027656555
validate,Pneumothorax__Support Devices,Pneumothorax,Support Devices,anchor_plus_relational_witness,anchor_plus_relational_witness|r=0.05|gamma=0.1,0.05,0.1,3,1,d1_auroc,0.5572999715805054
validate,Pneumothorax__Support Devices,Pneumothorax,Support Devices,anchor_plus_relational_witness,anchor_plus_relational_witness|r=0.05|gamma=0.1,0.05,0.1,3,1,worst_nuisance_auroc,0.4896000027656555
validate,Pneumothorax__Support Devices,Pneumothorax,Support Devices,anchor_plus_relational_witness,anchor_plus_relational_witness|r=0.05|gamma=0.1,0.05,0.1,3,1,border_max_fraction,0.4300000071525574
test,Pneumothorax__Support Devices,Pneumothorax,Support Devices,anchor_plus_relational_witness,anchor_plus_relational_witness|r=0.05|gamma=0.1,0.05,0.1,3,1,auroc,0.5344125032424927
test,Pneumothorax__Support Devices,Pneumothorax,Support Devices,anchor_plus_relational_witness,anchor_plus_relational_witness|r=0.05|gamma=0.1,0.05,0.1,3,1,auprc,0.5400460362434387
test,Pneumothorax__Support Devices,Pneumothorax,Support Devices,anchor_plus_relational_witness,anchor_plus_relational_witness|r=0.05|gamma=0.1,0.05,0.1,3,1,f1,0.6666666865348816
test,Pneumothorax__Support Devices,Pneumothorax,Support Devices,anchor_plus_relational_witness,anchor_plus_relational_witness|r=0.05|gamma=0.1,0.05,0.1,3,1,brier,0.24995604157447815
test,Pneumothorax__Support Devices,Pneumothorax,Support Devices,anchor_plus_relational_witness,anchor_plus_relational_witness|r=0.05|gamma=0.1,0.05,0.1,3,1,ece,0.004805862903594971
test,Pneumothorax__Support Devices,Pneumothorax,Support Devices,anchor_plus_relational_witness,anchor_plus_relational_witness|r=0.05|gamma=0.1,0.05,0.1,3,1,sms_raw_logit,0.01269412599503994
test,Pneumothorax__Support Devices,Pneumothorax,Support Devices,anchor_plus_relational_witness,anchor_plus_relational_witness|r=0.05|gamma=0.1,0.05,0.1,3,1,sms_fixed_reference,0.67164546251297
test,Pneumothorax__Support Devices,Pneumothorax,Support Devices,anchor_plus_relational_witness,anchor_plus_relational_witness|r=0.05|gamma=0.1,0.05,0.1,3,1,ranking_disagreement,0.4985212981700897
test,Pneumothorax__Support Devices,Pneumothorax,Support Devices,anchor_plus_relational_witness,anchor_plus_relational_witness|r=0.05|gamma=0.1,0.05,0.1,3,1,support_swap_flip_rate,0.0
test,Pneumothorax__Support Devices,Pneumothorax,Support Devices,anchor_plus_relational_witness,anchor_plus_relational_witness|r=0.05|gamma=0.1,0.05,0.1,3,1,d0_auroc,0.5568000078201294
test,Pneumothorax__Support Devices,Pneumothorax,Support Devices,anchor_plus_relational_witness,anchor_plus_relational_witness|r=0.05|gamma=0.1,0.05,0.1,3,1,d1_auroc,0.5131000280380249
test,Pneumothorax__Support Devices,Pneumothorax,Support Devices,anchor_plus_relational_witness,anchor_plus_relational_witness|r=0.05|gamma=0.1,0.05,0.1,3,1,worst_nuisance_auroc,0.5131000280380249
test,Pneumothorax__Support Devices,Pneumothorax,Support Devices,anchor_plus_relational_witness,anchor_plus_relational_witness|r=0.05|gamma=0.1,0.05,0.1,3,1,border_max_fraction,0.3174999952316284
validate,Pneumothorax__Support Devices,Pneumothorax,Support Devices,anchor_plus_relational_witness,anchor_plus_relational_witness|r=0.05|gamma=0.1,0.05,0.1,3,2,auroc,0.5262125134468079
validate,Pneumothorax__Support Devices,Pneumothorax,Support Devices,anchor_plus_relational_witness,anchor_plus_relational_witness|r=0.05|gamma=0.1,0.05,0.1,3,2,auprc,0.5079854726791382
validate,Pneumothorax__Support Devices,Pneumothorax,Support Devices,anchor_plus_relational_witness,anchor_plus_relational_witness|r=0.05|gamma=0.1,0.05,0.1,3,2,f1,0.6666666865348816
validate,Pneumothorax__Support Devices,Pneumothorax,Support Devices,anchor_plus_relational_witness,anchor_plus_relational_witness|r=0.05|gamma=0.1,0.05,0.1,3,2,brier,0.24999171495437622
validate,Pneumothorax__Support Devices,Pneumothorax,Support Devices,anchor_plus_relational_witness,anchor_plus_relational_witness|r=0.05|gamma=0.1,0.05,0.1,3,2,ece,0.0019202232360839844
validate,Pneumothorax__Support Devices,Pneumothorax,Support Devices,anchor_plus_relational_witness,anchor_plus_relational_witness|r=0.05|gamma=0.1,0.05,0.1,3,2,sms_raw_logit,0.01297350600361824
validate,Pneumothorax__Support Devices,Pneumothorax,Support Devices,anchor_plus_relational_witness,anchor_plus_relational_witness|r=0.05|gamma=0.1,0.05,0.1,3,2,sms_fixed_reference,0.7063189744949341
validate,Pneumothorax__Support Devices,Pneumothorax,Support Devices,anchor_plus_relational_witness,anchor_plus_relational_witness|r=0.05|gamma=0.1,0.05,0.1,3,2,ranking_disagreement,0.5064912438392639
validate,Pneumothorax__Support Devices,Pneumothorax,Support Devices,anchor_plus_relational_witness,anchor_plus_relational_witness|r=0.05|gamma=0.1,0.05,0.1,3,2,support_swap_flip_rate,0.0
validate,Pneumothorax__Support Devices,Pneumothorax,Support Devices,anchor_plus_relational_witness,anchor_plus_relational_witness|r=0.05|gamma=0.1,0.05,0.1,3,2,d0_auroc,0.5309000015258789
validate,Pneumothorax__Support Devices,Pneumothorax,Support Devices,anchor_plus_relational_witness,anchor_plus_relational_witness|r=0.05|gamma=0.1,0.05,0.1,3,2,d1_auroc,0.5248000025749207
validate,Pneumothorax__Support Devices,Pneumothorax,Support Devices,anchor_plus_relational_witness,anchor_plus_relational_witness|r=0.05|gamma=0.1,0.05,0.1,3,2,worst_nuisance_auroc,0.5248000025749207
validate,Pneumothorax__Support Devices,Pneumothorax,Support Devices,anchor_plus_relational_witness,anchor_plus_relational_witness|r=0.05|gamma=0.1,0.05,0.1,3,2,border_max_fraction,0.3075000047683716
test,Pneumothorax__Support Devices,Pneumothorax,Support Devices,anchor_plus_relational_witness,anchor_plus_relational_witness|r=0.05|gamma=0.1,0.05,0.1,3,2,auroc,0.5426250100135803
test,Pneumothorax__Support Devices,Pneumothorax,Support Devices,anchor_plus_relational_witness,anchor_plus_relational_witness|r=0.05|gamma=0.1,0.05,0.1,3,2,auprc,0.5465207099914551
test,Pneumothorax__Support Devices,Pneumothorax,Support Devices,anchor_plus_relational_witness,anchor_plus_relational_witness|r=0.05|gamma=0.1,0.05,0.1,3,2,f1,0.6666666865348816
test,Pneumothorax__Support Devices,Pneumothorax,Support Devices,anchor_plus_relational_witness,anchor_plus_relational_witness|r=0.05|gamma=0.1,0.05,0.1,3,2,brier,0.2499598264694214
test,Pneumothorax__Support Devices,Pneumothorax,Support Devices,anchor_plus_relational_witness,anchor_plus_relational_witness|r=0.05|gamma=0.1,0.05,0.1,3,2,ece,0.0019254088401794434
test,Pneumothorax__Support Devices,Pneumothorax,Support Devices,anchor_plus_relational_witness,anchor_plus_relational_witness|r=0.05|gamma=0.1,0.05,0.1,3,2,sms_raw_logit,0.014398171566426754
test,Pneumothorax__Support Devices,Pneumothorax,Support Devices,anchor_plus_relational_witness,anchor_plus_relational_witness|r=0.05|gamma=0.1,0.05,0.1,3,2,sms_fixed_reference,0.7314680814743042
test,Pneumothorax__Support Devices,Pneumothorax,Support Devices,anchor_plus_relational_witness,anchor_plus_relational_witness|r=0.05|gamma=0.1,0.05,0.1,3,2,ranking_disagreement,0.5213408470153809
test,Pneumothorax__Support Devices,Pneumothorax,Support Devices,anchor_plus_relational_witness,anchor_plus_relational_witness|r=0.05|gamma=0.1,0.05,0.1,3,2,support_swap_flip_rate,0.0
test,Pneumothorax__Support Devices,Pneumothorax,Support Devices,anchor_plus_relational_witness,anchor_plus_relational_witness|r=0.05|gamma=0.1,0.05,0.1,3,2,d0_auroc,0.5512999892234802
test,Pneumothorax__Support Devices,Pneumothorax,Support Devices,anchor_plus_relational_witness,anchor_plus_relational_witness|r=0.05|gamma=0.1,0.05,0.1,3,2,d1_auroc,0.534500002861023
test,Pneumothorax__Support Devices,Pneumothorax,Support Devices,anchor_plus_relational_witness,anchor_plus_relational_witness|r=0.05|gamma=0.1,0.05,0.1,3,2,worst_nuisance_auroc,0.534500002861023
test,Pneumothorax__Support Devices,Pneumothorax,Support Devices,anchor_plus_relational_witness,anchor_plus_relational_witness|r=0.05|gamma=0.1,0.05,0.1,3,2,border_max_fraction,0.27000001072883606
validate,Pneumothorax__Support Devices,Pneumothorax,Support Devices,anchor_plus_relational_witness,anchor_plus_relational_witness|r=0.05|gamma=0.1,0.05,0.1,3,3,auroc,0.5479875206947327
validate,Pneumothorax__Support Devices,Pneumothorax,Support Devices,anchor_plus_relational_witness,anchor_plus_relational_witness|r=0.05|gamma=0.1,0.05,0.1,3,3,auprc,0.5398191213607788
validate,Pneumothorax__Support Devices,Pneumothorax,Support Devices,anchor_plus_relational_witness,anchor_plus_relational_witness|r=0.05|gamma=0.1,0.05,0.1,3,3,f1,0.6666666865348816
validate,Pneumothorax__Support Devices,Pneumothorax,Support Devices,anchor_plus_relational_witness,anchor_plus_relational_witness|r=0.05|gamma=0.1,0.05,0.1,3,3,brier,0.2499476671218872
validate,Pneumothorax__Support Devices,Pneumothorax,Support Devices,anchor_plus_relational_witness,anchor_plus_relational_witness|r=0.05|gamma=0.1,0.05,0.1,3,3,ece,0.009592652320861816
validate,Pneumothorax__Support Devices,Pneumothorax,Support Devices,anchor_plus_relational_witness,anchor_plus_relational_witness|r=0.05|gamma=0.1,0.05,0.1,3,3,sms_raw_logit,0.012310036458075047
validate,Pneumothorax__Support Devices,Pneumothorax,Support Devices,anchor_plus_relational_witness,anchor_plus_relational_witness|r=0.05|gamma=0.1,0.05,0.1,3,3,sms_fixed_reference,0.6558701395988464
validate,Pneumothorax__Support Devices,Pneumothorax,Support Devices,anchor_plus_relational_witness,anchor_plus_relational_witness|r=0.05|gamma=0.1,0.05,0.1,3,3,ranking_disagreement,0.4997117817401886
validate,Pneumothorax__Support Devices,Pneumothorax,Support Devices,anchor_plus_relational_witness,anchor_plus_relational_witness|r=0.05|gamma=0.1,0.05,0.1,3,3,support_swap_flip_rate,0.0
validate,Pneumothorax__Support Devices,Pneumothorax,Support Devices,anchor_plus_relational_witness,anchor_plus_relational_witness|r=0.05|gamma=0.1,0.05,0.1,3,3,d0_auroc,0.5235999822616577
validate,Pneumothorax__Support Devices,Pneumothorax,Support Devices,anchor_plus_relational_witness,anchor_plus_relational_witness|r=0.05|gamma=0.1,0.05,0.1,3,3,d1_auroc,0.5712000131607056
validate,Pneumothorax__Support Devices,Pneumothorax,Support Devices,anchor_plus_relational_witness,anchor_plus_relational_witness|r=0.05|gamma=0.1,0.05,0.1,3,3,worst_nuisance_auroc,0.5235999822616577
validate,Pneumothorax__Support Devices,Pneumothorax,Support Devices,anchor_plus_relational_witness,anchor_plus_relational_witness|r=0.05|gamma=0.1,0.05,0.1,3,3,border_max_fraction,0.2874999940395355
test,Pneumothorax__Support Devices,Pneumothorax,Support Devices,anchor_plus_relational_witness,anchor_plus_relational_witness|r=0.05|gamma=0.1,0.05,0.1,3,3,auroc,0.5232375264167786
test,Pneumothorax__Support Devices,Pneumothorax,Support Devices,anchor_plus_relational_witness,anchor_plus_relational_witness|r=0.05|gamma=0.1,0.05,0.1,3,3,auprc,0.5680157542228699
test,Pneumothorax__Support Devices,Pneumothorax,Support Devices,anchor_plus_relational_witness,anchor_plus_relational_witness|r=0.05|gamma=0.1,0.05,0.1,3,3,f1,0.6666666865348816
test,Pneumothorax__Support Devices,Pneumothorax,Support Devices,anchor_plus_relational_witness,anchor_plus_relational_witness|r=0.05|gamma=0.1,0.05,0.1,3,3,brier,0.24998058378696442
test,Pneumothorax__Support Devices,Pneumothorax,Support Devices,anchor_plus_relational_witness,anchor_plus_relational_witness|r=0.05|gamma=0.1,0.05,0.1,3,3,ece,0.01001042127609253
test,Pneumothorax__Support Devices,Pneumothorax,Support Devices,anchor_plus_relational_witness,anchor_plus_relational_witness|r=0.05|gamma=0.1,0.05,0.1,3,3,sms_raw_logit,0.012609625235199928
test,Pneumothorax__Support Devices,Pneumothorax,Support Devices,anchor_plus_relational_witness,anchor_plus_relational_witness|r=0.05|gamma=0.1,0.05,0.1,3,3,sms_fixed_reference,0.6324062347412109
test,Pneumothorax__Support Devices,Pneumothorax,Support Devices,anchor_plus_relational_witness,anchor_plus_relational_witness|r=0.05|gamma=0.1,0.05,0.1,3,3,ranking_disagreement,0.4950312674045563
test,Pneumothorax__Support Devices,Pneumothorax,Support Devices,anchor_plus_relational_witness,anchor_plus_relational_witness|r=0.05|gamma=0.1,0.05,0.1,3,3,support_swap_flip_rate,0.0
test,Pneumothorax__Support Devices,Pneumothorax,Support Devices,anchor_plus_relational_witness,anchor_plus_relational_witness|r=0.05|gamma=0.1,0.05,0.1,3,3,d0_auroc,0.5103999972343445
test,Pneumothorax__Support Devices,Pneumothorax,Support Devices,anchor_plus_relational_witness,anchor_plus_relational_witness|r=0.05|gamma=0.1,0.05,0.1,3,3,d1_auroc,0.5358999967575073
test,Pneumothorax__Support Devices,Pneumothorax,Support Devices,anchor_plus_relational_witness,anchor_plus_relational_witness|r=0.05|gamma=0.1,0.05,0.1,3,3,worst_nuisance_auroc,0.5103999972343445
test,Pneumothorax__Support Devices,Pneumothorax,Support Devices,anchor_plus_relational_witness,anchor_plus_relational_witness|r=0.05|gamma=0.1,0.05,0.1,3,3,border_max_fraction,0.36000001430511475
validate,Pneumothorax__Support Devices,Pneumothorax,Support Devices,anchor_plus_relational_witness,anchor_plus_relational_witness|r=0.05|gamma=0.1,0.05,0.1,3,4,auroc,0.5167250037193298
validate,Pneumothorax__Support Devices,Pneumothorax,Support Devices,anchor_plus_relational_witness,anchor_plus_relational_witness|r=0.05|gamma=0.1,0.05,0.1,3,4,auprc,0.5287278294563293
validate,Pneumothorax__Support Devices,Pneumothorax,Support Devices,anchor_plus_relational_witness,anchor_plus_relational_witness|r=0.05|gamma=0.1,0.05,0.1,3,4,f1,0.6677796244621277
validate,Pneumothorax__Support Devices,Pneumothorax,Support Devices,anchor_plus_relational_witness,anchor_plus_relational_witness|r=0.05|gamma=0.1,0.05,0.1,3,4,brier,0.2499861717224121
validate,Pneumothorax__Support Devices,Pneumothorax,Support Devices,anchor_plus_relational_witness,anchor_plus_relational_witness|r=0.05|gamma=0.1,0.05,0.1,3,4,ece,0.004856288433074951
validate,Pneumothorax__Support Devices,Pneumothorax,Support Devices,anchor_plus_relational_witness,anchor_plus_relational_witness|r=0.05|gamma=0.1,0.05,0.1,3,4,sms_raw_logit,0.013228058815002441
validate,Pneumothorax__Support Devices,Pneumothorax,Support Devices,anchor_plus_relational_witness,anchor_plus_relational_witness|r=0.05|gamma=0.1,0.05,0.1,3,4,sms_fixed_reference,0.7484291195869446
validate,Pneumothorax__Support Devices,Pneumothorax,Support Devices,anchor_plus_relational_witness,anchor_plus_relational_witness|r=0.05|gamma=0.1,0.05,0.1,3,4,ranking_disagreement,0.4893483817577362
validate,Pneumothorax__Support Devices,Pneumothorax,Support Devices,anchor_plus_relational_witness,anchor_plus_relational_witness|r=0.05|gamma=0.1,0.05,0.1,3,4,support_swap_flip_rate,0.004999999888241291
validate,Pneumothorax__Support Devices,Pneumothorax,Support Devices,anchor_plus_relational_witness,anchor_plus_relational_witness|r=0.05|gamma=0.1,0.05,0.1,3,4,d0_auroc,0.47049999237060547
validate,Pneumothorax__Support Devices,Pneumothorax,Support Devices,anchor_plus_relational_witness,anchor_plus_relational_witness|r=0.05|gamma=0.1,0.05,0.1,3,4,d1_auroc,0.5630000233650208
validate,Pneumothorax__Support Devices,Pneumothorax,Support Devices,anchor_plus_relational_witness,anchor_plus_relational_witness|r=0.05|gamma=0.1,0.05,0.1,3,4,worst_nuisance_auroc,0.47049999237060547
validate,Pneumothorax__Support Devices,Pneumothorax,Support Devices,anchor_plus_relational_witness,anchor_plus_relational_witness|r=0.05|gamma=0.1,0.05,0.1,3,4,border_max_fraction,0.3449999988079071
test,Pneumothorax__Support Devices,Pneumothorax,Support Devices,anchor_plus_relational_witness,anchor_plus_relational_witness|r=0.05|gamma=0.1,0.05,0.1,3,4,auroc,0.5103499889373779
test,Pneumothorax__Support Devices,Pneumothorax,Support Devices,anchor_plus_relational_witness,anchor_plus_relational_witness|r=0.05|gamma=0.1,0.05,0.1,3,4,auprc,0.5097298622131348
test,Pneumothorax__Support Devices,Pneumothorax,Support Devices,anchor_plus_relational_witness,anchor_plus_relational_witness|r=0.05|gamma=0.1,0.05,0.1,3,4,f1,0.6666666865348816
test,Pneumothorax__Support Devices,Pneumothorax,Support Devices,anchor_plus_relational_witness,anchor_plus_relational_witness|r=0.05|gamma=0.1,0.05,0.1,3,4,brier,0.24999509751796722
test,Pneumothorax__Support Devices,Pneumothorax,Support Devices,anchor_plus_relational_witness,anchor_plus_relational_witness|r=0.05|gamma=0.1,0.05,0.1,3,4,ece,0.004803121089935303
test,Pneumothorax__Support Devices,Pneumothorax,Support Devices,anchor_plus_relational_witness,anchor_plus_relational_witness|r=0.05|gamma=0.1,0.05,0.1,3,4,sms_raw_logit,0.013475388288497925
test,Pneumothorax__Support Devices,Pneumothorax,Support Devices,anchor_plus_relational_witness,anchor_plus_relational_witness|r=0.05|gamma=0.1,0.05,0.1,3,4,sms_fixed_reference,0.741939127445221
test,Pneumothorax__Support Devices,Pneumothorax,Support Devices,anchor_plus_relational_witness,anchor_plus_relational_witness|r=0.05|gamma=0.1,0.05,0.1,3,4,ranking_disagreement,0.48298245668411255
test,Pneumothorax__Support Devices,Pneumothorax,Support Devices,anchor_plus_relational_witness,anchor_plus_relational_witness|r=0.05|gamma=0.1,0.05,0.1,3,4,support_swap_flip_rate,0.0
test,Pneumothorax__Support Devices,Pneumothorax,Support Devices,anchor_plus_relational_witness,anchor_plus_relational_witness|r=0.05|gamma=0.1,0.05,0.1,3,4,d0_auroc,0.4934999942779541
test,Pneumothorax__Support Devices,Pneumothorax,Support Devices,anchor_plus_relational_witness,anchor_plus_relational_witness|r=0.05|gamma=0.1,0.05,0.1,3,4,d1_auroc,0.526199996471405
test,Pneumothorax__Support Devices,Pneumothorax,Support Devices,anchor_plus_relational_witness,anchor_plus_relational_witness|r=0.05|gamma=0.1,0.05,0.1,3,4,worst_nuisance_auroc,0.4934999942779541
test,Pneumothorax__Support Devices,Pneumothorax,Support Devices,anchor_plus_relational_witness,anchor_plus_relational_witness|r=0.05|gamma=0.1,0.05,0.1,3,4,border_max_fraction,0.38749998807907104
validate,Pneumothorax__Support Devices,Pneumothorax,Support Devices,anchor_plus_relational_witness,anchor_plus_relational_witness|r=0.05|gamma=0.25,0.05,0.25,3,0,auroc,0.5068874955177307
validate,Pneumothorax__Support Devices,Pneumothorax,Support Devices,anchor_plus_relational_witness,anchor_plus_relational_witness|r=0.05|gamma=0.25,0.05,0.25,3,0,auprc,0.49374905228614807
validate,Pneumothorax__Support Devices,Pneumothorax,Support Devices,anchor_plus_relational_witness,anchor_plus_relational_witness|r=0.05|gamma=0.25,0.05,0.25,3,0,f1,0.6666666865348816
validate,Pneumothorax__Support Devices,Pneumothorax,Support Devices,anchor_plus_relational_witness,anchor_plus_relational_witness|r=0.05|gamma=0.25,0.05,0.25,3,0,brier,0.2500033974647522
validate,Pneumothorax__Support Devices,Pneumothorax,Support Devices,anchor_plus_relational_witness,anchor_plus_relational_witness|r=0.05|gamma=0.25,0.05,0.25,3,0,ece,0.0023871660232543945
validate,Pneumothorax__Support Devices,Pneumothorax,Support Devices,anchor_plus_relational_witness,anchor_plus_relational_witness|r=0.05|gamma=0.25,0.05,0.25,3,0,sms_raw_logit,0.028364652767777443
validate,Pneumothorax__Support Devices,Pneumothorax,Support Devices,anchor_plus_relational_witness,anchor_plus_relational_witness|r=0.05|gamma=0.25,0.05,0.25,3,0,sms_fixed_reference,1.5489095449447632
validate,Pneumothorax__Support Devices,Pneumothorax,Support Devices,anchor_plus_relational_witness,anchor_plus_relational_witness|r=0.05|gamma=0.25,0.05,0.25,3,0,ranking_disagreement,0.48337092995643616
validate,Pneumothorax__Support Devices,Pneumothorax,Support Devices,anchor_plus_relational_witness,anchor_plus_relational_witness|r=0.05|gamma=0.25,0.05,0.25,3,0,support_swap_flip_rate,0.0
validate,Pneumothorax__Support Devices,Pneumothorax,Support Devices,anchor_plus_relational_witness,anchor_plus_relational_witness|r=0.05|gamma=0.25,0.05,0.25,3,0,d0_auroc,0.4991999864578247
validate,Pneumothorax__Support Devices,Pneumothorax,Support Devices,anchor_plus_relational_witness,anchor_plus_relational_witness|r=0.05|gamma=0.25,0.05,0.25,3,0,d1_auroc,0.5141000151634216
validate,Pneumothorax__Support Devices,Pneumothorax,Support Devices,anchor_plus_relational_witness,anchor_plus_relational_witness|r=0.05|gamma=0.25,0.05,0.25,3,0,worst_nuisance_auroc,0.4991999864578247
validate,Pneumothorax__Support Devices,Pneumothorax,Support Devices,anchor_plus_relational_witness,anchor_plus_relational_witness|r=0.05|gamma=0.25,0.05,0.25,3,0,border_max_fraction,0.32749998569488525
test,Pneumothorax__Support Devices,Pneumothorax,Support Devices,anchor_plus_relational_witness,anchor_plus_relational_witness|r=0.05|gamma=0.25,0.05,0.25,3,0,auroc,0.5090625286102295
test,Pneumothorax__Support Devices,Pneumothorax,Support Devices,anchor_plus_relational_witness,anchor_plus_relational_witness|r=0.05|gamma=0.25,0.05,0.25,3,0,auprc,0.5102486610412598
test,Pneumothorax__Support Devices,Pneumothorax,Support Devices,anchor_plus_relational_witness,anchor_plus_relational_witness|r=0.05|gamma=0.25,0.05,0.25,3,0,f1,0.6666666865348816
test,Pneumothorax__Support Devices,Pneumothorax,Support Devices,anchor_plus_relational_witness,anchor_plus_relational_witness|r=0.05|gamma=0.25,0.05,0.25,3,0,brier,0.2500001788139343
test,Pneumothorax__Support Devices,Pneumothorax,Support Devices,anchor_plus_relational_witness,anchor_plus_relational_witness|r=0.05|gamma=0.25,0.05,0.25,3,0,ece,0.0024156570434570312
test,Pneumothorax__Support Devices,Pneumothorax,Support Devices,anchor_plus_relational_witness,anchor_plus_relational_witness|r=0.05|gamma=0.25,0.05,0.25,3,0,sms_raw_logit,0.026667730882763863
test,Pneumothorax__Support Devices,Pneumothorax,Support Devices,anchor_plus_relational_witness,anchor_plus_relational_witness|r=0.05|gamma=0.25,0.05,0.25,3,0,sms_fixed_reference,1.471227765083313
test,Pneumothorax__Support Devices,Pneumothorax,Support Devices,anchor_plus_relational_witness,anchor_plus_relational_witness|r=0.05|gamma=0.25,0.05,0.25,3,0,ranking_disagreement,0.47587719559669495
test,Pneumothorax__Support Devices,Pneumothorax,Support Devices,anchor_plus_relational_witness,anchor_plus_relational_witness|r=0.05|gamma=0.25,0.05,0.25,3,0,support_swap_flip_rate,0.0
test,Pneumothorax__Support Devices,Pneumothorax,Support Devices,anchor_plus_relational_witness,anchor_plus_relational_witness|r=0.05|gamma=0.25,0.05,0.25,3,0,d0_auroc,0.5169000029563904
test,Pneumothorax__Support Devices,Pneumothorax,Support Devices,anchor_plus_relational_witness,anchor_plus_relational_witness|r=0.05|gamma=0.25,0.05,0.25,3,0,d1_auroc,0.4954499900341034
test,Pneumothorax__Support Devices,Pneumothorax,Support Devices,anchor_plus_relational_witness,anchor_plus_relational_witness|r=0.05|gamma=0.25,0.05,0.25,3,0,worst_nuisance_auroc,0.4954499900341034
test,Pneumothorax__Support Devices,Pneumothorax,Support Devices,anchor_plus_relational_witness,anchor_plus_relational_witness|r=0.05|gamma=0.25,0.05,0.25,3,0,border_max_fraction,0.27000001072883606
validate,Pneumothorax__Support Devices,Pneumothorax,Support Devices,anchor_plus_relational_witness,anchor_plus_relational_witness|r=0.05|gamma=0.25,0.05,0.25,3,1,auroc,0.5144875049591064
validate,Pneumothorax__Support Devices,Pneumothorax,Support Devices,anchor_plus_relational_witness,anchor_plus_relational_witness|r=0.05|gamma=0.25,0.05,0.25,3,1,auprc,0.4987203776836395
validate,Pneumothorax__Support Devices,Pneumothorax,Support Devices,anchor_plus_relational_witness,anchor_plus_relational_witness|r=0.05|gamma=0.25,0.05,0.25,3,1,f1,0.6666666865348816
validate,Pneumothorax__Support Devices,Pneumothorax,Support Devices,anchor_plus_relational_witness,anchor_plus_relational_witness|r=0.05|gamma=0.25,0.05,0.25,3,1,brier,0.2499990016222
validate,Pneumothorax__Support Devices,Pneumothorax,Support Devices,anchor_plus_relational_witness,anchor_plus_relational_witness|r=0.05|gamma=0.25,0.05,0.25,3,1,ece,0.0023818016052246094
validate,Pneumothorax__Support Devices,Pneumothorax,Support Devices,anchor_plus_relational_witness,anchor_plus_relational_witness|r=0.05|gamma=0.25,0.05,0.25,3,1,sms_raw_logit,0.028182704001665115
validate,Pneumothorax__Support Devices,Pneumothorax,Support Devices,anchor_plus_relational_witness,anchor_plus_relational_witness|r=0.05|gamma=0.25,0.05,0.25,3,1,sms_fixed_reference,1.4914337396621704
validate,Pneumothorax__Support Devices,Pneumothorax,Support Devices,anchor_plus_relational_witness,anchor_plus_relational_witness|r=0.05|gamma=0.25,0.05,0.25,3,1,ranking_disagreement,0.4844360947608948
validate,Pneumothorax__Support Devices,Pneumothorax,Support Devices,anchor_plus_relational_witness,anchor_plus_relational_witness|r=0.05|gamma=0.25,0.05,0.25,3,1,support_swap_flip_rate,0.0
validate,Pneumothorax__Support Devices,Pneumothorax,Support Devices,anchor_plus_relational_witness,anchor_plus_relational_witness|r=0.05|gamma=0.25,0.05,0.25,3,1,d0_auroc,0.4797999858856201
validate,Pneumothorax__Support Devices,Pneumothorax,Support Devices,anchor_plus_relational_witness,anchor_plus_relational_witness|r=0.05|gamma=0.25,0.05,0.25,3,1,d1_auroc,0.550000011920929
validate,Pneumothorax__Support Devices,Pneumothorax,Support Devices,anchor_plus_relational_witness,anchor_plus_relational_witness|r=0.05|gamma=0.25,0.05,0.25,3,1,worst_nuisance_auroc,0.4797999858856201
validate,Pneumothorax__Support Devices,Pneumothorax,Support Devices,anchor_plus_relational_witness,anchor_plus_relational_witness|r=0.05|gamma=0.25,0.05,0.25,3,1,border_max_fraction,0.4300000071525574
test,Pneumothorax__Support Devices,Pneumothorax,Support Devices,anchor_plus_relational_witness,anchor_plus_relational_witness|r=0.05|gamma=0.25,0.05,0.25,3,1,auroc,0.5289250016212463
test,Pneumothorax__Support Devices,Pneumothorax,Support Devices,anchor_plus_relational_witness,anchor_plus_relational_witness|r=0.05|gamma=0.25,0.05,0.25,3,1,auprc,0.5393288731575012
test,Pneumothorax__Support Devices,Pneumothorax,Support Devices,anchor_plus_relational_witness,anchor_plus_relational_witness|r=0.05|gamma=0.25,0.05,0.25,3,1,f1,0.6666666865348816
test,Pneumothorax__Support Devices,Pneumothorax,Support Devices,anchor_plus_relational_witness,anchor_plus_relational_witness|r=0.05|gamma=0.25,0.05,0.25,3,1,brier,0.24998019635677338
test,Pneumothorax__Support Devices,Pneumothorax,Support Devices,anchor_plus_relational_witness,anchor_plus_relational_witness|r=0.05|gamma=0.25,0.05,0.25,3,1,ece,0.0024013519287109375
test,Pneumothorax__Support Devices,Pneumothorax,Support Devices,anchor_plus_relational_witness,anchor_plus_relational_witness|r=0.05|gamma=0.25,0.05,0.25,3,1,sms_raw_logit,0.028169700875878334
test,Pneumothorax__Support Devices,Pneumothorax,Support Devices,anchor_plus_relational_witness,anchor_plus_relational_witness|r=0.05|gamma=0.25,0.05,0.25,3,1,sms_fixed_reference,1.4904571771621704
test,Pneumothorax__Support Devices,Pneumothorax,Support Devices,anchor_plus_relational_witness,anchor_plus_relational_witness|r=0.05|gamma=0.25,0.05,0.25,3,1,ranking_disagreement,0.5115413665771484
test,Pneumothorax__Support Devices,Pneumothorax,Support Devices,anchor_plus_relational_witness,anchor_plus_relational_witness|r=0.05|gamma=0.25,0.05,0.25,3,1,support_swap_flip_rate,0.0
test,Pneumothorax__Support Devices,Pneumothorax,Support Devices,anchor_plus_relational_witness,anchor_plus_relational_witness|r=0.05|gamma=0.25,0.05,0.25,3,1,d0_auroc,0.5461000204086304
test,Pneumothorax__Support Devices,Pneumothorax,Support Devices,anchor_plus_relational_witness,anchor_plus_relational_witness|r=0.05|gamma=0.25,0.05,0.25,3,1,d1_auroc,0.509850025177002
test,Pneumothorax__Support Devices,Pneumothorax,Support Devices,anchor_plus_relational_witness,anchor_plus_relational_witness|r=0.05|gamma=0.25,0.05,0.25,3,1,worst_nuisance_auroc,0.509850025177002
test,Pneumothorax__Support Devices,Pneumothorax,Support Devices,anchor_plus_relational_witness,anchor_plus_relational_witness|r=0.05|gamma=0.25,0.05,0.25,3,1,border_max_fraction,0.3174999952316284
validate,Pneumothorax__Support Devices,Pneumothorax,Support Devices,anchor_plus_relational_witness,anchor_plus_relational_witness|r=0.05|gamma=0.25,0.05,0.25,3,2,auroc,0.5145624876022339
validate,Pneumothorax__Support Devices,Pneumothorax,Support Devices,anchor_plus_relational_witness,anchor_plus_relational_witness|r=0.05|gamma=0.25,0.05,0.25,3,2,auprc,0.4998281002044678
validate,Pneumothorax__Support Devices,Pneumothorax,Support Devices,anchor_plus_relational_witness,anchor_plus_relational_witness|r=0.05|gamma=0.25,0.05,0.25,3,2,f1,0.6666666865348816
validate,Pneumothorax__Support Devices,Pneumothorax,Support Devices,anchor_plus_relational_witness,anchor_plus_relational_witness|r=0.05|gamma=0.25,0.05,0.25,3,2,brier,0.2500004470348358
validate,Pneumothorax__Support Devices,Pneumothorax,Support Devices,anchor_plus_relational_witness,anchor_plus_relational_witness|r=0.05|gamma=0.25,0.05,0.25,3,2,ece,0.0024114251136779785
validate,Pneumothorax__Support Devices,Pneumothorax,Support Devices,anchor_plus_relational_witness,anchor_plus_relational_witness|r=0.05|gamma=0.25,0.05,0.25,3,2,sms_raw_logit,0.02774970233440399
validate,Pneumothorax__Support Devices,Pneumothorax,Support Devices,anchor_plus_relational_witness,anchor_plus_relational_witness|r=0.05|gamma=0.25,0.05,0.25,3,2,sms_fixed_reference,1.5107821226119995
validate,Pneumothorax__Support Devices,Pneumothorax,Support Devices,anchor_plus_relational_witness,anchor_plus_relational_witness|r=0.05|gamma=0.25,0.05,0.25,3,2,ranking_disagreement,0.5032581686973572
validate,Pneumothorax__Support Devices,Pneumothorax,Support Devices,anchor_plus_relational_witness,anchor_plus_relational_witness|r=0.05|gamma=0.25,0.05,0.25,3,2,support_swap_flip_rate,0.0
validate,Pneumothorax__Support Devices,Pneumothorax,Support Devices,anchor_plus_relational_witness,anchor_plus_relational_witness|r=0.05|gamma=0.25,0.05,0.25,3,2,d0_auroc,0.520799994468689
validate,Pneumothorax__Support Devices,Pneumothorax,Support Devices,anchor_plus_relational_witness,anchor_plus_relational_witness|r=0.05|gamma=0.25,0.05,0.25,3,2,d1_auroc,0.5078499913215637
validate,Pneumothorax__Support Devices,Pneumothorax,Support Devices,anchor_plus_relational_witness,anchor_plus_relational_witness|r=0.05|gamma=0.25,0.05,0.25,3,2,worst_nuisance_auroc,0.5078499913215637
validate,Pneumothorax__Support Devices,Pneumothorax,Support Devices,anchor_plus_relational_witness,anchor_plus_relational_witness|r=0.05|gamma=0.25,0.05,0.25,3,2,border_max_fraction,0.3075000047683716
test,Pneumothorax__Support Devices,Pneumothorax,Support Devices,anchor_plus_relational_witness,anchor_plus_relational_witness|r=0.05|gamma=0.25,0.05,0.25,3,2,auroc,0.5451624989509583
test,Pneumothorax__Support Devices,Pneumothorax,Support Devices,anchor_plus_relational_witness,anchor_plus_relational_witness|r=0.05|gamma=0.25,0.05,0.25,3,2,auprc,0.5445238351821899
test,Pneumothorax__Support Devices,Pneumothorax,Support Devices,anchor_plus_relational_witness,anchor_plus_relational_witness|r=0.05|gamma=0.25,0.05,0.25,3,2,f1,0.6666666865348816
test,Pneumothorax__Support Devices,Pneumothorax,Support Devices,anchor_plus_relational_witness,anchor_plus_relational_witness|r=0.05|gamma=0.25,0.05,0.25,3,2,brier,0.24995794892311096
test,Pneumothorax__Support Devices,Pneumothorax,Support Devices,anchor_plus_relational_witness,anchor_plus_relational_witness|r=0.05|gamma=0.25,0.05,0.25,3,2,ece,0.0024097561836242676
test,Pneumothorax__Support Devices,Pneumothorax,Support Devices,anchor_plus_relational_witness,anchor_plus_relational_witness|r=0.05|gamma=0.25,0.05,0.25,3,2,sms_raw_logit,0.030415160581469536
test,Pneumothorax__Support Devices,Pneumothorax,Support Devices,anchor_plus_relational_witness,anchor_plus_relational_witness|r=0.05|gamma=0.25,0.05,0.25,3,2,sms_fixed_reference,1.5451767444610596
test,Pneumothorax__Support Devices,Pneumothorax,Support Devices,anchor_plus_relational_witness,anchor_plus_relational_witness|r=0.05|gamma=0.25,0.05,0.25,3,2,ranking_disagreement,0.5125062465667725
test,Pneumothorax__Support Devices,Pneumothorax,Support Devices,anchor_plus_relational_witness,anchor_plus_relational_witness|r=0.05|gamma=0.25,0.05,0.25,3,2,support_swap_flip_rate,0.0
test,Pneumothorax__Support Devices,Pneumothorax,Support Devices,anchor_plus_relational_witness,anchor_plus_relational_witness|r=0.05|gamma=0.25,0.05,0.25,3,2,d0_auroc,0.5460000038146973
test,Pneumothorax__Support Devices,Pneumothorax,Support Devices,anchor_plus_relational_witness,anchor_plus_relational_witness|r=0.05|gamma=0.25,0.05,0.25,3,2,d1_auroc,0.5447999835014343
test,Pneumothorax__Support Devices,Pneumothorax,Support Devices,anchor_plus_relational_witness,anchor_plus_relational_witness|r=0.05|gamma=0.25,0.05,0.25,3,2,worst_nuisance_auroc,0.5447999835014343
test,Pneumothorax__Support Devices,Pneumothorax,Support Devices,anchor_plus_relational_witness,anchor_plus_relational_witness|r=0.05|gamma=0.25,0.05,0.25,3,2,border_max_fraction,0.27000001072883606
validate,Pneumothorax__Support Devices,Pneumothorax,Support Devices,anchor_plus_relational_witness,anchor_plus_relational_witness|r=0.05|gamma=0.25,0.05,0.25,3,3,auroc,0.5478000044822693
validate,Pneumothorax__Support Devices,Pneumothorax,Support Devices,anchor_plus_relational_witness,anchor_plus_relational_witness|r=0.05|gamma=0.25,0.05,0.25,3,3,auprc,0.5358009934425354
validate,Pneumothorax__Support Devices,Pneumothorax,Support Devices,anchor_plus_relational_witness,anchor_plus_relational_witness|r=0.05|gamma=0.25,0.05,0.25,3,3,f1,0.6666666865348816
validate,Pneumothorax__Support Devices,Pneumothorax,Support Devices,anchor_plus_relational_witness,anchor_plus_relational_witness|r=0.05|gamma=0.25,0.05,0.25,3,3,brier,0.2499578297138214
validate,Pneumothorax__Support Devices,Pneumothorax,Support Devices,anchor_plus_relational_witness,anchor_plus_relational_witness|r=0.05|gamma=0.25,0.05,0.25,3,3,ece,0.004756033420562744
validate,Pneumothorax__Support Devices,Pneumothorax,Support Devices,anchor_plus_relational_witness,anchor_plus_relational_witness|r=0.05|gamma=0.25,0.05,0.25,3,3,sms_raw_logit,0.026970798149704933
validate,Pneumothorax__Support Devices,Pneumothorax,Support Devices,anchor_plus_relational_witness,anchor_plus_relational_witness|r=0.05|gamma=0.25,0.05,0.25,3,3,sms_fixed_reference,1.4369852542877197
validate,Pneumothorax__Support Devices,Pneumothorax,Support Devices,anchor_plus_relational_witness,anchor_plus_relational_witness|r=0.05|gamma=0.25,0.05,0.25,3,3,ranking_disagreement,0.5029323101043701
validate,Pneumothorax__Support Devices,Pneumothorax,Support Devices,anchor_plus_relational_witness,anchor_plus_relational_witness|r=0.05|gamma=0.25,0.05,0.25,3,3,support_swap_flip_rate,0.0
validate,Pneumothorax__Support Devices,Pneumothorax,Support Devices,anchor_plus_relational_witness,anchor_plus_relational_witness|r=0.05|gamma=0.25,0.05,0.25,3,3,d0_auroc,0.5238999724388123
validate,Pneumothorax__Support Devices,Pneumothorax,Support Devices,anchor_plus_relational_witness,anchor_plus_relational_witness|r=0.05|gamma=0.25,0.05,0.25,3,3,d1_auroc,0.572700023651123
validate,Pneumothorax__Support Devices,Pneumothorax,Support Devices,anchor_plus_relational_witness,anchor_plus_relational_witness|r=0.05|gamma=0.25,0.05,0.25,3,3,worst_nuisance_auroc,0.5238999724388123
validate,Pneumothorax__Support Devices,Pneumothorax,Support Devices,anchor_plus_relational_witness,anchor_plus_relational_witness|r=0.05|gamma=0.25,0.05,0.25,3,3,border_max_fraction,0.2874999940395355
test,Pneumothorax__Support Devices,Pneumothorax,Support Devices,anchor_plus_relational_witness,anchor_plus_relational_witness|r=0.05|gamma=0.25,0.05,0.25,3,3,auroc,0.5128499865531921
test,Pneumothorax__Support Devices,Pneumothorax,Support Devices,anchor_plus_relational_witness,anchor_plus_relational_witness|r=0.05|gamma=0.25,0.05,0.25,3,3,auprc,0.5533239841461182
test,Pneumothorax__Support Devices,Pneumothorax,Support Devices,anchor_plus_relational_witness,anchor_plus_relational_witness|r=0.05|gamma=0.25,0.05,0.25,3,3,f1,0.6666666865348816
test,Pneumothorax__Support Devices,Pneumothorax,Support Devices,anchor_plus_relational_witness,anchor_plus_relational_witness|r=0.05|gamma=0.25,0.05,0.25,3,3,brier,0.2499907910823822
test,Pneumothorax__Support Devices,Pneumothorax,Support Devices,anchor_plus_relational_witness,anchor_plus_relational_witness|r=0.05|gamma=0.25,0.05,0.25,3,3,ece,0.004973888397216797
test,Pneumothorax__Support Devices,Pneumothorax,Support Devices,anchor_plus_relational_witness,anchor_plus_relational_witness|r=0.05|gamma=0.25,0.05,0.25,3,3,sms_raw_logit,0.02810891903936863
test,Pneumothorax__Support Devices,Pneumothorax,Support Devices,anchor_plus_relational_witness,anchor_plus_relational_witness|r=0.05|gamma=0.25,0.05,0.25,3,3,sms_fixed_reference,1.40973699092865
test,Pneumothorax__Support Devices,Pneumothorax,Support Devices,anchor_plus_relational_witness,anchor_plus_relational_witness|r=0.05|gamma=0.25,0.05,0.25,3,3,ranking_disagreement,0.49661654233932495
test,Pneumothorax__Support Devices,Pneumothorax,Support Devices,anchor_plus_relational_witness,anchor_plus_relational_witness|r=0.05|gamma=0.25,0.05,0.25,3,3,support_swap_flip_rate,0.0
test,Pneumothorax__Support Devices,Pneumothorax,Support Devices,anchor_plus_relational_witness,anchor_plus_relational_witness|r=0.05|gamma=0.25,0.05,0.25,3,3,d0_auroc,0.4999000132083893
test,Pneumothorax__Support Devices,Pneumothorax,Support Devices,anchor_plus_relational_witness,anchor_plus_relational_witness|r=0.05|gamma=0.25,0.05,0.25,3,3,d1_auroc,0.5228000283241272
test,Pneumothorax__Support Devices,Pneumothorax,Support Devices,anchor_plus_relational_witness,anchor_plus_relational_witness|r=0.05|gamma=0.25,0.05,0.25,3,3,worst_nuisance_auroc,0.4999000132083893
test,Pneumothorax__Support Devices,Pneumothorax,Support Devices,anchor_plus_relational_witness,anchor_plus_relational_witness|r=0.05|gamma=0.25,0.05,0.25,3,3,border_max_fraction,0.36000001430511475
validate,Pneumothorax__Support Devices,Pneumothorax,Support Devices,anchor_plus_relational_witness,anchor_plus_relational_witness|r=0.05|gamma=0.25,0.05,0.25,3,4,auroc,0.5070250034332275
validate,Pneumothorax__Support Devices,Pneumothorax,Support Devices,anchor_plus_relational_witness,anchor_plus_relational_witness|r=0.05|gamma=0.25,0.05,0.25,3,4,auprc,0.5220498442649841
validate,Pneumothorax__Support Devices,Pneumothorax,Support Devices,anchor_plus_relational_witness,anchor_plus_relational_witness|r=0.05|gamma=0.25,0.05,0.25,3,4,f1,0.6677796244621277
validate,Pneumothorax__Support Devices,Pneumothorax,Support Devices,anchor_plus_relational_witness,anchor_plus_relational_witness|r=0.05|gamma=0.25,0.05,0.25,3,4,brier,0.24999450147151947
validate,Pneumothorax__Support Devices,Pneumothorax,Support Devices,anchor_plus_relational_witness,anchor_plus_relational_witness|r=0.05|gamma=0.25,0.05,0.25,3,4,ece,0.0024226903915405273
validate,Pneumothorax__Support Devices,Pneumothorax,Support Devices,anchor_plus_relational_witness,anchor_plus_relational_witness|r=0.05|gamma=0.25,0.05,0.25,3,4,sms_raw_logit,0.028183048591017723
validate,Pneumothorax__Support Devices,Pneumothorax,Support Devices,anchor_plus_relational_witness,anchor_plus_relational_witness|r=0.05|gamma=0.25,0.05,0.25,3,4,sms_fixed_reference,1.5945661067962646
validate,Pneumothorax__Support Devices,Pneumothorax,Support Devices,anchor_plus_relational_witness,anchor_plus_relational_witness|r=0.05|gamma=0.25,0.05,0.25,3,4,ranking_disagreement,0.4804636538028717
validate,Pneumothorax__Support Devices,Pneumothorax,Support Devices,anchor_plus_relational_witness,anchor_plus_relational_witness|r=0.05|gamma=0.25,0.05,0.25,3,4,support_swap_flip_rate,0.0024999999441206455
validate,Pneumothorax__Support Devices,Pneumothorax,Support Devices,anchor_plus_relational_witness,anchor_plus_relational_witness|r=0.05|gamma=0.25,0.05,0.25,3,4,d0_auroc,0.4560999870300293
validate,Pneumothorax__Support Devices,Pneumothorax,Support Devices,anchor_plus_relational_witness,anchor_plus_relational_witness|r=0.05|gamma=0.25,0.05,0.25,3,4,d1_auroc,0.5584999918937683
validate,Pneumothorax__Support Devices,Pneumothorax,Support Devices,anchor_plus_relational_witness,anchor_plus_relational_witness|r=0.05|gamma=0.25,0.05,0.25,3,4,worst_nuisance_auroc,0.4560999870300293
validate,Pneumothorax__Support Devices,Pneumothorax,Support Devices,anchor_plus_relational_witness,anchor_plus_relational_witness|r=0.05|gamma=0.25,0.05,0.25,3,4,border_max_fraction,0.3449999988079071
test,Pneumothorax__Support Devices,Pneumothorax,Support Devices,anchor_plus_relational_witness,anchor_plus_relational_witness|r=0.05|gamma=0.25,0.05,0.25,3,4,auroc,0.504800021648407
test,Pneumothorax__Support Devices,Pneumothorax,Support Devices,anchor_plus_relational_witness,anchor_plus_relational_witness|r=0.05|gamma=0.25,0.05,0.25,3,4,auprc,0.5080704092979431
test,Pneumothorax__Support Devices,Pneumothorax,Support Devices,anchor_plus_relational_witness,anchor_plus_relational_witness|r=0.05|gamma=0.25,0.05,0.25,3,4,f1,0.6666666865348816
test,Pneumothorax__Support Devices,Pneumothorax,Support Devices,anchor_plus_relational_witness,anchor_plus_relational_witness|r=0.05|gamma=0.25,0.05,0.25,3,4,brier,0.24999630451202393
test,Pneumothorax__Support Devices,Pneumothorax,Support Devices,anchor_plus_relational_witness,anchor_plus_relational_witness|r=0.05|gamma=0.25,0.05,0.25,3,4,ece,0.0024152398109436035
test,Pneumothorax__Support Devices,Pneumothorax,Support Devices,anchor_plus_relational_witness,anchor_plus_relational_witness|r=0.05|gamma=0.25,0.05,0.25,3,4,sms_raw_logit,0.029146911576390266
test,Pneumothorax__Support Devices,Pneumothorax,Support Devices,anchor_plus_relational_witness,anchor_plus_relational_witness|r=0.05|gamma=0.25,0.05,0.25,3,4,sms_fixed_reference,1.604794979095459
test,Pneumothorax__Support Devices,Pneumothorax,Support Devices,anchor_plus_relational_witness,anchor_plus_relational_witness|r=0.05|gamma=0.25,0.05,0.25,3,4,ranking_disagreement,0.48669174313545227
test,Pneumothorax__Support Devices,Pneumothorax,Support Devices,anchor_plus_relational_witness,anchor_plus_relational_witness|r=0.05|gamma=0.25,0.05,0.25,3,4,support_swap_flip_rate,0.0
test,Pneumothorax__Support Devices,Pneumothorax,Support Devices,anchor_plus_relational_witness,anchor_plus_relational_witness|r=0.05|gamma=0.25,0.05,0.25,3,4,d0_auroc,0.48695001006126404
test,Pneumothorax__Support Devices,Pneumothorax,Support Devices,anchor_plus_relational_witness,anchor_plus_relational_witness|r=0.05|gamma=0.25,0.05,0.25,3,4,d1_auroc,0.5227500200271606
test,Pneumothorax__Support Devices,Pneumothorax,Support Devices,anchor_plus_relational_witness,anchor_plus_relational_witness|r=0.05|gamma=0.25,0.05,0.25,3,4,worst_nuisance_auroc,0.48695001006126404
test,Pneumothorax__Support Devices,Pneumothorax,Support Devices,anchor_plus_relational_witness,anchor_plus_relational_witness|r=0.05|gamma=0.25,0.05,0.25,3,4,border_max_fraction,0.38749998807907104
validate,Pneumothorax__Support Devices,Pneumothorax,Support Devices,anchor_plus_relational_witness,anchor_plus_relational_witness|r=0.05|gamma=0.5,0.05,0.5,3,0,auroc,0.5001749992370605
validate,Pneumothorax__Support Devices,Pneumothorax,Support Devices,anchor_plus_relational_witness,anchor_plus_relational_witness|r=0.05|gamma=0.5,0.05,0.5,3,0,auprc,0.48941975831985474
validate,Pneumothorax__Support Devices,Pneumothorax,Support Devices,anchor_plus_relational_witness,anchor_plus_relational_witness|r=0.05|gamma=0.5,0.05,0.5,3,0,f1,0.6666666865348816
validate,Pneumothorax__Support Devices,Pneumothorax,Support Devices,anchor_plus_relational_witness,anchor_plus_relational_witness|r=0.05|gamma=0.5,0.05,0.5,3,0,brier,0.2500295341014862
validate,Pneumothorax__Support Devices,Pneumothorax,Support Devices,anchor_plus_relational_witness,anchor_plus_relational_witness|r=0.05|gamma=0.5,0.05,0.5,3,0,ece,0.004759728908538818
validate,Pneumothorax__Support Devices,Pneumothorax,Support Devices,anchor_plus_relational_witness,anchor_plus_relational_witness|r=0.05|gamma=0.5,0.05,0.5,3,0,sms_raw_logit,0.053914424031972885
validate,Pneumothorax__Support Devices,Pneumothorax,Support Devices,anchor_plus_relational_witness,anchor_plus_relational_witness|r=0.05|gamma=0.5,0.05,0.5,3,0,sms_fixed_reference,2.9441068172454834
validate,Pneumothorax__Support Devices,Pneumothorax,Support Devices,anchor_plus_relational_witness,anchor_plus_relational_witness|r=0.05|gamma=0.5,0.05,0.5,3,0,ranking_disagreement,0.4826691746711731
validate,Pneumothorax__Support Devices,Pneumothorax,Support Devices,anchor_plus_relational_witness,anchor_plus_relational_witness|r=0.05|gamma=0.5,0.05,0.5,3,0,support_swap_flip_rate,0.0
validate,Pneumothorax__Support Devices,Pneumothorax,Support Devices,anchor_plus_relational_witness,anchor_plus_relational_witness|r=0.05|gamma=0.5,0.05,0.5,3,0,d0_auroc,0.4939500093460083
validate,Pneumothorax__Support Devices,Pneumothorax,Support Devices,anchor_plus_relational_witness,anchor_plus_relational_witness|r=0.05|gamma=0.5,0.05,0.5,3,0,d1_auroc,0.5059999823570251
validate,Pneumothorax__Support Devices,Pneumothorax,Support Devices,anchor_plus_relational_witness,anchor_plus_relational_witness|r=0.05|gamma=0.5,0.05,0.5,3,0,worst_nuisance_auroc,0.4939500093460083
validate,Pneumothorax__Support Devices,Pneumothorax,Support Devices,anchor_plus_relational_witness,anchor_plus_relational_witness|r=0.05|gamma=0.5,0.05,0.5,3,0,border_max_fraction,0.32749998569488525
test,Pneumothorax__Support Devices,Pneumothorax,Support Devices,anchor_plus_relational_witness,anchor_plus_relational_witness|r=0.05|gamma=0.5,0.05,0.5,3,0,auroc,0.5075250267982483
test,Pneumothorax__Support Devices,Pneumothorax,Support Devices,anchor_plus_relational_witness,anchor_plus_relational_witness|r=0.05|gamma=0.5,0.05,0.5,3,0,auprc,0.5088595151901245
test,Pneumothorax__Support Devices,Pneumothorax,Support Devices,anchor_plus_relational_witness,anchor_plus_relational_witness|r=0.05|gamma=0.5,0.05,0.5,3,0,f1,0.6666666865348816
test,Pneumothorax__Support Devices,Pneumothorax,Support Devices,anchor_plus_relational_witness,anchor_plus_relational_witness|r=0.05|gamma=0.5,0.05,0.5,3,0,brier,0.25001442432403564
test,Pneumothorax__Support Devices,Pneumothorax,Support Devices,anchor_plus_relational_witness,anchor_plus_relational_witness|r=0.05|gamma=0.5,0.05,0.5,3,0,ece,0.004827916622161865
test,Pneumothorax__Support Devices,Pneumothorax,Support Devices,anchor_plus_relational_witness,anchor_plus_relational_witness|r=0.05|gamma=0.5,0.05,0.5,3,0,sms_raw_logit,0.050459567457437515
test,Pneumothorax__Support Devices,Pneumothorax,Support Devices,anchor_plus_relational_witness,anchor_plus_relational_witness|r=0.05|gamma=0.5,0.05,0.5,3,0,sms_fixed_reference,2.7837955951690674
test,Pneumothorax__Support Devices,Pneumothorax,Support Devices,anchor_plus_relational_witness,anchor_plus_relational_witness|r=0.05|gamma=0.5,0.05,0.5,3,0,ranking_disagreement,0.4731077551841736
test,Pneumothorax__Support Devices,Pneumothorax,Support Devices,anchor_plus_relational_witness,anchor_plus_relational_witness|r=0.05|gamma=0.5,0.05,0.5,3,0,support_swap_flip_rate,0.0
test,Pneumothorax__Support Devices,Pneumothorax,Support Devices,anchor_plus_relational_witness,anchor_plus_relational_witness|r=0.05|gamma=0.5,0.05,0.5,3,0,d0_auroc,0.5148000121116638
test,Pneumothorax__Support Devices,Pneumothorax,Support Devices,anchor_plus_relational_witness,anchor_plus_relational_witness|r=0.05|gamma=0.5,0.05,0.5,3,0,d1_auroc,0.4941999912261963
test,Pneumothorax__Support Devices,Pneumothorax,Support Devices,anchor_plus_relational_witness,anchor_plus_relational_witness|r=0.05|gamma=0.5,0.05,0.5,3,0,worst_nuisance_auroc,0.4941999912261963
test,Pneumothorax__Support Devices,Pneumothorax,Support Devices,anchor_plus_relational_witness,anchor_plus_relational_witness|r=0.05|gamma=0.5,0.05,0.5,3,0,border_max_fraction,0.27000001072883606
validate,Pneumothorax__Support Devices,Pneumothorax,Support Devices,anchor_plus_relational_witness,anchor_plus_relational_witness|r=0.05|gamma=0.5,0.05,0.5,3,1,auroc,0.5124624967575073
validate,Pneumothorax__Support Devices,Pneumothorax,Support Devices,anchor_plus_relational_witness,anchor_plus_relational_witness|r=0.05|gamma=0.5,0.05,0.5,3,1,auprc,0.49642321467399597
validate,Pneumothorax__Support Devices,Pneumothorax,Support Devices,anchor_plus_relational_witness,anchor_plus_relational_witness|r=0.05|gamma=0.5,0.05,0.5,3,1,f1,0.6666666865348816
validate,Pneumothorax__Support Devices,Pneumothorax,Support Devices,anchor_plus_relational_witness,anchor_plus_relational_witness|r=0.05|gamma=0.5,0.05,0.5,3,1,brier,0.25001636147499084
validate,Pneumothorax__Support Devices,Pneumothorax,Support Devices,anchor_plus_relational_witness,anchor_plus_relational_witness|r=0.05|gamma=0.5,0.05,0.5,3,1,ece,0.004765152931213379
validate,Pneumothorax__Support Devices,Pneumothorax,Support Devices,anchor_plus_relational_witness,anchor_plus_relational_witness|r=0.05|gamma=0.5,0.05,0.5,3,1,sms_raw_logit,0.05450931563973427
validate,Pneumothorax__Support Devices,Pneumothorax,Support Devices,anchor_plus_relational_witness,anchor_plus_relational_witness|r=0.05|gamma=0.5,0.05,0.5,3,1,sms_fixed_reference,2.8846426010131836
validate,Pneumothorax__Support Devices,Pneumothorax,Support Devices,anchor_plus_relational_witness,anchor_plus_relational_witness|r=0.05|gamma=0.5,0.05,0.5,3,1,ranking_disagreement,0.4834962487220764
validate,Pneumothorax__Support Devices,Pneumothorax,Support Devices,anchor_plus_relational_witness,anchor_plus_relational_witness|r=0.05|gamma=0.5,0.05,0.5,3,1,support_swap_flip_rate,0.0
validate,Pneumothorax__Support Devices,Pneumothorax,Support Devices,anchor_plus_relational_witness,anchor_plus_relational_witness|r=0.05|gamma=0.5,0.05,0.5,3,1,d0_auroc,0.47839999198913574
validate,Pneumothorax__Support Devices,Pneumothorax,Support Devices,anchor_plus_relational_witness,anchor_plus_relational_witness|r=0.05|gamma=0.5,0.05,0.5,3,1,d1_auroc,0.5478000044822693
validate,Pneumothorax__Support Devices,Pneumothorax,Support Devices,anchor_plus_relational_witness,anchor_plus_relational_witness|r=0.05|gamma=0.5,0.05,0.5,3,1,worst_nuisance_auroc,0.47839999198913574
validate,Pneumothorax__Support Devices,Pneumothorax,Support Devices,anchor_plus_relational_witness,anchor_plus_relational_witness|r=0.05|gamma=0.5,0.05,0.5,3,1,border_max_fraction,0.4300000071525574
test,Pneumothorax__Support Devices,Pneumothorax,Support Devices,anchor_plus_relational_witness,anchor_plus_relational_witness|r=0.05|gamma=0.5,0.05,0.5,3,1,auroc,0.5275874733924866
test,Pneumothorax__Support Devices,Pneumothorax,Support Devices,anchor_plus_relational_witness,anchor_plus_relational_witness|r=0.05|gamma=0.5,0.05,0.5,3,1,auprc,0.5388030409812927
test,Pneumothorax__Support Devices,Pneumothorax,Support Devices,anchor_plus_relational_witness,anchor_plus_relational_witness|r=0.05|gamma=0.5,0.05,0.5,3,1,f1,0.6666666865348816
test,Pneumothorax__Support Devices,Pneumothorax,Support Devices,anchor_plus_relational_witness,anchor_plus_relational_witness|r=0.05|gamma=0.5,0.05,0.5,3,1,brier,0.24997802078723907
test,Pneumothorax__Support Devices,Pneumothorax,Support Devices,anchor_plus_relational_witness,anchor_plus_relational_witness|r=0.05|gamma=0.5,0.05,0.5,3,1,ece,0.004801571369171143
test,Pneumothorax__Support Devices,Pneumothorax,Support Devices,anchor_plus_relational_witness,anchor_plus_relational_witness|r=0.05|gamma=0.5,0.05,0.5,3,1,sms_raw_logit,0.05434943735599518
test,Pneumothorax__Support Devices,Pneumothorax,Support Devices,anchor_plus_relational_witness,anchor_plus_relational_witness|r=0.05|gamma=0.5,0.05,0.5,3,1,sms_fixed_reference,2.8756253719329834
test,Pneumothorax__Support Devices,Pneumothorax,Support Devices,anchor_plus_relational_witness,anchor_plus_relational_witness|r=0.05|gamma=0.5,0.05,0.5,3,1,ranking_disagreement,0.5149999856948853
test,Pneumothorax__Support Devices,Pneumothorax,Support Devices,anchor_plus_relational_witness,anchor_plus_relational_witness|r=0.05|gamma=0.5,0.05,0.5,3,1,support_swap_flip_rate,0.0
test,Pneumothorax__Support Devices,Pneumothorax,Support Devices,anchor_plus_relational_witness,anchor_plus_relational_witness|r=0.05|gamma=0.5,0.05,0.5,3,1,d0_auroc,0.5443500280380249
test,Pneumothorax__Support Devices,Pneumothorax,Support Devices,anchor_plus_relational_witness,anchor_plus_relational_witness|r=0.05|gamma=0.5,0.05,0.5,3,1,d1_auroc,0.5091000199317932
test,Pneumothorax__Support Devices,Pneumothorax,Support Devices,anchor_plus_relational_witness,anchor_plus_relational_witness|r=0.05|gamma=0.5,0.05,0.5,3,1,worst_nuisance_auroc,0.5091000199317932
test,Pneumothorax__Support Devices,Pneumothorax,Support Devices,anchor_plus_relational_witness,anchor_plus_relational_witness|r=0.05|gamma=0.5,0.05,0.5,3,1,border_max_fraction,0.3174999952316284
validate,Pneumothorax__Support Devices,Pneumothorax,Support Devices,anchor_plus_relational_witness,anchor_plus_relational_witness|r=0.05|gamma=0.5,0.05,0.5,3,2,auroc,0.5086625218391418
validate,Pneumothorax__Support Devices,Pneumothorax,Support Devices,anchor_plus_relational_witness,anchor_plus_relational_witness|r=0.05|gamma=0.5,0.05,0.5,3,2,auprc,0.496528685092926
validate,Pneumothorax__Support Devices,Pneumothorax,Support Devices,anchor_plus_relational_witness,anchor_plus_relational_witness|r=0.05|gamma=0.5,0.05,0.5,3,2,f1,0.6666666865348816
validate,Pneumothorax__Support Devices,Pneumothorax,Support Devices,anchor_plus_relational_witness,anchor_plus_relational_witness|r=0.05|gamma=0.5,0.05,0.5,3,2,brier,0.25001949071884155
validate,Pneumothorax__Support Devices,Pneumothorax,Support Devices,anchor_plus_relational_witness,anchor_plus_relational_witness|r=0.05|gamma=0.5,0.05,0.5,3,2,ece,0.004830121994018555
validate,Pneumothorax__Support Devices,Pneumothorax,Support Devices,anchor_plus_relational_witness,anchor_plus_relational_witness|r=0.05|gamma=0.5,0.05,0.5,3,2,sms_raw_logit,0.053010474890470505
validate,Pneumothorax__Support Devices,Pneumothorax,Support Devices,anchor_plus_relational_witness,anchor_plus_relational_witness|r=0.05|gamma=0.5,0.05,0.5,3,2,sms_fixed_reference,2.886058807373047
validate,Pneumothorax__Support Devices,Pneumothorax,Support Devices,anchor_plus_relational_witness,anchor_plus_relational_witness|r=0.05|gamma=0.5,0.05,0.5,3,2,ranking_disagreement,0.49944862723350525
validate,Pneumothorax__Support Devices,Pneumothorax,Support Devices,anchor_plus_relational_witness,anchor_plus_relational_witness|r=0.05|gamma=0.5,0.05,0.5,3,2,support_swap_flip_rate,0.0
validate,Pneumothorax__Support Devices,Pneumothorax,Support Devices,anchor_plus_relational_witness,anchor_plus_relational_witness|r=0.05|gamma=0.5,0.05,0.5,3,2,d0_auroc,0.5146999955177307
validate,Pneumothorax__Support Devices,Pneumothorax,Support Devices,anchor_plus_relational_witness,anchor_plus_relational_witness|r=0.05|gamma=0.5,0.05,0.5,3,2,d1_auroc,0.5012999773025513
validate,Pneumothorax__Support Devices,Pneumothorax,Support Devices,anchor_plus_relational_witness,anchor_plus_relational_witness|r=0.05|gamma=0.5,0.05,0.5,3,2,worst_nuisance_auroc,0.5012999773025513
validate,Pneumothorax__Support Devices,Pneumothorax,Support Devices,anchor_plus_relational_witness,anchor_plus_relational_witness|r=0.05|gamma=0.5,0.05,0.5,3,2,border_max_fraction,0.3075000047683716
test,Pneumothorax__Support Devices,Pneumothorax,Support Devices,anchor_plus_relational_witness,anchor_plus_relational_witness|r=0.05|gamma=0.5,0.05,0.5,3,2,auroc,0.5454750061035156
test,Pneumothorax__Support Devices,Pneumothorax,Support Devices,anchor_plus_relational_witness,anchor_plus_relational_witness|r=0.05|gamma=0.5,0.05,0.5,3,2,auprc,0.5440791845321655
test,Pneumothorax__Support Devices,Pneumothorax,Support Devices,anchor_plus_relational_witness,anchor_plus_relational_witness|r=0.05|gamma=0.5,0.05,0.5,3,2,f1,0.6666666865348816
test,Pneumothorax__Support Devices,Pneumothorax,Support Devices,anchor_plus_relational_witness,anchor_plus_relational_witness|r=0.05|gamma=0.5,0.05,0.5,3,2,brier,0.24993263185024261
test,Pneumothorax__Support Devices,Pneumothorax,Support Devices,anchor_plus_relational_witness,anchor_plus_relational_witness|r=0.05|gamma=0.5,0.05,0.5,3,2,ece,0.004821479320526123
test,Pneumothorax__Support Devices,Pneumothorax,Support Devices,anchor_plus_relational_witness,anchor_plus_relational_witness|r=0.05|gamma=0.5,0.05,0.5,3,2,sms_raw_logit,0.05760679766535759
test,Pneumothorax__Support Devices,Pneumothorax,Support Devices,anchor_plus_relational_witness,anchor_plus_relational_witness|r=0.05|gamma=0.5,0.05,0.5,3,2,sms_fixed_reference,2.926589250564575
test,Pneumothorax__Support Devices,Pneumothorax,Support Devices,anchor_plus_relational_witness,anchor_plus_relational_witness|r=0.05|gamma=0.5,0.05,0.5,3,2,ranking_disagreement,0.5103132724761963
test,Pneumothorax__Support Devices,Pneumothorax,Support Devices,anchor_plus_relational_witness,anchor_plus_relational_witness|r=0.05|gamma=0.5,0.05,0.5,3,2,support_swap_flip_rate,0.0
test,Pneumothorax__Support Devices,Pneumothorax,Support Devices,anchor_plus_relational_witness,anchor_plus_relational_witness|r=0.05|gamma=0.5,0.05,0.5,3,2,d0_auroc,0.5449000000953674
test,Pneumothorax__Support Devices,Pneumothorax,Support Devices,anchor_plus_relational_witness,anchor_plus_relational_witness|r=0.05|gamma=0.5,0.05,0.5,3,2,d1_auroc,0.5468999743461609
test,Pneumothorax__Support Devices,Pneumothorax,Support Devices,anchor_plus_relational_witness,anchor_plus_relational_witness|r=0.05|gamma=0.5,0.05,0.5,3,2,worst_nuisance_auroc,0.5449000000953674
test,Pneumothorax__Support Devices,Pneumothorax,Support Devices,anchor_plus_relational_witness,anchor_plus_relational_witness|r=0.05|gamma=0.5,0.05,0.5,3,2,border_max_fraction,0.27000001072883606
validate,Pneumothorax__Support Devices,Pneumothorax,Support Devices,anchor_plus_relational_witness,anchor_plus_relational_witness|r=0.05|gamma=0.5,0.05,0.5,3,3,auroc,0.5472750067710876
validate,Pneumothorax__Support Devices,Pneumothorax,Support Devices,anchor_plus_relational_witness,anchor_plus_relational_witness|r=0.05|gamma=0.5,0.05,0.5,3,3,auprc,0.5325452089309692
validate,Pneumothorax__Support Devices,Pneumothorax,Support Devices,anchor_plus_relational_witness,anchor_plus_relational_witness|r=0.05|gamma=0.5,0.05,0.5,3,3,f1,0.6666666865348816
validate,Pneumothorax__Support Devices,Pneumothorax,Support Devices,anchor_plus_relational_witness,anchor_plus_relational_witness|r=0.05|gamma=0.5,0.05,0.5,3,3,brier,0.24996060132980347
validate,Pneumothorax__Support Devices,Pneumothorax,Support Devices,anchor_plus_relational_witness,anchor_plus_relational_witness|r=0.05|gamma=0.5,0.05,0.5,3,3,ece,0.004742324352264404
validate,Pneumothorax__Support Devices,Pneumothorax,Support Devices,anchor_plus_relational_witness,anchor_plus_relational_witness|r=0.05|gamma=0.5,0.05,0.5,3,3,sms_raw_logit,0.05181603878736496
validate,Pneumothorax__Support Devices,Pneumothorax,Support Devices,anchor_plus_relational_witness,anchor_plus_relational_witness|r=0.05|gamma=0.5,0.05,0.5,3,3,sms_fixed_reference,2.7607223987579346
validate,Pneumothorax__Support Devices,Pneumothorax,Support Devices,anchor_plus_relational_witness,anchor_plus_relational_witness|r=0.05|gamma=0.5,0.05,0.5,3,3,ranking_disagreement,0.5034084916114807
validate,Pneumothorax__Support Devices,Pneumothorax,Support Devices,anchor_plus_relational_witness,anchor_plus_relational_witness|r=0.05|gamma=0.5,0.05,0.5,3,3,support_swap_flip_rate,0.0
validate,Pneumothorax__Support Devices,Pneumothorax,Support Devices,anchor_plus_relational_witness,anchor_plus_relational_witness|r=0.05|gamma=0.5,0.05,0.5,3,3,d0_auroc,0.5230000019073486
validate,Pneumothorax__Support Devices,Pneumothorax,Support Devices,anchor_plus_relational_witness,anchor_plus_relational_witness|r=0.05|gamma=0.5,0.05,0.5,3,3,d1_auroc,0.5716500282287598
validate,Pneumothorax__Support Devices,Pneumothorax,Support Devices,anchor_plus_relational_witness,anchor_plus_relational_witness|r=0.05|gamma=0.5,0.05,0.5,3,3,worst_nuisance_auroc,0.5230000019073486
validate,Pneumothorax__Support Devices,Pneumothorax,Support Devices,anchor_plus_relational_witness,anchor_plus_relational_witness|r=0.05|gamma=0.5,0.05,0.5,3,3,border_max_fraction,0.2874999940395355
test,Pneumothorax__Support Devices,Pneumothorax,Support Devices,anchor_plus_relational_witness,anchor_plus_relational_witness|r=0.05|gamma=0.5,0.05,0.5,3,3,auroc,0.5091000199317932
test,Pneumothorax__Support Devices,Pneumothorax,Support Devices,anchor_plus_relational_witness,anchor_plus_relational_witness|r=0.05|gamma=0.5,0.05,0.5,3,3,auprc,0.5495545268058777
test,Pneumothorax__Support Devices,Pneumothorax,Support Devices,anchor_plus_relational_witness,anchor_plus_relational_witness|r=0.05|gamma=0.5,0.05,0.5,3,3,f1,0.6666666865348816
test,Pneumothorax__Support Devices,Pneumothorax,Support Devices,anchor_plus_relational_witness,anchor_plus_relational_witness|r=0.05|gamma=0.5,0.05,0.5,3,3,brier,0.2499997317790985
test,Pneumothorax__Support Devices,Pneumothorax,Support Devices,anchor_plus_relational_witness,anchor_plus_relational_witness|r=0.05|gamma=0.5,0.05,0.5,3,3,ece,0.004963278770446777
test,Pneumothorax__Support Devices,Pneumothorax,Support Devices,anchor_plus_relational_witness,anchor_plus_relational_witness|r=0.05|gamma=0.5,0.05,0.5,3,3,sms_raw_logit,0.054413728415966034
test,Pneumothorax__Support Devices,Pneumothorax,Support Devices,anchor_plus_relational_witness,anchor_plus_relational_witness|r=0.05|gamma=0.5,0.05,0.5,3,3,sms_fixed_reference,2.7289931774139404
test,Pneumothorax__Support Devices,Pneumothorax,Support Devices,anchor_plus_relational_witness,anchor_plus_relational_witness|r=0.05|gamma=0.5,0.05,0.5,3,3,ranking_disagreement,0.49838346242904663
test,Pneumothorax__Support Devices,Pneumothorax,Support Devices,anchor_plus_relational_witness,anchor_plus_relational_witness|r=0.05|gamma=0.5,0.05,0.5,3,3,support_swap_flip_rate,0.0
test,Pneumothorax__Support Devices,Pneumothorax,Support Devices,anchor_plus_relational_witness,anchor_plus_relational_witness|r=0.05|gamma=0.5,0.05,0.5,3,3,d0_auroc,0.4966000020503998
test,Pneumothorax__Support Devices,Pneumothorax,Support Devices,anchor_plus_relational_witness,anchor_plus_relational_witness|r=0.05|gamma=0.5,0.05,0.5,3,3,d1_auroc,0.5174000263214111
test,Pneumothorax__Support Devices,Pneumothorax,Support Devices,anchor_plus_relational_witness,anchor_plus_relational_witness|r=0.05|gamma=0.5,0.05,0.5,3,3,worst_nuisance_auroc,0.4966000020503998
test,Pneumothorax__Support Devices,Pneumothorax,Support Devices,anchor_plus_relational_witness,anchor_plus_relational_witness|r=0.05|gamma=0.5,0.05,0.5,3,3,border_max_fraction,0.36000001430511475
validate,Pneumothorax__Support Devices,Pneumothorax,Support Devices,anchor_plus_relational_witness,anchor_plus_relational_witness|r=0.05|gamma=0.5,0.05,0.5,3,4,auroc,0.5042625069618225
validate,Pneumothorax__Support Devices,Pneumothorax,Support Devices,anchor_plus_relational_witness,anchor_plus_relational_witness|r=0.05|gamma=0.5,0.05,0.5,3,4,auprc,0.5214278101921082
validate,Pneumothorax__Support Devices,Pneumothorax,Support Devices,anchor_plus_relational_witness,anchor_plus_relational_witness|r=0.05|gamma=0.5,0.05,0.5,3,4,f1,0.6677796244621277
validate,Pneumothorax__Support Devices,Pneumothorax,Support Devices,anchor_plus_relational_witness,anchor_plus_relational_witness|r=0.05|gamma=0.5,0.05,0.5,3,4,brier,0.25000640749931335
validate,Pneumothorax__Support Devices,Pneumothorax,Support Devices,anchor_plus_relational_witness,anchor_plus_relational_witness|r=0.05|gamma=0.5,0.05,0.5,3,4,ece,0.004841625690460205
validate,Pneumothorax__Support Devices,Pneumothorax,Support Devices,anchor_plus_relational_witness,anchor_plus_relational_witness|r=0.05|gamma=0.5,0.05,0.5,3,4,sms_raw_logit,0.0538066141307354
validate,Pneumothorax__Support Devices,Pneumothorax,Support Devices,anchor_plus_relational_witness,anchor_plus_relational_witness|r=0.05|gamma=0.5,0.05,0.5,3,4,sms_fixed_reference,3.0443193912506104
validate,Pneumothorax__Support Devices,Pneumothorax,Support Devices,anchor_plus_relational_witness,anchor_plus_relational_witness|r=0.05|gamma=0.5,0.05,0.5,3,4,ranking_disagreement,0.47521302103996277
validate,Pneumothorax__Support Devices,Pneumothorax,Support Devices,anchor_plus_relational_witness,anchor_plus_relational_witness|r=0.05|gamma=0.5,0.05,0.5,3,4,support_swap_flip_rate,0.0024999999441206455
validate,Pneumothorax__Support Devices,Pneumothorax,Support Devices,anchor_plus_relational_witness,anchor_plus_relational_witness|r=0.05|gamma=0.5,0.05,0.5,3,4,d0_auroc,0.4523000121116638
validate,Pneumothorax__Support Devices,Pneumothorax,Support Devices,anchor_plus_relational_witness,anchor_plus_relational_witness|r=0.05|gamma=0.5,0.05,0.5,3,4,d1_auroc,0.557699978351593
validate,Pneumothorax__Support Devices,Pneumothorax,Support Devices,anchor_plus_relational_witness,anchor_plus_relational_witness|r=0.05|gamma=0.5,0.05,0.5,3,4,worst_nuisance_auroc,0.4523000121116638
validate,Pneumothorax__Support Devices,Pneumothorax,Support Devices,anchor_plus_relational_witness,anchor_plus_relational_witness|r=0.05|gamma=0.5,0.05,0.5,3,4,border_max_fraction,0.3449999988079071
test,Pneumothorax__Support Devices,Pneumothorax,Support Devices,anchor_plus_relational_witness,anchor_plus_relational_witness|r=0.05|gamma=0.5,0.05,0.5,3,4,auroc,0.5022125244140625
test,Pneumothorax__Support Devices,Pneumothorax,Support Devices,anchor_plus_relational_witness,anchor_plus_relational_witness|r=0.05|gamma=0.5,0.05,0.5,3,4,auprc,0.5048102736473083
test,Pneumothorax__Support Devices,Pneumothorax,Support Devices,anchor_plus_relational_witness,anchor_plus_relational_witness|r=0.05|gamma=0.5,0.05,0.5,3,4,f1,0.6666666865348816
test,Pneumothorax__Support Devices,Pneumothorax,Support Devices,anchor_plus_relational_witness,anchor_plus_relational_witness|r=0.05|gamma=0.5,0.05,0.5,3,4,brier,0.25000807642936707
test,Pneumothorax__Support Devices,Pneumothorax,Support Devices,anchor_plus_relational_witness,anchor_plus_relational_witness|r=0.05|gamma=0.5,0.05,0.5,3,4,ece,0.004839539527893066
test,Pneumothorax__Support Devices,Pneumothorax,Support Devices,anchor_plus_relational_witness,anchor_plus_relational_witness|r=0.05|gamma=0.5,0.05,0.5,3,4,sms_raw_logit,0.05573839694261551
test,Pneumothorax__Support Devices,Pneumothorax,Support Devices,anchor_plus_relational_witness,anchor_plus_relational_witness|r=0.05|gamma=0.5,0.05,0.5,3,4,sms_fixed_reference,3.0688910484313965
test,Pneumothorax__Support Devices,Pneumothorax,Support Devices,anchor_plus_relational_witness,anchor_plus_relational_witness|r=0.05|gamma=0.5,0.05,0.5,3,4,ranking_disagreement,0.4875313341617584
test,Pneumothorax__Support Devices,Pneumothorax,Support Devices,anchor_plus_relational_witness,anchor_plus_relational_witness|r=0.05|gamma=0.5,0.05,0.5,3,4,support_swap_flip_rate,0.0
test,Pneumothorax__Support Devices,Pneumothorax,Support Devices,anchor_plus_relational_witness,anchor_plus_relational_witness|r=0.05|gamma=0.5,0.05,0.5,3,4,d0_auroc,0.48330000042915344
test,Pneumothorax__Support Devices,Pneumothorax,Support Devices,anchor_plus_relational_witness,anchor_plus_relational_witness|r=0.05|gamma=0.5,0.05,0.5,3,4,d1_auroc,0.5192000269889832
test,Pneumothorax__Support Devices,Pneumothorax,Support Devices,anchor_plus_relational_witness,anchor_plus_relational_witness|r=0.05|gamma=0.5,0.05,0.5,3,4,worst_nuisance_auroc,0.48330000042915344
test,Pneumothorax__Support Devices,Pneumothorax,Support Devices,anchor_plus_relational_witness,anchor_plus_relational_witness|r=0.05|gamma=0.5,0.05,0.5,3,4,border_max_fraction,0.38749998807907104
validate,Pneumothorax__Support Devices,Pneumothorax,Support Devices,anchor_plus_relational_witness,anchor_plus_relational_witness|r=0.1|gamma=0.1,0.1,0.1,3,0,auroc,0.5330749750137329
validate,Pneumothorax__Support Devices,Pneumothorax,Support Devices,anchor_plus_relational_witness,anchor_plus_relational_witness|r=0.1|gamma=0.1,0.1,0.1,3,0,auprc,0.5310009717941284
validate,Pneumothorax__Support Devices,Pneumothorax,Support Devices,anchor_plus_relational_witness,anchor_plus_relational_witness|r=0.1|gamma=0.1,0.1,0.1,3,0,f1,0.6666666865348816
validate,Pneumothorax__Support Devices,Pneumothorax,Support Devices,anchor_plus_relational_witness,anchor_plus_relational_witness|r=0.1|gamma=0.1,0.1,0.1,3,0,brier,0.24993349611759186
validate,Pneumothorax__Support Devices,Pneumothorax,Support Devices,anchor_plus_relational_witness,anchor_plus_relational_witness|r=0.1|gamma=0.1,0.1,0.1,3,0,ece,0.007601797580718994
validate,Pneumothorax__Support Devices,Pneumothorax,Support Devices,anchor_plus_relational_witness,anchor_plus_relational_witness|r=0.1|gamma=0.1,0.1,0.1,3,0,sms_raw_logit,0.01142091304063797
validate,Pneumothorax__Support Devices,Pneumothorax,Support Devices,anchor_plus_relational_witness,anchor_plus_relational_witness|r=0.1|gamma=0.1,0.1,0.1,3,0,sms_fixed_reference,0.6236621737480164
validate,Pneumothorax__Support Devices,Pneumothorax,Support Devices,anchor_plus_relational_witness,anchor_plus_relational_witness|r=0.1|gamma=0.1,0.1,0.1,3,0,ranking_disagreement,0.4932768642902374
validate,Pneumothorax__Support Devices,Pneumothorax,Support Devices,anchor_plus_relational_witness,anchor_plus_relational_witness|r=0.1|gamma=0.1,0.1,0.1,3,0,support_swap_flip_rate,0.0
validate,Pneumothorax__Support Devices,Pneumothorax,Support Devices,anchor_plus_relational_witness,anchor_plus_relational_witness|r=0.1|gamma=0.1,0.1,0.1,3,0,d0_auroc,0.5242000222206116
validate,Pneumothorax__Support Devices,Pneumothorax,Support Devices,anchor_plus_relational_witness,anchor_plus_relational_witness|r=0.1|gamma=0.1,0.1,0.1,3,0,d1_auroc,0.5396999716758728
validate,Pneumothorax__Support Devices,Pneumothorax,Support Devices,anchor_plus_relational_witness,anchor_plus_relational_witness|r=0.1|gamma=0.1,0.1,0.1,3,0,worst_nuisance_auroc,0.5242000222206116
validate,Pneumothorax__Support Devices,Pneumothorax,Support Devices,anchor_plus_relational_witness,anchor_plus_relational_witness|r=0.1|gamma=0.1,0.1,0.1,3,0,border_max_fraction,0.29499998688697815
test,Pneumothorax__Support Devices,Pneumothorax,Support Devices,anchor_plus_relational_witness,anchor_plus_relational_witness|r=0.1|gamma=0.1,0.1,0.1,3,0,auroc,0.49576249718666077
test,Pneumothorax__Support Devices,Pneumothorax,Support Devices,anchor_plus_relational_witness,anchor_plus_relational_witness|r=0.1|gamma=0.1,0.1,0.1,3,0,auprc,0.5008624792098999
test,Pneumothorax__Support Devices,Pneumothorax,Support Devices,anchor_plus_relational_witness,anchor_plus_relational_witness|r=0.1|gamma=0.1,0.1,0.1,3,0,f1,0.6666666865348816
test,Pneumothorax__Support Devices,Pneumothorax,Support Devices,anchor_plus_relational_witness,anchor_plus_relational_witness|r=0.1|gamma=0.1,0.1,0.1,3,0,brier,0.25008925795555115
test,Pneumothorax__Support Devices,Pneumothorax,Support Devices,anchor_plus_relational_witness,anchor_plus_relational_witness|r=0.1|gamma=0.1,0.1,0.1,3,0,ece,0.007536828517913818
test,Pneumothorax__Support Devices,Pneumothorax,Support Devices,anchor_plus_relational_witness,anchor_plus_relational_witness|r=0.1|gamma=0.1,0.1,0.1,3,0,sms_raw_logit,0.011403468437492847
test,Pneumothorax__Support Devices,Pneumothorax,Support Devices,anchor_plus_relational_witness,anchor_plus_relational_witness|r=0.1|gamma=0.1,0.1,0.1,3,0,sms_fixed_reference,0.6291161179542542
test,Pneumothorax__Support Devices,Pneumothorax,Support Devices,anchor_plus_relational_witness,anchor_plus_relational_witness|r=0.1|gamma=0.1,0.1,0.1,3,0,ranking_disagreement,0.4994799494743347
test,Pneumothorax__Support Devices,Pneumothorax,Support Devices,anchor_plus_relational_witness,anchor_plus_relational_witness|r=0.1|gamma=0.1,0.1,0.1,3,0,support_swap_flip_rate,0.0
test,Pneumothorax__Support Devices,Pneumothorax,Support Devices,anchor_plus_relational_witness,anchor_plus_relational_witness|r=0.1|gamma=0.1,0.1,0.1,3,0,d0_auroc,0.511900007724762
test,Pneumothorax__Support Devices,Pneumothorax,Support Devices,anchor_plus_relational_witness,anchor_plus_relational_witness|r=0.1|gamma=0.1,0.1,0.1,3,0,d1_auroc,0.4778499901294708
test,Pneumothorax__Support Devices,Pneumothorax,Support Devices,anchor_plus_relational_witness,anchor_plus_relational_witness|r=0.1|gamma=0.1,0.1,0.1,3,0,worst_nuisance_auroc,0.4778499901294708
test,Pneumothorax__Support Devices,Pneumothorax,Support Devices,anchor_plus_relational_witness,anchor_plus_relational_witness|r=0.1|gamma=0.1,0.1,0.1,3,0,border_max_fraction,0.2524999976158142
validate,Pneumothorax__Support Devices,Pneumothorax,Support Devices,anchor_plus_relational_witness,anchor_plus_relational_witness|r=0.1|gamma=0.1,0.1,0.1,3,1,auroc,0.5225874781608582
validate,Pneumothorax__Support Devices,Pneumothorax,Support Devices,anchor_plus_relational_witness,anchor_plus_relational_witness|r=0.1|gamma=0.1,0.1,0.1,3,1,auprc,0.5148090124130249
validate,Pneumothorax__Support Devices,Pneumothorax,Support Devices,anchor_plus_relational_witness,anchor_plus_relational_witness|r=0.1|gamma=0.1,0.1,0.1,3,1,f1,0.6666666865348816
validate,Pneumothorax__Support Devices,Pneumothorax,Support Devices,anchor_plus_relational_witness,anchor_plus_relational_witness|r=0.1|gamma=0.1,0.1,0.1,3,1,brier,0.24997545778751373
validate,Pneumothorax__Support Devices,Pneumothorax,Support Devices,anchor_plus_relational_witness,anchor_plus_relational_witness|r=0.1|gamma=0.1,0.1,0.1,3,1,ece,0.0037023425102233887
validate,Pneumothorax__Support Devices,Pneumothorax,Support Devices,anchor_plus_relational_witness,anchor_plus_relational_witness|r=0.1|gamma=0.1,0.1,0.1,3,1,sms_raw_logit,0.011810410767793655
validate,Pneumothorax__Support Devices,Pneumothorax,Support Devices,anchor_plus_relational_witness,anchor_plus_relational_witness|r=0.1|gamma=0.1,0.1,0.1,3,1,sms_fixed_reference,0.6250090599060059
validate,Pneumothorax__Support Devices,Pneumothorax,Support Devices,anchor_plus_relational_witness,anchor_plus_relational_witness|r=0.1|gamma=0.1,0.1,0.1,3,1,ranking_disagreement,0.49800750613212585
validate,Pneumothorax__Support Devices,Pneumothorax,Support Devices,anchor_plus_relational_witness,anchor_plus_relational_witness|r=0.1|gamma=0.1,0.1,0.1,3,1,support_swap_flip_rate,0.0
validate,Pneumothorax__Support Devices,Pneumothorax,Support Devices,anchor_plus_relational_witness,anchor_plus_relational_witness|r=0.1|gamma=0.1,0.1,0.1,3,1,d0_auroc,0.49790000915527344
validate,Pneumothorax__Support Devices,Pneumothorax,Support Devices,anchor_plus_relational_witness,anchor_plus_relational_witness|r=0.1|gamma=0.1,0.1,0.1,3,1,d1_auroc,0.5468999743461609
validate,Pneumothorax__Support Devices,Pneumothorax,Support Devices,anchor_plus_relational_witness,anchor_plus_relational_witness|r=0.1|gamma=0.1,0.1,0.1,3,1,worst_nuisance_auroc,0.49790000915527344
validate,Pneumothorax__Support Devices,Pneumothorax,Support Devices,anchor_plus_relational_witness,anchor_plus_relational_witness|r=0.1|gamma=0.1,0.1,0.1,3,1,border_max_fraction,0.3199999928474426
test,Pneumothorax__Support Devices,Pneumothorax,Support Devices,anchor_plus_relational_witness,anchor_plus_relational_witness|r=0.1|gamma=0.1,0.1,0.1,3,1,auroc,0.5299500226974487
test,Pneumothorax__Support Devices,Pneumothorax,Support Devices,anchor_plus_relational_witness,anchor_plus_relational_witness|r=0.1|gamma=0.1,0.1,0.1,3,1,auprc,0.5444849729537964
test,Pneumothorax__Support Devices,Pneumothorax,Support Devices,anchor_plus_relational_witness,anchor_plus_relational_witness|r=0.1|gamma=0.1,0.1,0.1,3,1,f1,0.6666666865348816
test,Pneumothorax__Support Devices,Pneumothorax,Support Devices,anchor_plus_relational_witness,anchor_plus_relational_witness|r=0.1|gamma=0.1,0.1,0.1,3,1,brier,0.24994422495365143
test,Pneumothorax__Support Devices,Pneumothorax,Support Devices,anchor_plus_relational_witness,anchor_plus_relational_witness|r=0.1|gamma=0.1,0.1,0.1,3,1,ece,0.003716707229614258
test,Pneumothorax__Support Devices,Pneumothorax,Support Devices,anchor_plus_relational_witness,anchor_plus_relational_witness|r=0.1|gamma=0.1,0.1,0.1,3,1,sms_raw_logit,0.0110888397321105
test,Pneumothorax__Support Devices,Pneumothorax,Support Devices,anchor_plus_relational_witness,anchor_plus_relational_witness|r=0.1|gamma=0.1,0.1,0.1,3,1,sms_fixed_reference,0.5867098569869995
test,Pneumothorax__Support Devices,Pneumothorax,Support Devices,anchor_plus_relational_witness,anchor_plus_relational_witness|r=0.1|gamma=0.1,0.1,0.1,3,1,ranking_disagreement,0.4641979932785034
test,Pneumothorax__Support Devices,Pneumothorax,Support Devices,anchor_plus_relational_witness,anchor_plus_relational_witness|r=0.1|gamma=0.1,0.1,0.1,3,1,support_swap_flip_rate,0.0
test,Pneumothorax__Support Devices,Pneumothorax,Support Devices,anchor_plus_relational_witness,anchor_plus_relational_witness|r=0.1|gamma=0.1,0.1,0.1,3,1,d0_auroc,0.5507000088691711
test,Pneumothorax__Support Devices,Pneumothorax,Support Devices,anchor_plus_relational_witness,anchor_plus_relational_witness|r=0.1|gamma=0.1,0.1,0.1,3,1,d1_auroc,0.5087000131607056
test,Pneumothorax__Support Devices,Pneumothorax,Support Devices,anchor_plus_relational_witness,anchor_plus_relational_witness|r=0.1|gamma=0.1,0.1,0.1,3,1,worst_nuisance_auroc,0.5087000131607056
test,Pneumothorax__Support Devices,Pneumothorax,Support Devices,anchor_plus_relational_witness,anchor_plus_relational_witness|r=0.1|gamma=0.1,0.1,0.1,3,1,border_max_fraction,0.2775000035762787
validate,Pneumothorax__Support Devices,Pneumothorax,Support Devices,anchor_plus_relational_witness,anchor_plus_relational_witness|r=0.1|gamma=0.1,0.1,0.1,3,2,auroc,0.5438249707221985
validate,Pneumothorax__Support Devices,Pneumothorax,Support Devices,anchor_plus_relational_witness,anchor_plus_relational_witness|r=0.1|gamma=0.1,0.1,0.1,3,2,auprc,0.516103982925415
validate,Pneumothorax__Support Devices,Pneumothorax,Support Devices,anchor_plus_relational_witness,anchor_plus_relational_witness|r=0.1|gamma=0.1,0.1,0.1,3,2,f1,0.6666666865348816
validate,Pneumothorax__Support Devices,Pneumothorax,Support Devices,anchor_plus_relational_witness,anchor_plus_relational_witness|r=0.1|gamma=0.1,0.1,0.1,3,2,brier,0.24996398389339447
validate,Pneumothorax__Support Devices,Pneumothorax,Support Devices,anchor_plus_relational_witness,anchor_plus_relational_witness|r=0.1|gamma=0.1,0.1,0.1,3,2,ece,0.007499396800994873
validate,Pneumothorax__Support Devices,Pneumothorax,Support Devices,anchor_plus_relational_witness,anchor_plus_relational_witness|r=0.1|gamma=0.1,0.1,0.1,3,2,sms_raw_logit,0.011135623790323734
validate,Pneumothorax__Support Devices,Pneumothorax,Support Devices,anchor_plus_relational_witness,anchor_plus_relational_witness|r=0.1|gamma=0.1,0.1,0.1,3,2,sms_fixed_reference,0.6062588095664978
validate,Pneumothorax__Support Devices,Pneumothorax,Support Devices,anchor_plus_relational_witness,anchor_plus_relational_witness|r=0.1|gamma=0.1,0.1,0.1,3,2,ranking_disagreement,0.4993358254432678
validate,Pneumothorax__Support Devices,Pneumothorax,Support Devices,anchor_plus_relational_witness,anchor_plus_relational_witness|r=0.1|gamma=0.1,0.1,0.1,3,2,support_swap_flip_rate,0.0
validate,Pneumothorax__Support Devices,Pneumothorax,Support Devices,anchor_plus_relational_witness,anchor_plus_relational_witness|r=0.1|gamma=0.1,0.1,0.1,3,2,d0_auroc,0.5564000010490417
validate,Pneumothorax__Support Devices,Pneumothorax,Support Devices,anchor_plus_relational_witness,anchor_plus_relational_witness|r=0.1|gamma=0.1,0.1,0.1,3,2,d1_auroc,0.5277000069618225
validate,Pneumothorax__Support Devices,Pneumothorax,Support Devices,anchor_plus_relational_witness,anchor_plus_relational_witness|r=0.1|gamma=0.1,0.1,0.1,3,2,worst_nuisance_auroc,0.5277000069618225
validate,Pneumothorax__Support Devices,Pneumothorax,Support Devices,anchor_plus_relational_witness,anchor_plus_relational_witness|r=0.1|gamma=0.1,0.1,0.1,3,2,border_max_fraction,0.27000001072883606
test,Pneumothorax__Support Devices,Pneumothorax,Support Devices,anchor_plus_relational_witness,anchor_plus_relational_witness|r=0.1|gamma=0.1,0.1,0.1,3,2,auroc,0.5490999817848206
test,Pneumothorax__Support Devices,Pneumothorax,Support Devices,anchor_plus_relational_witness,anchor_plus_relational_witness|r=0.1|gamma=0.1,0.1,0.1,3,2,auprc,0.5530484914779663
test,Pneumothorax__Support Devices,Pneumothorax,Support Devices,anchor_plus_relational_witness,anchor_plus_relational_witness|r=0.1|gamma=0.1,0.1,0.1,3,2,f1,0.6666666865348816
test,Pneumothorax__Support Devices,Pneumothorax,Support Devices,anchor_plus_relational_witness,anchor_plus_relational_witness|r=0.1|gamma=0.1,0.1,0.1,3,2,brier,0.24982868134975433
test,Pneumothorax__Support Devices,Pneumothorax,Support Devices,anchor_plus_relational_witness,anchor_plus_relational_witness|r=0.1|gamma=0.1,0.1,0.1,3,2,ece,0.007453978061676025
test,Pneumothorax__Support Devices,Pneumothorax,Support Devices,anchor_plus_relational_witness,anchor_plus_relational_witness|r=0.1|gamma=0.1,0.1,0.1,3,2,sms_raw_logit,0.012613086961209774
test,Pneumothorax__Support Devices,Pneumothorax,Support Devices,anchor_plus_relational_witness,anchor_plus_relational_witness|r=0.1|gamma=0.1,0.1,0.1,3,2,sms_fixed_reference,0.6407806873321533
test,Pneumothorax__Support Devices,Pneumothorax,Support Devices,anchor_plus_relational_witness,anchor_plus_relational_witness|r=0.1|gamma=0.1,0.1,0.1,3,2,ranking_disagreement,0.5169298052787781
test,Pneumothorax__Support Devices,Pneumothorax,Support Devices,anchor_plus_relational_witness,anchor_plus_relational_witness|r=0.1|gamma=0.1,0.1,0.1,3,2,support_swap_flip_rate,0.0
test,Pneumothorax__Support Devices,Pneumothorax,Support Devices,anchor_plus_relational_witness,anchor_plus_relational_witness|r=0.1|gamma=0.1,0.1,0.1,3,2,d0_auroc,0.5684000253677368
test,Pneumothorax__Support Devices,Pneumothorax,Support Devices,anchor_plus_relational_witness,anchor_plus_relational_witness|r=0.1|gamma=0.1,0.1,0.1,3,2,d1_auroc,0.5303000211715698
test,Pneumothorax__Support Devices,Pneumothorax,Support Devices,anchor_plus_relational_witness,anchor_plus_relational_witness|r=0.1|gamma=0.1,0.1,0.1,3,2,worst_nuisance_auroc,0.5303000211715698
test,Pneumothorax__Support Devices,Pneumothorax,Support Devices,anchor_plus_relational_witness,anchor_plus_relational_witness|r=0.1|gamma=0.1,0.1,0.1,3,2,border_max_fraction,0.17249999940395355
validate,Pneumothorax__Support Devices,Pneumothorax,Support Devices,anchor_plus_relational_witness,anchor_plus_relational_witness|r=0.1|gamma=0.1,0.1,0.1,3,3,auroc,0.5472999811172485
validate,Pneumothorax__Support Devices,Pneumothorax,Support Devices,anchor_plus_relational_witness,anchor_plus_relational_witness|r=0.1|gamma=0.1,0.1,0.1,3,3,auprc,0.5507498383522034
validate,Pneumothorax__Support Devices,Pneumothorax,Support Devices,anchor_plus_relational_witness,anchor_plus_relational_witness|r=0.1|gamma=0.1,0.1,0.1,3,3,f1,0.6666666865348816
validate,Pneumothorax__Support Devices,Pneumothorax,Support Devices,anchor_plus_relational_witness,anchor_plus_relational_witness|r=0.1|gamma=0.1,0.1,0.1,3,3,brier,0.24992921948432922
validate,Pneumothorax__Support Devices,Pneumothorax,Support Devices,anchor_plus_relational_witness,anchor_plus_relational_witness|r=0.1|gamma=0.1,0.1,0.1,3,3,ece,0.007561624050140381
validate,Pneumothorax__Support Devices,Pneumothorax,Support Devices,anchor_plus_relational_witness,anchor_plus_relational_witness|r=0.1|gamma=0.1,0.1,0.1,3,3,sms_raw_logit,0.01087012980133295
validate,Pneumothorax__Support Devices,Pneumothorax,Support Devices,anchor_plus_relational_witness,anchor_plus_relational_witness|r=0.1|gamma=0.1,0.1,0.1,3,3,sms_fixed_reference,0.5791529417037964
validate,Pneumothorax__Support Devices,Pneumothorax,Support Devices,anchor_plus_relational_witness,anchor_plus_relational_witness|r=0.1|gamma=0.1,0.1,0.1,3,3,ranking_disagreement,0.49955514073371887
validate,Pneumothorax__Support Devices,Pneumothorax,Support Devices,anchor_plus_relational_witness,anchor_plus_relational_witness|r=0.1|gamma=0.1,0.1,0.1,3,3,support_swap_flip_rate,0.0
validate,Pneumothorax__Support Devices,Pneumothorax,Support Devices,anchor_plus_relational_witness,anchor_plus_relational_witness|r=0.1|gamma=0.1,0.1,0.1,3,3,d0_auroc,0.541100025177002
validate,Pneumothorax__Support Devices,Pneumothorax,Support Devices,anchor_plus_relational_witness,anchor_plus_relational_witness|r=0.1|gamma=0.1,0.1,0.1,3,3,d1_auroc,0.5529000163078308
validate,Pneumothorax__Support Devices,Pneumothorax,Support Devices,anchor_plus_relational_witness,anchor_plus_relational_witness|r=0.1|gamma=0.1,0.1,0.1,3,3,worst_nuisance_auroc,0.541100025177002
validate,Pneumothorax__Support Devices,Pneumothorax,Support Devices,anchor_plus_relational_witness,anchor_plus_relational_witness|r=0.1|gamma=0.1,0.1,0.1,3,3,border_max_fraction,0.23499999940395355
test,Pneumothorax__Support Devices,Pneumothorax,Support Devices,anchor_plus_relational_witness,anchor_plus_relational_witness|r=0.1|gamma=0.1,0.1,0.1,3,3,auroc,0.5443249940872192
test,Pneumothorax__Support Devices,Pneumothorax,Support Devices,anchor_plus_relational_witness,anchor_plus_relational_witness|r=0.1|gamma=0.1,0.1,0.1,3,3,auprc,0.5682327151298523
test,Pneumothorax__Support Devices,Pneumothorax,Support Devices,anchor_plus_relational_witness,anchor_plus_relational_witness|r=0.1|gamma=0.1,0.1,0.1,3,3,f1,0.6666666865348816
test,Pneumothorax__Support Devices,Pneumothorax,Support Devices,anchor_plus_relational_witness,anchor_plus_relational_witness|r=0.1|gamma=0.1,0.1,0.1,3,3,brier,0.24987418949604034
test,Pneumothorax__Support Devices,Pneumothorax,Support Devices,anchor_plus_relational_witness,anchor_plus_relational_witness|r=0.1|gamma=0.1,0.1,0.1,3,3,ece,0.007821381092071533
test,Pneumothorax__Support Devices,Pneumothorax,Support Devices,anchor_plus_relational_witness,anchor_plus_relational_witness|r=0.1|gamma=0.1,0.1,0.1,3,3,sms_raw_logit,0.011292416602373123
test,Pneumothorax__Support Devices,Pneumothorax,Support Devices,anchor_plus_relational_witness,anchor_plus_relational_witness|r=0.1|gamma=0.1,0.1,0.1,3,3,sms_fixed_reference,0.566344678401947
test,Pneumothorax__Support Devices,Pneumothorax,Support Devices,anchor_plus_relational_witness,anchor_plus_relational_witness|r=0.1|gamma=0.1,0.1,0.1,3,3,ranking_disagreement,0.4897744357585907
test,Pneumothorax__Support Devices,Pneumothorax,Support Devices,anchor_plus_relational_witness,anchor_plus_relational_witness|r=0.1|gamma=0.1,0.1,0.1,3,3,support_swap_flip_rate,0.0
test,Pneumothorax__Support Devices,Pneumothorax,Support Devices,anchor_plus_relational_witness,anchor_plus_relational_witness|r=0.1|gamma=0.1,0.1,0.1,3,3,d0_auroc,0.5199000239372253
test,Pneumothorax__Support Devices,Pneumothorax,Support Devices,anchor_plus_relational_witness,anchor_plus_relational_witness|r=0.1|gamma=0.1,0.1,0.1,3,3,d1_auroc,0.5705000162124634
test,Pneumothorax__Support Devices,Pneumothorax,Support Devices,anchor_plus_relational_witness,anchor_plus_relational_witness|r=0.1|gamma=0.1,0.1,0.1,3,3,worst_nuisance_auroc,0.5199000239372253
test,Pneumothorax__Support Devices,Pneumothorax,Support Devices,anchor_plus_relational_witness,anchor_plus_relational_witness|r=0.1|gamma=0.1,0.1,0.1,3,3,border_max_fraction,0.2574999928474426
validate,Pneumothorax__Support Devices,Pneumothorax,Support Devices,anchor_plus_relational_witness,anchor_plus_relational_witness|r=0.1|gamma=0.1,0.1,0.1,3,4,auroc,0.5303500294685364
validate,Pneumothorax__Support Devices,Pneumothorax,Support Devices,anchor_plus_relational_witness,anchor_plus_relational_witness|r=0.1|gamma=0.1,0.1,0.1,3,4,auprc,0.5279836058616638
validate,Pneumothorax__Support Devices,Pneumothorax,Support Devices,anchor_plus_relational_witness,anchor_plus_relational_witness|r=0.1|gamma=0.1,0.1,0.1,3,4,f1,0.6666666865348816
validate,Pneumothorax__Support Devices,Pneumothorax,Support Devices,anchor_plus_relational_witness,anchor_plus_relational_witness|r=0.1|gamma=0.1,0.1,0.1,3,4,brier,0.24995353817939758
validate,Pneumothorax__Support Devices,Pneumothorax,Support Devices,anchor_plus_relational_witness,anchor_plus_relational_witness|r=0.1|gamma=0.1,0.1,0.1,3,4,ece,0.007769107818603516
validate,Pneumothorax__Support Devices,Pneumothorax,Support Devices,anchor_plus_relational_witness,anchor_plus_relational_witness|r=0.1|gamma=0.1,0.1,0.1,3,4,sms_raw_logit,0.011499064043164253
validate,Pneumothorax__Support Devices,Pneumothorax,Support Devices,anchor_plus_relational_witness,anchor_plus_relational_witness|r=0.1|gamma=0.1,0.1,0.1,3,4,sms_fixed_reference,0.6506044864654541
validate,Pneumothorax__Support Devices,Pneumothorax,Support Devices,anchor_plus_relational_witness,anchor_plus_relational_witness|r=0.1|gamma=0.1,0.1,0.1,3,4,ranking_disagreement,0.4828696846961975
validate,Pneumothorax__Support Devices,Pneumothorax,Support Devices,anchor_plus_relational_witness,anchor_plus_relational_witness|r=0.1|gamma=0.1,0.1,0.1,3,4,support_swap_flip_rate,0.0
validate,Pneumothorax__Support Devices,Pneumothorax,Support Devices,anchor_plus_relational_witness,anchor_plus_relational_witness|r=0.1|gamma=0.1,0.1,0.1,3,4,d0_auroc,0.4950999915599823
validate,Pneumothorax__Support Devices,Pneumothorax,Support Devices,anchor_plus_relational_witness,anchor_plus_relational_witness|r=0.1|gamma=0.1,0.1,0.1,3,4,d1_auroc,0.5651000142097473
validate,Pneumothorax__Support Devices,Pneumothorax,Support Devices,anchor_plus_relational_witness,anchor_plus_relational_witness|r=0.1|gamma=0.1,0.1,0.1,3,4,worst_nuisance_auroc,0.4950999915599823
validate,Pneumothorax__Support Devices,Pneumothorax,Support Devices,anchor_plus_relational_witness,anchor_plus_relational_witness|r=0.1|gamma=0.1,0.1,0.1,3,4,border_max_fraction,0.2874999940395355
test,Pneumothorax__Support Devices,Pneumothorax,Support Devices,anchor_plus_relational_witness,anchor_plus_relational_witness|r=0.1|gamma=0.1,0.1,0.1,3,4,auroc,0.5067874789237976
test,Pneumothorax__Support Devices,Pneumothorax,Support Devices,anchor_plus_relational_witness,anchor_plus_relational_witness|r=0.1|gamma=0.1,0.1,0.1,3,4,auprc,0.5053309798240662
test,Pneumothorax__Support Devices,Pneumothorax,Support Devices,anchor_plus_relational_witness,anchor_plus_relational_witness|r=0.1|gamma=0.1,0.1,0.1,3,4,f1,0.6666666865348816
test,Pneumothorax__Support Devices,Pneumothorax,Support Devices,anchor_plus_relational_witness,anchor_plus_relational_witness|r=0.1|gamma=0.1,0.1,0.1,3,4,brier,0.250033438205719
test,Pneumothorax__Support Devices,Pneumothorax,Support Devices,anchor_plus_relational_witness,anchor_plus_relational_witness|r=0.1|gamma=0.1,0.1,0.1,3,4,ece,0.0073920488357543945
test,Pneumothorax__Support Devices,Pneumothorax,Support Devices,anchor_plus_relational_witness,anchor_plus_relational_witness|r=0.1|gamma=0.1,0.1,0.1,3,4,sms_raw_logit,0.011632612906396389
test,Pneumothorax__Support Devices,Pneumothorax,Support Devices,anchor_plus_relational_witness,anchor_plus_relational_witness|r=0.1|gamma=0.1,0.1,0.1,3,4,sms_fixed_reference,0.6404780745506287
test,Pneumothorax__Support Devices,Pneumothorax,Support Devices,anchor_plus_relational_witness,anchor_plus_relational_witness|r=0.1|gamma=0.1,0.1,0.1,3,4,ranking_disagreement,0.4711403548717499
test,Pneumothorax__Support Devices,Pneumothorax,Support Devices,anchor_plus_relational_witness,anchor_plus_relational_witness|r=0.1|gamma=0.1,0.1,0.1,3,4,support_swap_flip_rate,0.0
test,Pneumothorax__Support Devices,Pneumothorax,Support Devices,anchor_plus_relational_witness,anchor_plus_relational_witness|r=0.1|gamma=0.1,0.1,0.1,3,4,d0_auroc,0.5073999762535095
test,Pneumothorax__Support Devices,Pneumothorax,Support Devices,anchor_plus_relational_witness,anchor_plus_relational_witness|r=0.1|gamma=0.1,0.1,0.1,3,4,d1_auroc,0.5091999769210815
test,Pneumothorax__Support Devices,Pneumothorax,Support Devices,anchor_plus_relational_witness,anchor_plus_relational_witness|r=0.1|gamma=0.1,0.1,0.1,3,4,worst_nuisance_auroc,0.5073999762535095
test,Pneumothorax__Support Devices,Pneumothorax,Support Devices,anchor_plus_relational_witness,anchor_plus_relational_witness|r=0.1|gamma=0.1,0.1,0.1,3,4,border_max_fraction,0.1899999976158142
validate,Pneumothorax__Support Devices,Pneumothorax,Support Devices,anchor_plus_relational_witness,anchor_plus_relational_witness|r=0.1|gamma=0.25,0.1,0.25,3,0,auroc,0.5191875100135803
validate,Pneumothorax__Support Devices,Pneumothorax,Support Devices,anchor_plus_relational_witness,anchor_plus_relational_witness|r=0.1|gamma=0.25,0.1,0.25,3,0,auprc,0.5146730542182922
validate,Pneumothorax__Support Devices,Pneumothorax,Support Devices,anchor_plus_relational_witness,anchor_plus_relational_witness|r=0.1|gamma=0.25,0.1,0.25,3,0,f1,0.6666666865348816
validate,Pneumothorax__Support Devices,Pneumothorax,Support Devices,anchor_plus_relational_witness,anchor_plus_relational_witness|r=0.1|gamma=0.25,0.1,0.25,3,0,brier,0.2499835342168808
validate,Pneumothorax__Support Devices,Pneumothorax,Support Devices,anchor_plus_relational_witness,anchor_plus_relational_witness|r=0.1|gamma=0.25,0.1,0.25,3,0,ece,0.003757953643798828
validate,Pneumothorax__Support Devices,Pneumothorax,Support Devices,anchor_plus_relational_witness,anchor_plus_relational_witness|r=0.1|gamma=0.25,0.1,0.25,3,0,sms_raw_logit,0.02361305058002472
validate,Pneumothorax__Support Devices,Pneumothorax,Support Devices,anchor_plus_relational_witness,anchor_plus_relational_witness|r=0.1|gamma=0.25,0.1,0.25,3,0,sms_fixed_reference,1.2894386053085327
validate,Pneumothorax__Support Devices,Pneumothorax,Support Devices,anchor_plus_relational_witness,anchor_plus_relational_witness|r=0.1|gamma=0.25,0.1,0.25,3,0,ranking_disagreement,0.4923308193683624
validate,Pneumothorax__Support Devices,Pneumothorax,Support Devices,anchor_plus_relational_witness,anchor_plus_relational_witness|r=0.1|gamma=0.25,0.1,0.25,3,0,support_swap_flip_rate,0.0
validate,Pneumothorax__Support Devices,Pneumothorax,Support Devices,anchor_plus_relational_witness,anchor_plus_relational_witness|r=0.1|gamma=0.25,0.1,0.25,3,0,d0_auroc,0.5151000022888184
validate,Pneumothorax__Support Devices,Pneumothorax,Support Devices,anchor_plus_relational_witness,anchor_plus_relational_witness|r=0.1|gamma=0.25,0.1,0.25,3,0,d1_auroc,0.5236499905586243
validate,Pneumothorax__Support Devices,Pneumothorax,Support Devices,anchor_plus_relational_witness,anchor_plus_relational_witness|r=0.1|gamma=0.25,0.1,0.25,3,0,worst_nuisance_auroc,0.5151000022888184
validate,Pneumothorax__Support Devices,Pneumothorax,Support Devices,anchor_plus_relational_witness,anchor_plus_relational_witness|r=0.1|gamma=0.25,0.1,0.25,3,0,border_max_fraction,0.29499998688697815
test,Pneumothorax__Support Devices,Pneumothorax,Support Devices,anchor_plus_relational_witness,anchor_plus_relational_witness|r=0.1|gamma=0.25,0.1,0.25,3,0,auroc,0.4908375144004822
test,Pneumothorax__Support Devices,Pneumothorax,Support Devices,anchor_plus_relational_witness,anchor_plus_relational_witness|r=0.1|gamma=0.25,0.1,0.25,3,0,auprc,0.49551358819007874
test,Pneumothorax__Support Devices,Pneumothorax,Support Devices,anchor_plus_relational_witness,anchor_plus_relational_witness|r=0.1|gamma=0.25,0.1,0.25,3,0,f1,0.6666666865348816
test,Pneumothorax__Support Devices,Pneumothorax,Support Devices,anchor_plus_relational_witness,anchor_plus_relational_witness|r=0.1|gamma=0.25,0.1,0.25,3,0,brier,0.25003498792648315
test,Pneumothorax__Support Devices,Pneumothorax,Support Devices,anchor_plus_relational_witness,anchor_plus_relational_witness|r=0.1|gamma=0.25,0.1,0.25,3,0,ece,0.0037589073181152344
test,Pneumothorax__Support Devices,Pneumothorax,Support Devices,anchor_plus_relational_witness,anchor_plus_relational_witness|r=0.1|gamma=0.25,0.1,0.25,3,0,sms_raw_logit,0.023180479183793068
test,Pneumothorax__Support Devices,Pneumothorax,Support Devices,anchor_plus_relational_witness,anchor_plus_relational_witness|r=0.1|gamma=0.25,0.1,0.25,3,0,sms_fixed_reference,1.2788400650024414
test,Pneumothorax__Support Devices,Pneumothorax,Support Devices,anchor_plus_relational_witness,anchor_plus_relational_witness|r=0.1|gamma=0.25,0.1,0.25,3,0,ranking_disagreement,0.4874497056007385
test,Pneumothorax__Support Devices,Pneumothorax,Support Devices,anchor_plus_relational_witness,anchor_plus_relational_witness|r=0.1|gamma=0.25,0.1,0.25,3,0,support_swap_flip_rate,0.0
test,Pneumothorax__Support Devices,Pneumothorax,Support Devices,anchor_plus_relational_witness,anchor_plus_relational_witness|r=0.1|gamma=0.25,0.1,0.25,3,0,d0_auroc,0.5078499913215637
test,Pneumothorax__Support Devices,Pneumothorax,Support Devices,anchor_plus_relational_witness,anchor_plus_relational_witness|r=0.1|gamma=0.25,0.1,0.25,3,0,d1_auroc,0.47099998593330383
test,Pneumothorax__Support Devices,Pneumothorax,Support Devices,anchor_plus_relational_witness,anchor_plus_relational_witness|r=0.1|gamma=0.25,0.1,0.25,3,0,worst_nuisance_auroc,0.47099998593330383
test,Pneumothorax__Support Devices,Pneumothorax,Support Devices,anchor_plus_relational_witness,anchor_plus_relational_witness|r=0.1|gamma=0.25,0.1,0.25,3,0,border_max_fraction,0.2524999976158142
validate,Pneumothorax__Support Devices,Pneumothorax,Support Devices,anchor_plus_relational_witness,anchor_plus_relational_witness|r=0.1|gamma=0.25,0.1,0.25,3,1,auroc,0.5137374997138977
validate,Pneumothorax__Support Devices,Pneumothorax,Support Devices,anchor_plus_relational_witness,anchor_plus_relational_witness|r=0.1|gamma=0.25,0.1,0.25,3,1,auprc,0.5068539381027222
validate,Pneumothorax__Support Devices,Pneumothorax,Support Devices,anchor_plus_relational_witness,anchor_plus_relational_witness|r=0.1|gamma=0.25,0.1,0.25,3,1,f1,0.6666666865348816
validate,Pneumothorax__Support Devices,Pneumothorax,Support Devices,anchor_plus_relational_witness,anchor_plus_relational_witness|r=0.1|gamma=0.25,0.1,0.25,3,1,brier,0.24999384582042694
validate,Pneumothorax__Support Devices,Pneumothorax,Support Devices,anchor_plus_relational_witness,anchor_plus_relational_witness|r=0.1|gamma=0.25,0.1,0.25,3,1,ece,0.0018537044525146484
validate,Pneumothorax__Support Devices,Pneumothorax,Support Devices,anchor_plus_relational_witness,anchor_plus_relational_witness|r=0.1|gamma=0.25,0.1,0.25,3,1,sms_raw_logit,0.02536397986114025
validate,Pneumothorax__Support Devices,Pneumothorax,Support Devices,anchor_plus_relational_witness,anchor_plus_relational_witness|r=0.1|gamma=0.25,0.1,0.25,3,1,sms_fixed_reference,1.342266321182251
validate,Pneumothorax__Support Devices,Pneumothorax,Support Devices,anchor_plus_relational_witness,anchor_plus_relational_witness|r=0.1|gamma=0.25,0.1,0.25,3,1,ranking_disagreement,0.49808269739151
validate,Pneumothorax__Support Devices,Pneumothorax,Support Devices,anchor_plus_relational_witness,anchor_plus_relational_witness|r=0.1|gamma=0.25,0.1,0.25,3,1,support_swap_flip_rate,0.0
validate,Pneumothorax__Support Devices,Pneumothorax,Support Devices,anchor_plus_relational_witness,anchor_plus_relational_witness|r=0.1|gamma=0.25,0.1,0.25,3,1,d0_auroc,0.4887000024318695
validate,Pneumothorax__Support Devices,Pneumothorax,Support Devices,anchor_plus_relational_witness,anchor_plus_relational_witness|r=0.1|gamma=0.25,0.1,0.25,3,1,d1_auroc,0.5382000207901001
validate,Pneumothorax__Support Devices,Pneumothorax,Support Devices,anchor_plus_relational_witness,anchor_plus_relational_witness|r=0.1|gamma=0.25,0.1,0.25,3,1,worst_nuisance_auroc,0.4887000024318695
validate,Pneumothorax__Support Devices,Pneumothorax,Support Devices,anchor_plus_relational_witness,anchor_plus_relational_witness|r=0.1|gamma=0.25,0.1,0.25,3,1,border_max_fraction,0.3199999928474426
test,Pneumothorax__Support Devices,Pneumothorax,Support Devices,anchor_plus_relational_witness,anchor_plus_relational_witness|r=0.1|gamma=0.25,0.1,0.25,3,1,auroc,0.5217124819755554
test,Pneumothorax__Support Devices,Pneumothorax,Support Devices,anchor_plus_relational_witness,anchor_plus_relational_witness|r=0.1|gamma=0.25,0.1,0.25,3,1,auprc,0.5502640604972839
test,Pneumothorax__Support Devices,Pneumothorax,Support Devices,anchor_plus_relational_witness,anchor_plus_relational_witness|r=0.1|gamma=0.25,0.1,0.25,3,1,f1,0.6666666865348816
test,Pneumothorax__Support Devices,Pneumothorax,Support Devices,anchor_plus_relational_witness,anchor_plus_relational_witness|r=0.1|gamma=0.25,0.1,0.25,3,1,brier,0.24997663497924805
test,Pneumothorax__Support Devices,Pneumothorax,Support Devices,anchor_plus_relational_witness,anchor_plus_relational_witness|r=0.1|gamma=0.25,0.1,0.25,3,1,ece,0.0018567442893981934
test,Pneumothorax__Support Devices,Pneumothorax,Support Devices,anchor_plus_relational_witness,anchor_plus_relational_witness|r=0.1|gamma=0.25,0.1,0.25,3,1,sms_raw_logit,0.023742366582155228
test,Pneumothorax__Support Devices,Pneumothorax,Support Devices,anchor_plus_relational_witness,anchor_plus_relational_witness|r=0.1|gamma=0.25,0.1,0.25,3,1,sms_fixed_reference,1.2562072277069092
test,Pneumothorax__Support Devices,Pneumothorax,Support Devices,anchor_plus_relational_witness,anchor_plus_relational_witness|r=0.1|gamma=0.25,0.1,0.25,3,1,ranking_disagreement,0.46934837102890015
test,Pneumothorax__Support Devices,Pneumothorax,Support Devices,anchor_plus_relational_witness,anchor_plus_relational_witness|r=0.1|gamma=0.25,0.1,0.25,3,1,support_swap_flip_rate,0.0
test,Pneumothorax__Support Devices,Pneumothorax,Support Devices,anchor_plus_relational_witness,anchor_plus_relational_witness|r=0.1|gamma=0.25,0.1,0.25,3,1,d0_auroc,0.5372999906539917
test,Pneumothorax__Support Devices,Pneumothorax,Support Devices,anchor_plus_relational_witness,anchor_plus_relational_witness|r=0.1|gamma=0.25,0.1,0.25,3,1,d1_auroc,0.5033000111579895
test,Pneumothorax__Support Devices,Pneumothorax,Support Devices,anchor_plus_relational_witness,anchor_plus_relational_witness|r=0.1|gamma=0.25,0.1,0.25,3,1,worst_nuisance_auroc,0.5033000111579895
test,Pneumothorax__Support Devices,Pneumothorax,Support Devices,anchor_plus_relational_witness,anchor_plus_relational_witness|r=0.1|gamma=0.25,0.1,0.25,3,1,border_max_fraction,0.2775000035762787
validate,Pneumothorax__Support Devices,Pneumothorax,Support Devices,anchor_plus_relational_witness,anchor_plus_relational_witness|r=0.1|gamma=0.25,0.1,0.25,3,2,auroc,0.5361624956130981
validate,Pneumothorax__Support Devices,Pneumothorax,Support Devices,anchor_plus_relational_witness,anchor_plus_relational_witness|r=0.1|gamma=0.25,0.1,0.25,3,2,auprc,0.5101738572120667
validate,Pneumothorax__Support Devices,Pneumothorax,Support Devices,anchor_plus_relational_witness,anchor_plus_relational_witness|r=0.1|gamma=0.25,0.1,0.25,3,2,f1,0.6666666865348816
validate,Pneumothorax__Support Devices,Pneumothorax,Support Devices,anchor_plus_relational_witness,anchor_plus_relational_witness|r=0.1|gamma=0.25,0.1,0.25,3,2,brier,0.24998608231544495
validate,Pneumothorax__Support Devices,Pneumothorax,Support Devices,anchor_plus_relational_witness,anchor_plus_relational_witness|r=0.1|gamma=0.25,0.1,0.25,3,2,ece,0.003772139549255371
validate,Pneumothorax__Support Devices,Pneumothorax,Support Devices,anchor_plus_relational_witness,anchor_plus_relational_witness|r=0.1|gamma=0.25,0.1,0.25,3,2,sms_raw_logit,0.02268502488732338
validate,Pneumothorax__Support Devices,Pneumothorax,Support Devices,anchor_plus_relational_witness,anchor_plus_relational_witness|r=0.1|gamma=0.25,0.1,0.25,3,2,sms_fixed_reference,1.2350449562072754
validate,Pneumothorax__Support Devices,Pneumothorax,Support Devices,anchor_plus_relational_witness,anchor_plus_relational_witness|r=0.1|gamma=0.25,0.1,0.25,3,2,ranking_disagreement,0.4930952489376068
validate,Pneumothorax__Support Devices,Pneumothorax,Support Devices,anchor_plus_relational_witness,anchor_plus_relational_witness|r=0.1|gamma=0.25,0.1,0.25,3,2,support_swap_flip_rate,0.0
validate,Pneumothorax__Support Devices,Pneumothorax,Support Devices,anchor_plus_relational_witness,anchor_plus_relational_witness|r=0.1|gamma=0.25,0.1,0.25,3,2,d0_auroc,0.557699978351593
validate,Pneumothorax__Support Devices,Pneumothorax,Support Devices,anchor_plus_relational_witness,anchor_plus_relational_witness|r=0.1|gamma=0.25,0.1,0.25,3,2,d1_auroc,0.5127999782562256
validate,Pneumothorax__Support Devices,Pneumothorax,Support Devices,anchor_plus_relational_witness,anchor_plus_relational_witness|r=0.1|gamma=0.25,0.1,0.25,3,2,worst_nuisance_auroc,0.5127999782562256
validate,Pneumothorax__Support Devices,Pneumothorax,Support Devices,anchor_plus_relational_witness,anchor_plus_relational_witness|r=0.1|gamma=0.25,0.1,0.25,3,2,border_max_fraction,0.27000001072883606
test,Pneumothorax__Support Devices,Pneumothorax,Support Devices,anchor_plus_relational_witness,anchor_plus_relational_witness|r=0.1|gamma=0.25,0.1,0.25,3,2,auroc,0.5560625195503235
test,Pneumothorax__Support Devices,Pneumothorax,Support Devices,anchor_plus_relational_witness,anchor_plus_relational_witness|r=0.1|gamma=0.25,0.1,0.25,3,2,auprc,0.5565938949584961
test,Pneumothorax__Support Devices,Pneumothorax,Support Devices,anchor_plus_relational_witness,anchor_plus_relational_witness|r=0.1|gamma=0.25,0.1,0.25,3,2,f1,0.6666666865348816
test,Pneumothorax__Support Devices,Pneumothorax,Support Devices,anchor_plus_relational_witness,anchor_plus_relational_witness|r=0.1|gamma=0.25,0.1,0.25,3,2,brier,0.2499130666255951
test,Pneumothorax__Support Devices,Pneumothorax,Support Devices,anchor_plus_relational_witness,anchor_plus_relational_witness|r=0.1|gamma=0.25,0.1,0.25,3,2,ece,0.003733396530151367
test,Pneumothorax__Support Devices,Pneumothorax,Support Devices,anchor_plus_relational_witness,anchor_plus_relational_witness|r=0.1|gamma=0.25,0.1,0.25,3,2,sms_raw_logit,0.02585437148809433
test,Pneumothorax__Support Devices,Pneumothorax,Support Devices,anchor_plus_relational_witness,anchor_plus_relational_witness|r=0.1|gamma=0.25,0.1,0.25,3,2,sms_fixed_reference,1.3134756088256836
test,Pneumothorax__Support Devices,Pneumothorax,Support Devices,anchor_plus_relational_witness,anchor_plus_relational_witness|r=0.1|gamma=0.25,0.1,0.25,3,2,ranking_disagreement,0.5046365857124329
test,Pneumothorax__Support Devices,Pneumothorax,Support Devices,anchor_plus_relational_witness,anchor_plus_relational_witness|r=0.1|gamma=0.25,0.1,0.25,3,2,support_swap_flip_rate,0.0
test,Pneumothorax__Support Devices,Pneumothorax,Support Devices,anchor_plus_relational_witness,anchor_plus_relational_witness|r=0.1|gamma=0.25,0.1,0.25,3,2,d0_auroc,0.5709999799728394
test,Pneumothorax__Support Devices,Pneumothorax,Support Devices,anchor_plus_relational_witness,anchor_plus_relational_witness|r=0.1|gamma=0.25,0.1,0.25,3,2,d1_auroc,0.5436999797821045
test,Pneumothorax__Support Devices,Pneumothorax,Support Devices,anchor_plus_relational_witness,anchor_plus_relational_witness|r=0.1|gamma=0.25,0.1,0.25,3,2,worst_nuisance_auroc,0.5436999797821045
test,Pneumothorax__Support Devices,Pneumothorax,Support Devices,anchor_plus_relational_witness,anchor_plus_relational_witness|r=0.1|gamma=0.25,0.1,0.25,3,2,border_max_fraction,0.17249999940395355
validate,Pneumothorax__Support Devices,Pneumothorax,Support Devices,anchor_plus_relational_witness,anchor_plus_relational_witness|r=0.1|gamma=0.25,0.1,0.25,3,3,auroc,0.5479249954223633
validate,Pneumothorax__Support Devices,Pneumothorax,Support Devices,anchor_plus_relational_witness,anchor_plus_relational_witness|r=0.1|gamma=0.25,0.1,0.25,3,3,auprc,0.5485382676124573
validate,Pneumothorax__Support Devices,Pneumothorax,Support Devices,anchor_plus_relational_witness,anchor_plus_relational_witness|r=0.1|gamma=0.25,0.1,0.25,3,3,f1,0.6666666865348816
validate,Pneumothorax__Support Devices,Pneumothorax,Support Devices,anchor_plus_relational_witness,anchor_plus_relational_witness|r=0.1|gamma=0.25,0.1,0.25,3,3,brier,0.24994926154613495
validate,Pneumothorax__Support Devices,Pneumothorax,Support Devices,anchor_plus_relational_witness,anchor_plus_relational_witness|r=0.1|gamma=0.25,0.1,0.25,3,3,ece,0.009349167346954346
validate,Pneumothorax__Support Devices,Pneumothorax,Support Devices,anchor_plus_relational_witness,anchor_plus_relational_witness|r=0.1|gamma=0.25,0.1,0.25,3,3,sms_raw_logit,0.02273581735789776
validate,Pneumothorax__Support Devices,Pneumothorax,Support Devices,anchor_plus_relational_witness,anchor_plus_relational_witness|r=0.1|gamma=0.25,0.1,0.25,3,3,sms_fixed_reference,1.211348533630371
validate,Pneumothorax__Support Devices,Pneumothorax,Support Devices,anchor_plus_relational_witness,anchor_plus_relational_witness|r=0.1|gamma=0.25,0.1,0.25,3,3,ranking_disagreement,0.4952506124973297
validate,Pneumothorax__Support Devices,Pneumothorax,Support Devices,anchor_plus_relational_witness,anchor_plus_relational_witness|r=0.1|gamma=0.25,0.1,0.25,3,3,support_swap_flip_rate,0.0
validate,Pneumothorax__Support Devices,Pneumothorax,Support Devices,anchor_plus_relational_witness,anchor_plus_relational_witness|r=0.1|gamma=0.25,0.1,0.25,3,3,d0_auroc,0.5411999821662903
validate,Pneumothorax__Support Devices,Pneumothorax,Support Devices,anchor_plus_relational_witness,anchor_plus_relational_witness|r=0.1|gamma=0.25,0.1,0.25,3,3,d1_auroc,0.5551999807357788
validate,Pneumothorax__Support Devices,Pneumothorax,Support Devices,anchor_plus_relational_witness,anchor_plus_relational_witness|r=0.1|gamma=0.25,0.1,0.25,3,3,worst_nuisance_auroc,0.5411999821662903
validate,Pneumothorax__Support Devices,Pneumothorax,Support Devices,anchor_plus_relational_witness,anchor_plus_relational_witness|r=0.1|gamma=0.25,0.1,0.25,3,3,border_max_fraction,0.23499999940395355
test,Pneumothorax__Support Devices,Pneumothorax,Support Devices,anchor_plus_relational_witness,anchor_plus_relational_witness|r=0.1|gamma=0.25,0.1,0.25,3,3,auroc,0.5354750156402588
test,Pneumothorax__Support Devices,Pneumothorax,Support Devices,anchor_plus_relational_witness,anchor_plus_relational_witness|r=0.1|gamma=0.25,0.1,0.25,3,3,auprc,0.5577982664108276
test,Pneumothorax__Support Devices,Pneumothorax,Support Devices,anchor_plus_relational_witness,anchor_plus_relational_witness|r=0.1|gamma=0.25,0.1,0.25,3,3,f1,0.6666666865348816
test,Pneumothorax__Support Devices,Pneumothorax,Support Devices,anchor_plus_relational_witness,anchor_plus_relational_witness|r=0.1|gamma=0.25,0.1,0.25,3,3,brier,0.24992875754833221
test,Pneumothorax__Support Devices,Pneumothorax,Support Devices,anchor_plus_relational_witness,anchor_plus_relational_witness|r=0.1|gamma=0.25,0.1,0.25,3,3,ece,0.009696602821350098
test,Pneumothorax__Support Devices,Pneumothorax,Support Devices,anchor_plus_relational_witness,anchor_plus_relational_witness|r=0.1|gamma=0.25,0.1,0.25,3,3,sms_raw_logit,0.024398198351264
test,Pneumothorax__Support Devices,Pneumothorax,Support Devices,anchor_plus_relational_witness,anchor_plus_relational_witness|r=0.1|gamma=0.25,0.1,0.25,3,3,sms_fixed_reference,1.2236344814300537
test,Pneumothorax__Support Devices,Pneumothorax,Support Devices,anchor_plus_relational_witness,anchor_plus_relational_witness|r=0.1|gamma=0.25,0.1,0.25,3,3,ranking_disagreement,0.4947619140148163
test,Pneumothorax__Support Devices,Pneumothorax,Support Devices,anchor_plus_relational_witness,anchor_plus_relational_witness|r=0.1|gamma=0.25,0.1,0.25,3,3,support_swap_flip_rate,0.0
test,Pneumothorax__Support Devices,Pneumothorax,Support Devices,anchor_plus_relational_witness,anchor_plus_relational_witness|r=0.1|gamma=0.25,0.1,0.25,3,3,d0_auroc,0.5076000094413757
test,Pneumothorax__Support Devices,Pneumothorax,Support Devices,anchor_plus_relational_witness,anchor_plus_relational_witness|r=0.1|gamma=0.25,0.1,0.25,3,3,d1_auroc,0.5651999711990356
test,Pneumothorax__Support Devices,Pneumothorax,Support Devices,anchor_plus_relational_witness,anchor_plus_relational_witness|r=0.1|gamma=0.25,0.1,0.25,3,3,worst_nuisance_auroc,0.5076000094413757
test,Pneumothorax__Support Devices,Pneumothorax,Support Devices,anchor_plus_relational_witness,anchor_plus_relational_witness|r=0.1|gamma=0.25,0.1,0.25,3,3,border_max_fraction,0.2574999928474426
validate,Pneumothorax__Support Devices,Pneumothorax,Support Devices,anchor_plus_relational_witness,anchor_plus_relational_witness|r=0.1|gamma=0.25,0.1,0.25,3,4,auroc,0.5234749913215637
validate,Pneumothorax__Support Devices,Pneumothorax,Support Devices,anchor_plus_relational_witness,anchor_plus_relational_witness|r=0.1|gamma=0.25,0.1,0.25,3,4,auprc,0.5242365002632141
validate,Pneumothorax__Support Devices,Pneumothorax,Support Devices,anchor_plus_relational_witness,anchor_plus_relational_witness|r=0.1|gamma=0.25,0.1,0.25,3,4,f1,0.6666666865348816
validate,Pneumothorax__Support Devices,Pneumothorax,Support Devices,anchor_plus_relational_witness,anchor_plus_relational_witness|r=0.1|gamma=0.25,0.1,0.25,3,4,brier,0.24997560679912567
validate,Pneumothorax__Support Devices,Pneumothorax,Support Devices,anchor_plus_relational_witness,anchor_plus_relational_witness|r=0.1|gamma=0.25,0.1,0.25,3,4,ece,0.003873884677886963
validate,Pneumothorax__Support Devices,Pneumothorax,Support Devices,anchor_plus_relational_witness,anchor_plus_relational_witness|r=0.1|gamma=0.25,0.1,0.25,3,4,sms_raw_logit,0.023102600127458572
validate,Pneumothorax__Support Devices,Pneumothorax,Support Devices,anchor_plus_relational_witness,anchor_plus_relational_witness|r=0.1|gamma=0.25,0.1,0.25,3,4,sms_fixed_reference,1.3071198463439941
validate,Pneumothorax__Support Devices,Pneumothorax,Support Devices,anchor_plus_relational_witness,anchor_plus_relational_witness|r=0.1|gamma=0.25,0.1,0.25,3,4,ranking_disagreement,0.46786966919898987
validate,Pneumothorax__Support Devices,Pneumothorax,Support Devices,anchor_plus_relational_witness,anchor_plus_relational_witness|r=0.1|gamma=0.25,0.1,0.25,3,4,support_swap_flip_rate,0.0
validate,Pneumothorax__Support Devices,Pneumothorax,Support Devices,anchor_plus_relational_witness,anchor_plus_relational_witness|r=0.1|gamma=0.25,0.1,0.25,3,4,d0_auroc,0.4860000014305115
validate,Pneumothorax__Support Devices,Pneumothorax,Support Devices,anchor_plus_relational_witness,anchor_plus_relational_witness|r=0.1|gamma=0.25,0.1,0.25,3,4,d1_auroc,0.562250018119812
validate,Pneumothorax__Support Devices,Pneumothorax,Support Devices,anchor_plus_relational_witness,anchor_plus_relational_witness|r=0.1|gamma=0.25,0.1,0.25,3,4,worst_nuisance_auroc,0.4860000014305115
validate,Pneumothorax__Support Devices,Pneumothorax,Support Devices,anchor_plus_relational_witness,anchor_plus_relational_witness|r=0.1|gamma=0.25,0.1,0.25,3,4,border_max_fraction,0.28999999165534973
test,Pneumothorax__Support Devices,Pneumothorax,Support Devices,anchor_plus_relational_witness,anchor_plus_relational_witness|r=0.1|gamma=0.25,0.1,0.25,3,4,auroc,0.4969874918460846
test,Pneumothorax__Support Devices,Pneumothorax,Support Devices,anchor_plus_relational_witness,anchor_plus_relational_witness|r=0.1|gamma=0.25,0.1,0.25,3,4,auprc,0.49842485785484314
test,Pneumothorax__Support Devices,Pneumothorax,Support Devices,anchor_plus_relational_witness,anchor_plus_relational_witness|r=0.1|gamma=0.25,0.1,0.25,3,4,f1,0.6666666865348816
test,Pneumothorax__Support Devices,Pneumothorax,Support Devices,anchor_plus_relational_witness,anchor_plus_relational_witness|r=0.1|gamma=0.25,0.1,0.25,3,4,brier,0.250011682510376
test,Pneumothorax__Support Devices,Pneumothorax,Support Devices,anchor_plus_relational_witness,anchor_plus_relational_witness|r=0.1|gamma=0.25,0.1,0.25,3,4,ece,0.003723621368408203
test,Pneumothorax__Support Devices,Pneumothorax,Support Devices,anchor_plus_relational_witness,anchor_plus_relational_witness|r=0.1|gamma=0.25,0.1,0.25,3,4,sms_raw_logit,0.024162806570529938
test,Pneumothorax__Support Devices,Pneumothorax,Support Devices,anchor_plus_relational_witness,anchor_plus_relational_witness|r=0.1|gamma=0.25,0.1,0.25,3,4,sms_fixed_reference,1.3303759098052979
test,Pneumothorax__Support Devices,Pneumothorax,Support Devices,anchor_plus_relational_witness,anchor_plus_relational_witness|r=0.1|gamma=0.25,0.1,0.25,3,4,ranking_disagreement,0.47596490383148193
test,Pneumothorax__Support Devices,Pneumothorax,Support Devices,anchor_plus_relational_witness,anchor_plus_relational_witness|r=0.1|gamma=0.25,0.1,0.25,3,4,support_swap_flip_rate,0.0
test,Pneumothorax__Support Devices,Pneumothorax,Support Devices,anchor_plus_relational_witness,anchor_plus_relational_witness|r=0.1|gamma=0.25,0.1,0.25,3,4,d0_auroc,0.4959000051021576
test,Pneumothorax__Support Devices,Pneumothorax,Support Devices,anchor_plus_relational_witness,anchor_plus_relational_witness|r=0.1|gamma=0.25,0.1,0.25,3,4,d1_auroc,0.5016999840736389
test,Pneumothorax__Support Devices,Pneumothorax,Support Devices,anchor_plus_relational_witness,anchor_plus_relational_witness|r=0.1|gamma=0.25,0.1,0.25,3,4,worst_nuisance_auroc,0.4959000051021576
test,Pneumothorax__Support Devices,Pneumothorax,Support Devices,anchor_plus_relational_witness,anchor_plus_relational_witness|r=0.1|gamma=0.25,0.1,0.25,3,4,border_max_fraction,0.1899999976158142
validate,Pneumothorax__Support Devices,Pneumothorax,Support Devices,anchor_plus_relational_witness,anchor_plus_relational_witness|r=0.1|gamma=0.5,0.1,0.5,3,0,auroc,0.5144500136375427
validate,Pneumothorax__Support Devices,Pneumothorax,Support Devices,anchor_plus_relational_witness,anchor_plus_relational_witness|r=0.1|gamma=0.5,0.1,0.5,3,0,auprc,0.5088385343551636
validate,Pneumothorax__Support Devices,Pneumothorax,Support Devices,anchor_plus_relational_witness,anchor_plus_relational_witness|r=0.1|gamma=0.5,0.1,0.5,3,0,f1,0.6666666865348816
validate,Pneumothorax__Support Devices,Pneumothorax,Support Devices,anchor_plus_relational_witness,anchor_plus_relational_witness|r=0.1|gamma=0.5,0.1,0.5,3,0,brier,0.2499944120645523
validate,Pneumothorax__Support Devices,Pneumothorax,Support Devices,anchor_plus_relational_witness,anchor_plus_relational_witness|r=0.1|gamma=0.5,0.1,0.5,3,0,ece,0.003743410110473633
validate,Pneumothorax__Support Devices,Pneumothorax,Support Devices,anchor_plus_relational_witness,anchor_plus_relational_witness|r=0.1|gamma=0.5,0.1,0.5,3,0,sms_raw_logit,0.04431939125061035
validate,Pneumothorax__Support Devices,Pneumothorax,Support Devices,anchor_plus_relational_witness,anchor_plus_relational_witness|r=0.1|gamma=0.5,0.1,0.5,3,0,sms_fixed_reference,2.4201505184173584
validate,Pneumothorax__Support Devices,Pneumothorax,Support Devices,anchor_plus_relational_witness,anchor_plus_relational_witness|r=0.1|gamma=0.5,0.1,0.5,3,0,ranking_disagreement,0.4905513823032379
validate,Pneumothorax__Support Devices,Pneumothorax,Support Devices,anchor_plus_relational_witness,anchor_plus_relational_witness|r=0.1|gamma=0.5,0.1,0.5,3,0,support_swap_flip_rate,0.0
validate,Pneumothorax__Support Devices,Pneumothorax,Support Devices,anchor_plus_relational_witness,anchor_plus_relational_witness|r=0.1|gamma=0.5,0.1,0.5,3,0,d0_auroc,0.5121999979019165
validate,Pneumothorax__Support Devices,Pneumothorax,Support Devices,anchor_plus_relational_witness,anchor_plus_relational_witness|r=0.1|gamma=0.5,0.1,0.5,3,0,d1_auroc,0.5159000158309937
validate,Pneumothorax__Support Devices,Pneumothorax,Support Devices,anchor_plus_relational_witness,anchor_plus_relational_witness|r=0.1|gamma=0.5,0.1,0.5,3,0,worst_nuisance_auroc,0.5121999979019165
validate,Pneumothorax__Support Devices,Pneumothorax,Support Devices,anchor_plus_relational_witness,anchor_plus_relational_witness|r=0.1|gamma=0.5,0.1,0.5,3,0,border_max_fraction,0.29499998688697815
test,Pneumothorax__Support Devices,Pneumothorax,Support Devices,anchor_plus_relational_witness,anchor_plus_relational_witness|r=0.1|gamma=0.5,0.1,0.5,3,0,auroc,0.48875001072883606
test,Pneumothorax__Support Devices,Pneumothorax,Support Devices,anchor_plus_relational_witness,anchor_plus_relational_witness|r=0.1|gamma=0.5,0.1,0.5,3,0,auprc,0.49229007959365845
test,Pneumothorax__Support Devices,Pneumothorax,Support Devices,anchor_plus_relational_witness,anchor_plus_relational_witness|r=0.1|gamma=0.5,0.1,0.5,3,0,f1,0.6666666865348816
test,Pneumothorax__Support Devices,Pneumothorax,Support Devices,anchor_plus_relational_witness,anchor_plus_relational_witness|r=0.1|gamma=0.5,0.1,0.5,3,0,brier,0.25003692507743835
test,Pneumothorax__Support Devices,Pneumothorax,Support Devices,anchor_plus_relational_witness,anchor_plus_relational_witness|r=0.1|gamma=0.5,0.1,0.5,3,0,ece,0.0037557482719421387
test,Pneumothorax__Support Devices,Pneumothorax,Support Devices,anchor_plus_relational_witness,anchor_plus_relational_witness|r=0.1|gamma=0.5,0.1,0.5,3,0,sms_raw_logit,0.04320473596453667
test,Pneumothorax__Support Devices,Pneumothorax,Support Devices,anchor_plus_relational_witness,anchor_plus_relational_witness|r=0.1|gamma=0.5,0.1,0.5,3,0,sms_fixed_reference,2.3835551738739014
test,Pneumothorax__Support Devices,Pneumothorax,Support Devices,anchor_plus_relational_witness,anchor_plus_relational_witness|r=0.1|gamma=0.5,0.1,0.5,3,0,ranking_disagreement,0.4842105209827423
test,Pneumothorax__Support Devices,Pneumothorax,Support Devices,anchor_plus_relational_witness,anchor_plus_relational_witness|r=0.1|gamma=0.5,0.1,0.5,3,0,support_swap_flip_rate,0.0
test,Pneumothorax__Support Devices,Pneumothorax,Support Devices,anchor_plus_relational_witness,anchor_plus_relational_witness|r=0.1|gamma=0.5,0.1,0.5,3,0,d0_auroc,0.5067999958992004
test,Pneumothorax__Support Devices,Pneumothorax,Support Devices,anchor_plus_relational_witness,anchor_plus_relational_witness|r=0.1|gamma=0.5,0.1,0.5,3,0,d1_auroc,0.46889999508857727
test,Pneumothorax__Support Devices,Pneumothorax,Support Devices,anchor_plus_relational_witness,anchor_plus_relational_witness|r=0.1|gamma=0.5,0.1,0.5,3,0,worst_nuisance_auroc,0.46889999508857727
test,Pneumothorax__Support Devices,Pneumothorax,Support Devices,anchor_plus_relational_witness,anchor_plus_relational_witness|r=0.1|gamma=0.5,0.1,0.5,3,0,border_max_fraction,0.2524999976158142
validate,Pneumothorax__Support Devices,Pneumothorax,Support Devices,anchor_plus_relational_witness,anchor_plus_relational_witness|r=0.1|gamma=0.5,0.1,0.5,3,1,auroc,0.5097249746322632
validate,Pneumothorax__Support Devices,Pneumothorax,Support Devices,anchor_plus_relational_witness,anchor_plus_relational_witness|r=0.1|gamma=0.5,0.1,0.5,3,1,auprc,0.5044517517089844
validate,Pneumothorax__Support Devices,Pneumothorax,Support Devices,anchor_plus_relational_witness,anchor_plus_relational_witness|r=0.1|gamma=0.5,0.1,0.5,3,1,f1,0.6666666865348816
validate,Pneumothorax__Support Devices,Pneumothorax,Support Devices,anchor_plus_relational_witness,anchor_plus_relational_witness|r=0.1|gamma=0.5,0.1,0.5,3,1,brier,0.2500015199184418
validate,Pneumothorax__Support Devices,Pneumothorax,Support Devices,anchor_plus_relational_witness,anchor_plus_relational_witness|r=0.1|gamma=0.5,0.1,0.5,3,1,ece,0.0037088394165039062
validate,Pneumothorax__Support Devices,Pneumothorax,Support Devices,anchor_plus_relational_witness,anchor_plus_relational_witness|r=0.1|gamma=0.5,0.1,0.5,3,1,sms_raw_logit,0.04824819415807724
validate,Pneumothorax__Support Devices,Pneumothorax,Support Devices,anchor_plus_relational_witness,anchor_plus_relational_witness|r=0.1|gamma=0.5,0.1,0.5,3,1,sms_fixed_reference,2.5533030033111572
validate,Pneumothorax__Support Devices,Pneumothorax,Support Devices,anchor_plus_relational_witness,anchor_plus_relational_witness|r=0.1|gamma=0.5,0.1,0.5,3,1,ranking_disagreement,0.4980200529098511
validate,Pneumothorax__Support Devices,Pneumothorax,Support Devices,anchor_plus_relational_witness,anchor_plus_relational_witness|r=0.1|gamma=0.5,0.1,0.5,3,1,support_swap_flip_rate,0.0
validate,Pneumothorax__Support Devices,Pneumothorax,Support Devices,anchor_plus_relational_witness,anchor_plus_relational_witness|r=0.1|gamma=0.5,0.1,0.5,3,1,d0_auroc,0.486299991607666
validate,Pneumothorax__Support Devices,Pneumothorax,Support Devices,anchor_plus_relational_witness,anchor_plus_relational_witness|r=0.1|gamma=0.5,0.1,0.5,3,1,d1_auroc,0.5339000225067139
validate,Pneumothorax__Support Devices,Pneumothorax,Support Devices,anchor_plus_relational_witness,anchor_plus_relational_witness|r=0.1|gamma=0.5,0.1,0.5,3,1,worst_nuisance_auroc,0.486299991607666
validate,Pneumothorax__Support Devices,Pneumothorax,Support Devices,anchor_plus_relational_witness,anchor_plus_relational_witness|r=0.1|gamma=0.5,0.1,0.5,3,1,border_max_fraction,0.3199999928474426
test,Pneumothorax__Support Devices,Pneumothorax,Support Devices,anchor_plus_relational_witness,anchor_plus_relational_witness|r=0.1|gamma=0.5,0.1,0.5,3,1,auroc,0.5183749794960022
test,Pneumothorax__Support Devices,Pneumothorax,Support Devices,anchor_plus_relational_witness,anchor_plus_relational_witness|r=0.1|gamma=0.5,0.1,0.5,3,1,auprc,0.5509158372879028
test,Pneumothorax__Support Devices,Pneumothorax,Support Devices,anchor_plus_relational_witness,anchor_plus_relational_witness|r=0.1|gamma=0.5,0.1,0.5,3,1,f1,0.6666666865348816
test,Pneumothorax__Support Devices,Pneumothorax,Support Devices,anchor_plus_relational_witness,anchor_plus_relational_witness|r=0.1|gamma=0.5,0.1,0.5,3,1,brier,0.24996612966060638
test,Pneumothorax__Support Devices,Pneumothorax,Support Devices,anchor_plus_relational_witness,anchor_plus_relational_witness|r=0.1|gamma=0.5,0.1,0.5,3,1,ece,0.0037123560905456543
test,Pneumothorax__Support Devices,Pneumothorax,Support Devices,anchor_plus_relational_witness,anchor_plus_relational_witness|r=0.1|gamma=0.5,0.1,0.5,3,1,sms_raw_logit,0.04530077055096626
test,Pneumothorax__Support Devices,Pneumothorax,Support Devices,anchor_plus_relational_witness,anchor_plus_relational_witness|r=0.1|gamma=0.5,0.1,0.5,3,1,sms_fixed_reference,2.3968610763549805
test,Pneumothorax__Support Devices,Pneumothorax,Support Devices,anchor_plus_relational_witness,anchor_plus_relational_witness|r=0.1|gamma=0.5,0.1,0.5,3,1,ranking_disagreement,0.4716165363788605
test,Pneumothorax__Support Devices,Pneumothorax,Support Devices,anchor_plus_relational_witness,anchor_plus_relational_witness|r=0.1|gamma=0.5,0.1,0.5,3,1,support_swap_flip_rate,0.0
test,Pneumothorax__Support Devices,Pneumothorax,Support Devices,anchor_plus_relational_witness,anchor_plus_relational_witness|r=0.1|gamma=0.5,0.1,0.5,3,1,d0_auroc,0.5332000255584717
test,Pneumothorax__Support Devices,Pneumothorax,Support Devices,anchor_plus_relational_witness,anchor_plus_relational_witness|r=0.1|gamma=0.5,0.1,0.5,3,1,d1_auroc,0.5019000172615051
test,Pneumothorax__Support Devices,Pneumothorax,Support Devices,anchor_plus_relational_witness,anchor_plus_relational_witness|r=0.1|gamma=0.5,0.1,0.5,3,1,worst_nuisance_auroc,0.5019000172615051
test,Pneumothorax__Support Devices,Pneumothorax,Support Devices,anchor_plus_relational_witness,anchor_plus_relational_witness|r=0.1|gamma=0.5,0.1,0.5,3,1,border_max_fraction,0.2775000035762787
validate,Pneumothorax__Support Devices,Pneumothorax,Support Devices,anchor_plus_relational_witness,anchor_plus_relational_witness|r=0.1|gamma=0.5,0.1,0.5,3,2,auroc,0.5311499834060669
validate,Pneumothorax__Support Devices,Pneumothorax,Support Devices,anchor_plus_relational_witness,anchor_plus_relational_witness|r=0.1|gamma=0.5,0.1,0.5,3,2,auprc,0.5072734355926514
validate,Pneumothorax__Support Devices,Pneumothorax,Support Devices,anchor_plus_relational_witness,anchor_plus_relational_witness|r=0.1|gamma=0.5,0.1,0.5,3,2,f1,0.6666666865348816
validate,Pneumothorax__Support Devices,Pneumothorax,Support Devices,anchor_plus_relational_witness,anchor_plus_relational_witness|r=0.1|gamma=0.5,0.1,0.5,3,2,brier,0.2499924898147583
validate,Pneumothorax__Support Devices,Pneumothorax,Support Devices,anchor_plus_relational_witness,anchor_plus_relational_witness|r=0.1|gamma=0.5,0.1,0.5,3,2,ece,0.0037795305252075195
validate,Pneumothorax__Support Devices,Pneumothorax,Support Devices,anchor_plus_relational_witness,anchor_plus_relational_witness|r=0.1|gamma=0.5,0.1,0.5,3,2,sms_raw_logit,0.04259422421455383
validate,Pneumothorax__Support Devices,Pneumothorax,Support Devices,anchor_plus_relational_witness,anchor_plus_relational_witness|r=0.1|gamma=0.5,0.1,0.5,3,2,sms_fixed_reference,2.318965196609497
validate,Pneumothorax__Support Devices,Pneumothorax,Support Devices,anchor_plus_relational_witness,anchor_plus_relational_witness|r=0.1|gamma=0.5,0.1,0.5,3,2,ranking_disagreement,0.4871303141117096
validate,Pneumothorax__Support Devices,Pneumothorax,Support Devices,anchor_plus_relational_witness,anchor_plus_relational_witness|r=0.1|gamma=0.5,0.1,0.5,3,2,support_swap_flip_rate,0.0
validate,Pneumothorax__Support Devices,Pneumothorax,Support Devices,anchor_plus_relational_witness,anchor_plus_relational_witness|r=0.1|gamma=0.5,0.1,0.5,3,2,d0_auroc,0.5564000010490417
validate,Pneumothorax__Support Devices,Pneumothorax,Support Devices,anchor_plus_relational_witness,anchor_plus_relational_witness|r=0.1|gamma=0.5,0.1,0.5,3,2,d1_auroc,0.506600022315979
validate,Pneumothorax__Support Devices,Pneumothorax,Support Devices,anchor_plus_relational_witness,anchor_plus_relational_witness|r=0.1|gamma=0.5,0.1,0.5,3,2,worst_nuisance_auroc,0.506600022315979
validate,Pneumothorax__Support Devices,Pneumothorax,Support Devices,anchor_plus_relational_witness,anchor_plus_relational_witness|r=0.1|gamma=0.5,0.1,0.5,3,2,border_max_fraction,0.27000001072883606
test,Pneumothorax__Support Devices,Pneumothorax,Support Devices,anchor_plus_relational_witness,anchor_plus_relational_witness|r=0.1|gamma=0.5,0.1,0.5,3,2,auroc,0.5576000213623047
test,Pneumothorax__Support Devices,Pneumothorax,Support Devices,anchor_plus_relational_witness,anchor_plus_relational_witness|r=0.1|gamma=0.5,0.1,0.5,3,2,auprc,0.5560024380683899
test,Pneumothorax__Support Devices,Pneumothorax,Support Devices,anchor_plus_relational_witness,anchor_plus_relational_witness|r=0.1|gamma=0.5,0.1,0.5,3,2,f1,0.6666666865348816
test,Pneumothorax__Support Devices,Pneumothorax,Support Devices,anchor_plus_relational_witness,anchor_plus_relational_witness|r=0.1|gamma=0.5,0.1,0.5,3,2,brier,0.2499176561832428
test,Pneumothorax__Support Devices,Pneumothorax,Support Devices,anchor_plus_relational_witness,anchor_plus_relational_witness|r=0.1|gamma=0.5,0.1,0.5,3,2,ece,0.003735363483428955
test,Pneumothorax__Support Devices,Pneumothorax,Support Devices,anchor_plus_relational_witness,anchor_plus_relational_witness|r=0.1|gamma=0.5,0.1,0.5,3,2,sms_raw_logit,0.04871828854084015
test,Pneumothorax__Support Devices,Pneumothorax,Support Devices,anchor_plus_relational_witness,anchor_plus_relational_witness|r=0.1|gamma=0.5,0.1,0.5,3,2,sms_fixed_reference,2.4750277996063232
test,Pneumothorax__Support Devices,Pneumothorax,Support Devices,anchor_plus_relational_witness,anchor_plus_relational_witness|r=0.1|gamma=0.5,0.1,0.5,3,2,ranking_disagreement,0.5012656450271606
test,Pneumothorax__Support Devices,Pneumothorax,Support Devices,anchor_plus_relational_witness,anchor_plus_relational_witness|r=0.1|gamma=0.5,0.1,0.5,3,2,support_swap_flip_rate,0.0
test,Pneumothorax__Support Devices,Pneumothorax,Support Devices,anchor_plus_relational_witness,anchor_plus_relational_witness|r=0.1|gamma=0.5,0.1,0.5,3,2,d0_auroc,0.5698000192642212
test,Pneumothorax__Support Devices,Pneumothorax,Support Devices,anchor_plus_relational_witness,anchor_plus_relational_witness|r=0.1|gamma=0.5,0.1,0.5,3,2,d1_auroc,0.546500027179718
test,Pneumothorax__Support Devices,Pneumothorax,Support Devices,anchor_plus_relational_witness,anchor_plus_relational_witness|r=0.1|gamma=0.5,0.1,0.5,3,2,worst_nuisance_auroc,0.546500027179718
test,Pneumothorax__Support Devices,Pneumothorax,Support Devices,anchor_plus_relational_witness,anchor_plus_relational_witness|r=0.1|gamma=0.5,0.1,0.5,3,2,border_max_fraction,0.17249999940395355
validate,Pneumothorax__Support Devices,Pneumothorax,Support Devices,anchor_plus_relational_witness,anchor_plus_relational_witness|r=0.1|gamma=0.5,0.1,0.5,3,3,auroc,0.5456749796867371
validate,Pneumothorax__Support Devices,Pneumothorax,Support Devices,anchor_plus_relational_witness,anchor_plus_relational_witness|r=0.1|gamma=0.5,0.1,0.5,3,3,auprc,0.547976553440094
validate,Pneumothorax__Support Devices,Pneumothorax,Support Devices,anchor_plus_relational_witness,anchor_plus_relational_witness|r=0.1|gamma=0.5,0.1,0.5,3,3,f1,0.6666666865348816
validate,Pneumothorax__Support Devices,Pneumothorax,Support Devices,anchor_plus_relational_witness,anchor_plus_relational_witness|r=0.1|gamma=0.5,0.1,0.5,3,3,brier,0.24994999170303345
validate,Pneumothorax__Support Devices,Pneumothorax,Support Devices,anchor_plus_relational_witness,anchor_plus_relational_witness|r=0.1|gamma=0.5,0.1,0.5,3,3,ece,0.007452487945556641
validate,Pneumothorax__Support Devices,Pneumothorax,Support Devices,anchor_plus_relational_witness,anchor_plus_relational_witness|r=0.1|gamma=0.5,0.1,0.5,3,3,sms_raw_logit,0.04283194988965988
validate,Pneumothorax__Support Devices,Pneumothorax,Support Devices,anchor_plus_relational_witness,anchor_plus_relational_witness|r=0.1|gamma=0.5,0.1,0.5,3,3,sms_fixed_reference,2.2820563316345215
validate,Pneumothorax__Support Devices,Pneumothorax,Support Devices,anchor_plus_relational_witness,anchor_plus_relational_witness|r=0.1|gamma=0.5,0.1,0.5,3,3,ranking_disagreement,0.4930827021598816
validate,Pneumothorax__Support Devices,Pneumothorax,Support Devices,anchor_plus_relational_witness,anchor_plus_relational_witness|r=0.1|gamma=0.5,0.1,0.5,3,3,support_swap_flip_rate,0.0
validate,Pneumothorax__Support Devices,Pneumothorax,Support Devices,anchor_plus_relational_witness,anchor_plus_relational_witness|r=0.1|gamma=0.5,0.1,0.5,3,3,d0_auroc,0.538100004196167
validate,Pneumothorax__Support Devices,Pneumothorax,Support Devices,anchor_plus_relational_witness,anchor_plus_relational_witness|r=0.1|gamma=0.5,0.1,0.5,3,3,d1_auroc,0.553600013256073
validate,Pneumothorax__Support Devices,Pneumothorax,Support Devices,anchor_plus_relational_witness,anchor_plus_relational_witness|r=0.1|gamma=0.5,0.1,0.5,3,3,worst_nuisance_auroc,0.538100004196167
validate,Pneumothorax__Support Devices,Pneumothorax,Support Devices,anchor_plus_relational_witness,anchor_plus_relational_witness|r=0.1|gamma=0.5,0.1,0.5,3,3,border_max_fraction,0.23499999940395355
test,Pneumothorax__Support Devices,Pneumothorax,Support Devices,anchor_plus_relational_witness,anchor_plus_relational_witness|r=0.1|gamma=0.5,0.1,0.5,3,3,auroc,0.5324000120162964
test,Pneumothorax__Support Devices,Pneumothorax,Support Devices,anchor_plus_relational_witness,anchor_plus_relational_witness|r=0.1|gamma=0.5,0.1,0.5,3,3,auprc,0.5523460507392883
test,Pneumothorax__Support Devices,Pneumothorax,Support Devices,anchor_plus_relational_witness,anchor_plus_relational_witness|r=0.1|gamma=0.5,0.1,0.5,3,3,f1,0.6666666865348816
test,Pneumothorax__Support Devices,Pneumothorax,Support Devices,anchor_plus_relational_witness,anchor_plus_relational_witness|r=0.1|gamma=0.5,0.1,0.5,3,3,brier,0.24994473159313202
test,Pneumothorax__Support Devices,Pneumothorax,Support Devices,anchor_plus_relational_witness,anchor_plus_relational_witness|r=0.1|gamma=0.5,0.1,0.5,3,3,ece,0.0077364444732666016
test,Pneumothorax__Support Devices,Pneumothorax,Support Devices,anchor_plus_relational_witness,anchor_plus_relational_witness|r=0.1|gamma=0.5,0.1,0.5,3,3,sms_raw_logit,0.04678322747349739
test,Pneumothorax__Support Devices,Pneumothorax,Support Devices,anchor_plus_relational_witness,anchor_plus_relational_witness|r=0.1|gamma=0.5,0.1,0.5,3,3,sms_fixed_reference,2.3463032245635986
test,Pneumothorax__Support Devices,Pneumothorax,Support Devices,anchor_plus_relational_witness,anchor_plus_relational_witness|r=0.1|gamma=0.5,0.1,0.5,3,3,ranking_disagreement,0.4974185526371002
test,Pneumothorax__Support Devices,Pneumothorax,Support Devices,anchor_plus_relational_witness,anchor_plus_relational_witness|r=0.1|gamma=0.5,0.1,0.5,3,3,support_swap_flip_rate,0.0
test,Pneumothorax__Support Devices,Pneumothorax,Support Devices,anchor_plus_relational_witness,anchor_plus_relational_witness|r=0.1|gamma=0.5,0.1,0.5,3,3,d0_auroc,0.5066999793052673
test,Pneumothorax__Support Devices,Pneumothorax,Support Devices,anchor_plus_relational_witness,anchor_plus_relational_witness|r=0.1|gamma=0.5,0.1,0.5,3,3,d1_auroc,0.5620999932289124
test,Pneumothorax__Support Devices,Pneumothorax,Support Devices,anchor_plus_relational_witness,anchor_plus_relational_witness|r=0.1|gamma=0.5,0.1,0.5,3,3,worst_nuisance_auroc,0.5066999793052673
test,Pneumothorax__Support Devices,Pneumothorax,Support Devices,anchor_plus_relational_witness,anchor_plus_relational_witness|r=0.1|gamma=0.5,0.1,0.5,3,3,border_max_fraction,0.2574999928474426
validate,Pneumothorax__Support Devices,Pneumothorax,Support Devices,anchor_plus_relational_witness,anchor_plus_relational_witness|r=0.1|gamma=0.5,0.1,0.5,3,4,auroc,0.5203874707221985
validate,Pneumothorax__Support Devices,Pneumothorax,Support Devices,anchor_plus_relational_witness,anchor_plus_relational_witness|r=0.1|gamma=0.5,0.1,0.5,3,4,auprc,0.5221573710441589
validate,Pneumothorax__Support Devices,Pneumothorax,Support Devices,anchor_plus_relational_witness,anchor_plus_relational_witness|r=0.1|gamma=0.5,0.1,0.5,3,4,f1,0.6666666865348816
validate,Pneumothorax__Support Devices,Pneumothorax,Support Devices,anchor_plus_relational_witness,anchor_plus_relational_witness|r=0.1|gamma=0.5,0.1,0.5,3,4,brier,0.24998070299625397
validate,Pneumothorax__Support Devices,Pneumothorax,Support Devices,anchor_plus_relational_witness,anchor_plus_relational_witness|r=0.1|gamma=0.5,0.1,0.5,3,4,ece,0.003870248794555664
validate,Pneumothorax__Support Devices,Pneumothorax,Support Devices,anchor_plus_relational_witness,anchor_plus_relational_witness|r=0.1|gamma=0.5,0.1,0.5,3,4,sms_raw_logit,0.042910728603601456
validate,Pneumothorax__Support Devices,Pneumothorax,Support Devices,anchor_plus_relational_witness,anchor_plus_relational_witness|r=0.1|gamma=0.5,0.1,0.5,3,4,sms_fixed_reference,2.427842140197754
validate,Pneumothorax__Support Devices,Pneumothorax,Support Devices,anchor_plus_relational_witness,anchor_plus_relational_witness|r=0.1|gamma=0.5,0.1,0.5,3,4,ranking_disagreement,0.4614160358905792
validate,Pneumothorax__Support Devices,Pneumothorax,Support Devices,anchor_plus_relational_witness,anchor_plus_relational_witness|r=0.1|gamma=0.5,0.1,0.5,3,4,support_swap_flip_rate,0.0
validate,Pneumothorax__Support Devices,Pneumothorax,Support Devices,anchor_plus_relational_witness,anchor_plus_relational_witness|r=0.1|gamma=0.5,0.1,0.5,3,4,d0_auroc,0.48190000653266907
validate,Pneumothorax__Support Devices,Pneumothorax,Support Devices,anchor_plus_relational_witness,anchor_plus_relational_witness|r=0.1|gamma=0.5,0.1,0.5,3,4,d1_auroc,0.5608500242233276
validate,Pneumothorax__Support Devices,Pneumothorax,Support Devices,anchor_plus_relational_witness,anchor_plus_relational_witness|r=0.1|gamma=0.5,0.1,0.5,3,4,worst_nuisance_auroc,0.48190000653266907
validate,Pneumothorax__Support Devices,Pneumothorax,Support Devices,anchor_plus_relational_witness,anchor_plus_relational_witness|r=0.1|gamma=0.5,0.1,0.5,3,4,border_max_fraction,0.28999999165534973
test,Pneumothorax__Support Devices,Pneumothorax,Support Devices,anchor_plus_relational_witness,anchor_plus_relational_witness|r=0.1|gamma=0.5,0.1,0.5,3,4,auroc,0.49291250109672546
test,Pneumothorax__Support Devices,Pneumothorax,Support Devices,anchor_plus_relational_witness,anchor_plus_relational_witness|r=0.1|gamma=0.5,0.1,0.5,3,4,auprc,0.4958682358264923
test,Pneumothorax__Support Devices,Pneumothorax,Support Devices,anchor_plus_relational_witness,anchor_plus_relational_witness|r=0.1|gamma=0.5,0.1,0.5,3,4,f1,0.6666666865348816
test,Pneumothorax__Support Devices,Pneumothorax,Support Devices,anchor_plus_relational_witness,anchor_plus_relational_witness|r=0.1|gamma=0.5,0.1,0.5,3,4,brier,0.25001490116119385
test,Pneumothorax__Support Devices,Pneumothorax,Support Devices,anchor_plus_relational_witness,anchor_plus_relational_witness|r=0.1|gamma=0.5,0.1,0.5,3,4,ece,0.003732621669769287
test,Pneumothorax__Support Devices,Pneumothorax,Support Devices,anchor_plus_relational_witness,anchor_plus_relational_witness|r=0.1|gamma=0.5,0.1,0.5,3,4,sms_raw_logit,0.045706745237112045
test,Pneumothorax__Support Devices,Pneumothorax,Support Devices,anchor_plus_relational_witness,anchor_plus_relational_witness|r=0.1|gamma=0.5,0.1,0.5,3,4,sms_fixed_reference,2.5165600776672363
test,Pneumothorax__Support Devices,Pneumothorax,Support Devices,anchor_plus_relational_witness,anchor_plus_relational_witness|r=0.1|gamma=0.5,0.1,0.5,3,4,ranking_disagreement,0.47799497842788696
test,Pneumothorax__Support Devices,Pneumothorax,Support Devices,anchor_plus_relational_witness,anchor_plus_relational_witness|r=0.1|gamma=0.5,0.1,0.5,3,4,support_swap_flip_rate,0.0
test,Pneumothorax__Support Devices,Pneumothorax,Support Devices,anchor_plus_relational_witness,anchor_plus_relational_witness|r=0.1|gamma=0.5,0.1,0.5,3,4,d0_auroc,0.4909999966621399
test,Pneumothorax__Support Devices,Pneumothorax,Support Devices,anchor_plus_relational_witness,anchor_plus_relational_witness|r=0.1|gamma=0.5,0.1,0.5,3,4,d1_auroc,0.49810001254081726
test,Pneumothorax__Support Devices,Pneumothorax,Support Devices,anchor_plus_relational_witness,anchor_plus_relational_witness|r=0.1|gamma=0.5,0.1,0.5,3,4,worst_nuisance_auroc,0.4909999966621399
test,Pneumothorax__Support Devices,Pneumothorax,Support Devices,anchor_plus_relational_witness,anchor_plus_relational_witness|r=0.1|gamma=0.5,0.1,0.5,3,4,border_max_fraction,0.1899999976158142
validate,Pneumothorax__Support Devices,Pneumothorax,Support Devices,anchor_rho03,anchor_rho03,,,3,0,auroc,0.5842750072479248
validate,Pneumothorax__Support Devices,Pneumothorax,Support Devices,anchor_rho03,anchor_rho03,,,3,0,auprc,0.5715001225471497
validate,Pneumothorax__Support Devices,Pneumothorax,Support Devices,anchor_rho03,anchor_rho03,,,3,0,f1,0.6666666865348816
validate,Pneumothorax__Support Devices,Pneumothorax,Support Devices,anchor_rho03,anchor_rho03,,,3,0,brier,0.24611452221870422
validate,Pneumothorax__Support Devices,Pneumothorax,Support Devices,anchor_rho03,anchor_rho03,,,3,0,ece,0.00716383708640933
validate,Pneumothorax__Support Devices,Pneumothorax,Support Devices,anchor_rho03,anchor_rho03,,,3,0,sms_raw_logit,0.004611125681549311
validate,Pneumothorax__Support Devices,Pneumothorax,Support Devices,anchor_rho03,anchor_rho03,,,3,0,sms_fixed_reference,0.25179991126060486
validate,Pneumothorax__Support Devices,Pneumothorax,Support Devices,anchor_rho03,anchor_rho03,,,3,0,ranking_disagreement,0.46889057755470276
validate,Pneumothorax__Support Devices,Pneumothorax,Support Devices,anchor_rho03,anchor_rho03,,,3,0,support_swap_flip_rate,0.0
validate,Pneumothorax__Support Devices,Pneumothorax,Support Devices,anchor_rho03,anchor_rho03,,,3,0,d0_auroc,0.5645999908447266
validate,Pneumothorax__Support Devices,Pneumothorax,Support Devices,anchor_rho03,anchor_rho03,,,3,0,d1_auroc,0.60589998960495
validate,Pneumothorax__Support Devices,Pneumothorax,Support Devices,anchor_rho03,anchor_rho03,,,3,0,worst_nuisance_auroc,0.5645999908447266
validate,Pneumothorax__Support Devices,Pneumothorax,Support Devices,anchor_rho03,anchor_rho03,,,3,0,border_max_fraction,0.27250000834465027
test,Pneumothorax__Support Devices,Pneumothorax,Support Devices,anchor_rho03,anchor_rho03,,,3,0,auroc,0.5290499925613403
test,Pneumothorax__Support Devices,Pneumothorax,Support Devices,anchor_rho03,anchor_rho03,,,3,0,auprc,0.5307430028915405
test,Pneumothorax__Support Devices,Pneumothorax,Support Devices,anchor_rho03,anchor_rho03,,,3,0,f1,0.6666666865348816
test,Pneumothorax__Support Devices,Pneumothorax,Support Devices,anchor_rho03,anchor_rho03,,,3,0,brier,0.25035208463668823
test,Pneumothorax__Support Devices,Pneumothorax,Support Devices,anchor_rho03,anchor_rho03,,,3,0,ece,0.04556472599506378
test,Pneumothorax__Support Devices,Pneumothorax,Support Devices,anchor_rho03,anchor_rho03,,,3,0,sms_raw_logit,0.00473377387970686
test,Pneumothorax__Support Devices,Pneumothorax,Support Devices,anchor_rho03,anchor_rho03,,,3,0,sms_fixed_reference,0.2611567974090576
test,Pneumothorax__Support Devices,Pneumothorax,Support Devices,anchor_rho03,anchor_rho03,,,3,0,ranking_disagreement,0.5207333564758301
test,Pneumothorax__Support Devices,Pneumothorax,Support Devices,anchor_rho03,anchor_rho03,,,3,0,support_swap_flip_rate,0.0
test,Pneumothorax__Support Devices,Pneumothorax,Support Devices,anchor_rho03,anchor_rho03,,,3,0,d0_auroc,0.5526000261306763
test,Pneumothorax__Support Devices,Pneumothorax,Support Devices,anchor_rho03,anchor_rho03,,,3,0,d1_auroc,0.5037000179290771
test,Pneumothorax__Support Devices,Pneumothorax,Support Devices,anchor_rho03,anchor_rho03,,,3,0,worst_nuisance_auroc,0.5037000179290771
test,Pneumothorax__Support Devices,Pneumothorax,Support Devices,anchor_rho03,anchor_rho03,,,3,0,border_max_fraction,0.28999999165534973
validate,Pneumothorax__Support Devices,Pneumothorax,Support Devices,anchor_rho03,anchor_rho03,,,3,1,auroc,0.5504249930381775
validate,Pneumothorax__Support Devices,Pneumothorax,Support Devices,anchor_rho03,anchor_rho03,,,3,1,auprc,0.5427052974700928
validate,Pneumothorax__Support Devices,Pneumothorax,Support Devices,anchor_rho03,anchor_rho03,,,3,1,f1,0.6666666865348816
validate,Pneumothorax__Support Devices,Pneumothorax,Support Devices,anchor_rho03,anchor_rho03,,,3,1,brier,0.24791219830513
validate,Pneumothorax__Support Devices,Pneumothorax,Support Devices,anchor_rho03,anchor_rho03,,,3,1,ece,0.019637206569314003
validate,Pneumothorax__Support Devices,Pneumothorax,Support Devices,anchor_rho03,anchor_rho03,,,3,1,sms_raw_logit,0.004380290396511555
validate,Pneumothorax__Support Devices,Pneumothorax,Support Devices,anchor_rho03,anchor_rho03,,,3,1,sms_fixed_reference,0.2318057417869568
validate,Pneumothorax__Support Devices,Pneumothorax,Support Devices,anchor_rho03,anchor_rho03,,,3,1,ranking_disagreement,0.48817041516304016
validate,Pneumothorax__Support Devices,Pneumothorax,Support Devices,anchor_rho03,anchor_rho03,,,3,1,support_swap_flip_rate,0.0
validate,Pneumothorax__Support Devices,Pneumothorax,Support Devices,anchor_rho03,anchor_rho03,,,3,1,d0_auroc,0.5587999820709229
validate,Pneumothorax__Support Devices,Pneumothorax,Support Devices,anchor_rho03,anchor_rho03,,,3,1,d1_auroc,0.5439000129699707
validate,Pneumothorax__Support Devices,Pneumothorax,Support Devices,anchor_rho03,anchor_rho03,,,3,1,worst_nuisance_auroc,0.5439000129699707
validate,Pneumothorax__Support Devices,Pneumothorax,Support Devices,anchor_rho03,anchor_rho03,,,3,1,border_max_fraction,0.22750000655651093
test,Pneumothorax__Support Devices,Pneumothorax,Support Devices,anchor_rho03,anchor_rho03,,,3,1,auroc,0.5566499829292297
test,Pneumothorax__Support Devices,Pneumothorax,Support Devices,anchor_rho03,anchor_rho03,,,3,1,auprc,0.5355896353721619
test,Pneumothorax__Support Devices,Pneumothorax,Support Devices,anchor_rho03,anchor_rho03,,,3,1,f1,0.6666666865348816
test,Pneumothorax__Support Devices,Pneumothorax,Support Devices,anchor_rho03,anchor_rho03,,,3,1,brier,0.24851283431053162
test,Pneumothorax__Support Devices,Pneumothorax,Support Devices,anchor_rho03,anchor_rho03,,,3,1,ece,0.024757903069257736
test,Pneumothorax__Support Devices,Pneumothorax,Support Devices,anchor_rho03,anchor_rho03,,,3,1,sms_raw_logit,0.0042412132024765015
test,Pneumothorax__Support Devices,Pneumothorax,Support Devices,anchor_rho03,anchor_rho03,,,3,1,sms_fixed_reference,0.22440233826637268
test,Pneumothorax__Support Devices,Pneumothorax,Support Devices,anchor_rho03,anchor_rho03,,,3,1,ranking_disagreement,0.46892231702804565
test,Pneumothorax__Support Devices,Pneumothorax,Support Devices,anchor_rho03,anchor_rho03,,,3,1,support_swap_flip_rate,0.0
test,Pneumothorax__Support Devices,Pneumothorax,Support Devices,anchor_rho03,anchor_rho03,,,3,1,d0_auroc,0.5907999873161316
test,Pneumothorax__Support Devices,Pneumothorax,Support Devices,anchor_rho03,anchor_rho03,,,3,1,d1_auroc,0.5235000252723694
test,Pneumothorax__Support Devices,Pneumothorax,Support Devices,anchor_rho03,anchor_rho03,,,3,1,worst_nuisance_auroc,0.5235000252723694
test,Pneumothorax__Support Devices,Pneumothorax,Support Devices,anchor_rho03,anchor_rho03,,,3,1,border_max_fraction,0.28999999165534973
validate,Pneumothorax__Support Devices,Pneumothorax,Support Devices,anchor_rho03,anchor_rho03,,,3,2,auroc,0.5450500249862671
validate,Pneumothorax__Support Devices,Pneumothorax,Support Devices,anchor_rho03,anchor_rho03,,,3,2,auprc,0.5575326681137085
validate,Pneumothorax__Support Devices,Pneumothorax,Support Devices,anchor_rho03,anchor_rho03,,,3,2,f1,0.6688963174819946
validate,Pneumothorax__Support Devices,Pneumothorax,Support Devices,anchor_rho03,anchor_rho03,,,3,2,brier,0.24834300577640533
validate,Pneumothorax__Support Devices,Pneumothorax,Support Devices,anchor_rho03,anchor_rho03,,,3,2,ece,0.022521499544382095
validate,Pneumothorax__Support Devices,Pneumothorax,Support Devices,anchor_rho03,anchor_rho03,,,3,2,sms_raw_logit,0.0047188024036586285
validate,Pneumothorax__Support Devices,Pneumothorax,Support Devices,anchor_rho03,anchor_rho03,,,3,2,sms_fixed_reference,0.2569066286087036
validate,Pneumothorax__Support Devices,Pneumothorax,Support Devices,anchor_rho03,anchor_rho03,,,3,2,ranking_disagreement,0.4725313186645508
validate,Pneumothorax__Support Devices,Pneumothorax,Support Devices,anchor_rho03,anchor_rho03,,,3,2,support_swap_flip_rate,0.08749999850988388
validate,Pneumothorax__Support Devices,Pneumothorax,Support Devices,anchor_rho03,anchor_rho03,,,3,2,d0_auroc,0.5411999821662903
validate,Pneumothorax__Support Devices,Pneumothorax,Support Devices,anchor_rho03,anchor_rho03,,,3,2,d1_auroc,0.5519000291824341
validate,Pneumothorax__Support Devices,Pneumothorax,Support Devices,anchor_rho03,anchor_rho03,,,3,2,worst_nuisance_auroc,0.5411999821662903
validate,Pneumothorax__Support Devices,Pneumothorax,Support Devices,anchor_rho03,anchor_rho03,,,3,2,border_max_fraction,0.20250000059604645
test,Pneumothorax__Support Devices,Pneumothorax,Support Devices,anchor_rho03,anchor_rho03,,,3,2,auroc,0.5267000198364258
test,Pneumothorax__Support Devices,Pneumothorax,Support Devices,anchor_rho03,anchor_rho03,,,3,2,auprc,0.5322413444519043
test,Pneumothorax__Support Devices,Pneumothorax,Support Devices,anchor_rho03,anchor_rho03,,,3,2,f1,0.6655518412590027
test,Pneumothorax__Support Devices,Pneumothorax,Support Devices,anchor_rho03,anchor_rho03,,,3,2,brier,0.24911370873451233
test,Pneumothorax__Support Devices,Pneumothorax,Support Devices,anchor_rho03,anchor_rho03,,,3,2,ece,0.03491196036338806
test,Pneumothorax__Support Devices,Pneumothorax,Support Devices,anchor_rho03,anchor_rho03,,,3,2,sms_raw_logit,0.00567711191251874
test,Pneumothorax__Support Devices,Pneumothorax,Support Devices,anchor_rho03,anchor_rho03,,,3,2,sms_fixed_reference,0.2884134352207184
test,Pneumothorax__Support Devices,Pneumothorax,Support Devices,anchor_rho03,anchor_rho03,,,3,2,ranking_disagreement,0.5338847041130066
test,Pneumothorax__Support Devices,Pneumothorax,Support Devices,anchor_rho03,anchor_rho03,,,3,2,support_swap_flip_rate,0.08749999850988388
test,Pneumothorax__Support Devices,Pneumothorax,Support Devices,anchor_rho03,anchor_rho03,,,3,2,d0_auroc,0.5620999932289124
test,Pneumothorax__Support Devices,Pneumothorax,Support Devices,anchor_rho03,anchor_rho03,,,3,2,d1_auroc,0.4950000047683716
test,Pneumothorax__Support Devices,Pneumothorax,Support Devices,anchor_rho03,anchor_rho03,,,3,2,worst_nuisance_auroc,0.4950000047683716
test,Pneumothorax__Support Devices,Pneumothorax,Support Devices,anchor_rho03,anchor_rho03,,,3,2,border_max_fraction,0.20000000298023224
validate,Pneumothorax__Support Devices,Pneumothorax,Support Devices,anchor_rho03,anchor_rho03,,,3,3,auroc,0.5271250009536743
validate,Pneumothorax__Support Devices,Pneumothorax,Support Devices,anchor_rho03,anchor_rho03,,,3,3,auprc,0.539772093296051
validate,Pneumothorax__Support Devices,Pneumothorax,Support Devices,anchor_rho03,anchor_rho03,,,3,3,f1,0.6666666865348816
validate,Pneumothorax__Support Devices,Pneumothorax,Support Devices,anchor_rho03,anchor_rho03,,,3,3,brier,0.2495831698179245
validate,Pneumothorax__Support Devices,Pneumothorax,Support Devices,anchor_rho03,anchor_rho03,,,3,3,ece,0.002728514140471816
validate,Pneumothorax__Support Devices,Pneumothorax,Support Devices,anchor_rho03,anchor_rho03,,,3,3,sms_raw_logit,0.0043020169250667095
validate,Pneumothorax__Support Devices,Pneumothorax,Support Devices,anchor_rho03,anchor_rho03,,,3,3,sms_fixed_reference,0.22920845448970795
validate,Pneumothorax__Support Devices,Pneumothorax,Support Devices,anchor_rho03,anchor_rho03,,,3,3,ranking_disagreement,0.5048370957374573
validate,Pneumothorax__Support Devices,Pneumothorax,Support Devices,anchor_rho03,anchor_rho03,,,3,3,support_swap_flip_rate,0.0
validate,Pneumothorax__Support Devices,Pneumothorax,Support Devices,anchor_rho03,anchor_rho03,,,3,3,d0_auroc,0.5126000046730042
validate,Pneumothorax__Support Devices,Pneumothorax,Support Devices,anchor_rho03,anchor_rho03,,,3,3,d1_auroc,0.5473999977111816
validate,Pneumothorax__Support Devices,Pneumothorax,Support Devices,anchor_rho03,anchor_rho03,,,3,3,worst_nuisance_auroc,0.5126000046730042
validate,Pneumothorax__Support Devices,Pneumothorax,Support Devices,anchor_rho03,anchor_rho03,,,3,3,border_max_fraction,0.22499999403953552
test,Pneumothorax__Support Devices,Pneumothorax,Support Devices,anchor_rho03,anchor_rho03,,,3,3,auroc,0.5614625215530396
test,Pneumothorax__Support Devices,Pneumothorax,Support Devices,anchor_rho03,anchor_rho03,,,3,3,auprc,0.5747848153114319
test,Pneumothorax__Support Devices,Pneumothorax,Support Devices,anchor_rho03,anchor_rho03,,,3,3,f1,0.6666666865348816
test,Pneumothorax__Support Devices,Pneumothorax,Support Devices,anchor_rho03,anchor_rho03,,,3,3,brier,0.24837034940719604
test,Pneumothorax__Support Devices,Pneumothorax,Support Devices,anchor_rho03,anchor_rho03,,,3,3,ece,0.003487320151180029
test,Pneumothorax__Support Devices,Pneumothorax,Support Devices,anchor_rho03,anchor_rho03,,,3,3,sms_raw_logit,0.004142104182392359
test,Pneumothorax__Support Devices,Pneumothorax,Support Devices,anchor_rho03,anchor_rho03,,,3,3,sms_fixed_reference,0.207737535238266
test,Pneumothorax__Support Devices,Pneumothorax,Support Devices,anchor_rho03,anchor_rho03,,,3,3,ranking_disagreement,0.4604887366294861
test,Pneumothorax__Support Devices,Pneumothorax,Support Devices,anchor_rho03,anchor_rho03,,,3,3,support_swap_flip_rate,0.0
test,Pneumothorax__Support Devices,Pneumothorax,Support Devices,anchor_rho03,anchor_rho03,,,3,3,d0_auroc,0.5663999915122986
test,Pneumothorax__Support Devices,Pneumothorax,Support Devices,anchor_rho03,anchor_rho03,,,3,3,d1_auroc,0.5569000244140625
test,Pneumothorax__Support Devices,Pneumothorax,Support Devices,anchor_rho03,anchor_rho03,,,3,3,worst_nuisance_auroc,0.5569000244140625
test,Pneumothorax__Support Devices,Pneumothorax,Support Devices,anchor_rho03,anchor_rho03,,,3,3,border_max_fraction,0.2574999928474426
validate,Pneumothorax__Support Devices,Pneumothorax,Support Devices,anchor_rho03,anchor_rho03,,,3,4,auroc,0.5497499704360962
validate,Pneumothorax__Support Devices,Pneumothorax,Support Devices,anchor_rho03,anchor_rho03,,,3,4,auprc,0.5495307445526123
validate,Pneumothorax__Support Devices,Pneumothorax,Support Devices,anchor_rho03,anchor_rho03,,,3,4,f1,0.6666666865348816
validate,Pneumothorax__Support Devices,Pneumothorax,Support Devices,anchor_rho03,anchor_rho03,,,3,4,brier,0.24895422160625458
validate,Pneumothorax__Support Devices,Pneumothorax,Support Devices,anchor_rho03,anchor_rho03,,,3,4,ece,0.025175563991069794
validate,Pneumothorax__Support Devices,Pneumothorax,Support Devices,anchor_rho03,anchor_rho03,,,3,4,sms_raw_logit,0.005221187602728605
validate,Pneumothorax__Support Devices,Pneumothorax,Support Devices,anchor_rho03,anchor_rho03,,,3,4,sms_fixed_reference,0.29540908336639404
validate,Pneumothorax__Support Devices,Pneumothorax,Support Devices,anchor_rho03,anchor_rho03,,,3,4,ranking_disagreement,0.518202006816864
validate,Pneumothorax__Support Devices,Pneumothorax,Support Devices,anchor_rho03,anchor_rho03,,,3,4,support_swap_flip_rate,0.0
validate,Pneumothorax__Support Devices,Pneumothorax,Support Devices,anchor_rho03,anchor_rho03,,,3,4,d0_auroc,0.5496000051498413
validate,Pneumothorax__Support Devices,Pneumothorax,Support Devices,anchor_rho03,anchor_rho03,,,3,4,d1_auroc,0.551800012588501
validate,Pneumothorax__Support Devices,Pneumothorax,Support Devices,anchor_rho03,anchor_rho03,,,3,4,worst_nuisance_auroc,0.5496000051498413
validate,Pneumothorax__Support Devices,Pneumothorax,Support Devices,anchor_rho03,anchor_rho03,,,3,4,border_max_fraction,0.20749999582767487
test,Pneumothorax__Support Devices,Pneumothorax,Support Devices,anchor_rho03,anchor_rho03,,,3,4,auroc,0.5219500064849854
test,Pneumothorax__Support Devices,Pneumothorax,Support Devices,anchor_rho03,anchor_rho03,,,3,4,auprc,0.5193650722503662
test,Pneumothorax__Support Devices,Pneumothorax,Support Devices,anchor_rho03,anchor_rho03,,,3,4,f1,0.6666666865348816
test,Pneumothorax__Support Devices,Pneumothorax,Support Devices,anchor_rho03,anchor_rho03,,,3,4,brier,0.24991483986377716
test,Pneumothorax__Support Devices,Pneumothorax,Support Devices,anchor_rho03,anchor_rho03,,,3,4,ece,0.011363695375621319
test,Pneumothorax__Support Devices,Pneumothorax,Support Devices,anchor_rho03,anchor_rho03,,,3,4,sms_raw_logit,0.004909014794975519
test,Pneumothorax__Support Devices,Pneumothorax,Support Devices,anchor_rho03,anchor_rho03,,,3,4,sms_fixed_reference,0.27028462290763855
test,Pneumothorax__Support Devices,Pneumothorax,Support Devices,anchor_rho03,anchor_rho03,,,3,4,ranking_disagreement,0.467104434967041
test,Pneumothorax__Support Devices,Pneumothorax,Support Devices,anchor_rho03,anchor_rho03,,,3,4,support_swap_flip_rate,0.0
test,Pneumothorax__Support Devices,Pneumothorax,Support Devices,anchor_rho03,anchor_rho03,,,3,4,d0_auroc,0.5271999835968018
test,Pneumothorax__Support Devices,Pneumothorax,Support Devices,anchor_rho03,anchor_rho03,,,3,4,d1_auroc,0.5177000164985657
test,Pneumothorax__Support Devices,Pneumothorax,Support Devices,anchor_rho03,anchor_rho03,,,3,4,worst_nuisance_auroc,0.5177000164985657
test,Pneumothorax__Support Devices,Pneumothorax,Support Devices,anchor_rho03,anchor_rho03,,,3,4,border_max_fraction,0.19750000536441803
validate,Pneumothorax__Support Devices,Pneumothorax,Support Devices,dn4_hard_knn,dn4_hard_knn,,,3,0,auroc,0.5715000033378601
validate,Pneumothorax__Support Devices,Pneumothorax,Support Devices,dn4_hard_knn,dn4_hard_knn,,,3,0,auprc,0.5638998746871948
validate,Pneumothorax__Support Devices,Pneumothorax,Support Devices,dn4_hard_knn,dn4_hard_knn,,,3,0,f1,0.673434853553772
validate,Pneumothorax__Support Devices,Pneumothorax,Support Devices,dn4_hard_knn,dn4_hard_knn,,,3,0,brier,0.24582046270370483
validate,Pneumothorax__Support Devices,Pneumothorax,Support Devices,dn4_hard_knn,dn4_hard_knn,,,3,0,ece,0.034566041082143784
validate,Pneumothorax__Support Devices,Pneumothorax,Support Devices,dn4_hard_knn,dn4_hard_knn,,,3,0,sms_raw_logit,0.0390625
validate,Pneumothorax__Support Devices,Pneumothorax,Support Devices,dn4_hard_knn,dn4_hard_knn,,,3,0,sms_fixed_reference,2.133087158203125
validate,Pneumothorax__Support Devices,Pneumothorax,Support Devices,dn4_hard_knn,dn4_hard_knn,,,3,0,ranking_disagreement,0.46783655881881714
validate,Pneumothorax__Support Devices,Pneumothorax,Support Devices,dn4_hard_knn,dn4_hard_knn,,,3,0,support_swap_flip_rate,0.0925000011920929
validate,Pneumothorax__Support Devices,Pneumothorax,Support Devices,dn4_hard_knn,dn4_hard_knn,,,3,0,d0_auroc,0.588949978351593
validate,Pneumothorax__Support Devices,Pneumothorax,Support Devices,dn4_hard_knn,dn4_hard_knn,,,3,0,d1_auroc,0.5534999966621399
validate,Pneumothorax__Support Devices,Pneumothorax,Support Devices,dn4_hard_knn,dn4_hard_knn,,,3,0,worst_nuisance_auroc,0.5534999966621399
validate,Pneumothorax__Support Devices,Pneumothorax,Support Devices,dn4_hard_knn,dn4_hard_knn,,,3,0,border_max_fraction,0.10249999910593033
test,Pneumothorax__Support Devices,Pneumothorax,Support Devices,dn4_hard_knn,dn4_hard_knn,,,3,0,auroc,0.5107374787330627
test,Pneumothorax__Support Devices,Pneumothorax,Support Devices,dn4_hard_knn,dn4_hard_knn,,,3,0,auprc,0.5228968262672424
test,Pneumothorax__Support Devices,Pneumothorax,Support Devices,dn4_hard_knn,dn4_hard_knn,,,3,0,f1,0.6507666110992432
test,Pneumothorax__Support Devices,Pneumothorax,Support Devices,dn4_hard_knn,dn4_hard_knn,,,3,0,brier,0.2548418343067169
test,Pneumothorax__Support Devices,Pneumothorax,Support Devices,dn4_hard_knn,dn4_hard_knn,,,3,0,ece,0.03979796916246414
test,Pneumothorax__Support Devices,Pneumothorax,Support Devices,dn4_hard_knn,dn4_hard_knn,,,3,0,sms_raw_logit,0.04046630859375
test,Pneumothorax__Support Devices,Pneumothorax,Support Devices,dn4_hard_knn,dn4_hard_knn,,,3,0,sms_fixed_reference,2.2324793338775635
test,Pneumothorax__Support Devices,Pneumothorax,Support Devices,dn4_hard_knn,dn4_hard_knn,,,3,0,ranking_disagreement,0.5025193691253662
test,Pneumothorax__Support Devices,Pneumothorax,Support Devices,dn4_hard_knn,dn4_hard_knn,,,3,0,support_swap_flip_rate,0.12250000238418579
test,Pneumothorax__Support Devices,Pneumothorax,Support Devices,dn4_hard_knn,dn4_hard_knn,,,3,0,d0_auroc,0.5127999782562256
test,Pneumothorax__Support Devices,Pneumothorax,Support Devices,dn4_hard_knn,dn4_hard_knn,,,3,0,d1_auroc,0.5192499756813049
test,Pneumothorax__Support Devices,Pneumothorax,Support Devices,dn4_hard_knn,dn4_hard_knn,,,3,0,worst_nuisance_auroc,0.5127999782562256
test,Pneumothorax__Support Devices,Pneumothorax,Support Devices,dn4_hard_knn,dn4_hard_knn,,,3,0,border_max_fraction,0.11500000208616257
validate,Pneumothorax__Support Devices,Pneumothorax,Support Devices,dn4_hard_knn,dn4_hard_knn,,,3,1,auroc,0.5504500269889832
validate,Pneumothorax__Support Devices,Pneumothorax,Support Devices,dn4_hard_knn,dn4_hard_knn,,,3,1,auprc,0.5318662524223328
validate,Pneumothorax__Support Devices,Pneumothorax,Support Devices,dn4_hard_knn,dn4_hard_knn,,,3,1,f1,0.6863085031509399
validate,Pneumothorax__Support Devices,Pneumothorax,Support Devices,dn4_hard_knn,dn4_hard_knn,,,3,1,brier,0.24762317538261414
validate,Pneumothorax__Support Devices,Pneumothorax,Support Devices,dn4_hard_knn,dn4_hard_knn,,,3,1,ece,0.06205689534544945
validate,Pneumothorax__Support Devices,Pneumothorax,Support Devices,dn4_hard_knn,dn4_hard_knn,,,3,1,sms_raw_logit,0.042449951171875
validate,Pneumothorax__Support Devices,Pneumothorax,Support Devices,dn4_hard_knn,dn4_hard_knn,,,3,1,sms_fixed_reference,2.2464590072631836
validate,Pneumothorax__Support Devices,Pneumothorax,Support Devices,dn4_hard_knn,dn4_hard_knn,,,3,1,ranking_disagreement,0.5212383270263672
validate,Pneumothorax__Support Devices,Pneumothorax,Support Devices,dn4_hard_knn,dn4_hard_knn,,,3,1,support_swap_flip_rate,0.26750001311302185
validate,Pneumothorax__Support Devices,Pneumothorax,Support Devices,dn4_hard_knn,dn4_hard_knn,,,3,1,d0_auroc,0.5392000079154968
validate,Pneumothorax__Support Devices,Pneumothorax,Support Devices,dn4_hard_knn,dn4_hard_knn,,,3,1,d1_auroc,0.5602999925613403
validate,Pneumothorax__Support Devices,Pneumothorax,Support Devices,dn4_hard_knn,dn4_hard_knn,,,3,1,worst_nuisance_auroc,0.5392000079154968
validate,Pneumothorax__Support Devices,Pneumothorax,Support Devices,dn4_hard_knn,dn4_hard_knn,,,3,1,border_max_fraction,0.10249999910593033
test,Pneumothorax__Support Devices,Pneumothorax,Support Devices,dn4_hard_knn,dn4_hard_knn,,,3,1,auroc,0.5253999829292297
test,Pneumothorax__Support Devices,Pneumothorax,Support Devices,dn4_hard_knn,dn4_hard_knn,,,3,1,auprc,0.5182398557662964
test,Pneumothorax__Support Devices,Pneumothorax,Support Devices,dn4_hard_knn,dn4_hard_knn,,,3,1,f1,0.6548672318458557
test,Pneumothorax__Support Devices,Pneumothorax,Support Devices,dn4_hard_knn,dn4_hard_knn,,,3,1,brier,0.2517591416835785
test,Pneumothorax__Support Devices,Pneumothorax,Support Devices,dn4_hard_knn,dn4_hard_knn,,,3,1,ece,0.042177729308605194
test,Pneumothorax__Support Devices,Pneumothorax,Support Devices,dn4_hard_knn,dn4_hard_knn,,,3,1,sms_raw_logit,0.039581298828125
test,Pneumothorax__Support Devices,Pneumothorax,Support Devices,dn4_hard_knn,dn4_hard_knn,,,3,1,sms_fixed_reference,2.0942442417144775
test,Pneumothorax__Support Devices,Pneumothorax,Support Devices,dn4_hard_knn,dn4_hard_knn,,,3,1,ranking_disagreement,0.45627734065055847
test,Pneumothorax__Support Devices,Pneumothorax,Support Devices,dn4_hard_knn,dn4_hard_knn,,,3,1,support_swap_flip_rate,0.2199999988079071
test,Pneumothorax__Support Devices,Pneumothorax,Support Devices,dn4_hard_knn,dn4_hard_knn,,,3,1,d0_auroc,0.5579500198364258
test,Pneumothorax__Support Devices,Pneumothorax,Support Devices,dn4_hard_knn,dn4_hard_knn,,,3,1,d1_auroc,0.4896000027656555
test,Pneumothorax__Support Devices,Pneumothorax,Support Devices,dn4_hard_knn,dn4_hard_knn,,,3,1,worst_nuisance_auroc,0.4896000027656555
test,Pneumothorax__Support Devices,Pneumothorax,Support Devices,dn4_hard_knn,dn4_hard_knn,,,3,1,border_max_fraction,0.10000000149011612
validate,Pneumothorax__Support Devices,Pneumothorax,Support Devices,dn4_hard_knn,dn4_hard_knn,,,3,2,auroc,0.569100022315979
validate,Pneumothorax__Support Devices,Pneumothorax,Support Devices,dn4_hard_knn,dn4_hard_knn,,,3,2,auprc,0.5484689474105835
validate,Pneumothorax__Support Devices,Pneumothorax,Support Devices,dn4_hard_knn,dn4_hard_knn,,,3,2,f1,0.6677796244621277
validate,Pneumothorax__Support Devices,Pneumothorax,Support Devices,dn4_hard_knn,dn4_hard_knn,,,3,2,brier,0.24743622541427612
validate,Pneumothorax__Support Devices,Pneumothorax,Support Devices,dn4_hard_knn,dn4_hard_knn,,,3,2,ece,0.028563231229782104
validate,Pneumothorax__Support Devices,Pneumothorax,Support Devices,dn4_hard_knn,dn4_hard_knn,,,3,2,sms_raw_logit,0.0391845703125
validate,Pneumothorax__Support Devices,Pneumothorax,Support Devices,dn4_hard_knn,dn4_hard_knn,,,3,2,sms_fixed_reference,2.1333327293395996
validate,Pneumothorax__Support Devices,Pneumothorax,Support Devices,dn4_hard_knn,dn4_hard_knn,,,3,2,ranking_disagreement,0.4875915050506592
validate,Pneumothorax__Support Devices,Pneumothorax,Support Devices,dn4_hard_knn,dn4_hard_knn,,,3,2,support_swap_flip_rate,0.03500000014901161
validate,Pneumothorax__Support Devices,Pneumothorax,Support Devices,dn4_hard_knn,dn4_hard_knn,,,3,2,d0_auroc,0.5708000063896179
validate,Pneumothorax__Support Devices,Pneumothorax,Support Devices,dn4_hard_knn,dn4_hard_knn,,,3,2,d1_auroc,0.5658000111579895
validate,Pneumothorax__Support Devices,Pneumothorax,Support Devices,dn4_hard_knn,dn4_hard_knn,,,3,2,worst_nuisance_auroc,0.5658000111579895
validate,Pneumothorax__Support Devices,Pneumothorax,Support Devices,dn4_hard_knn,dn4_hard_knn,,,3,2,border_max_fraction,0.09749999642372131
test,Pneumothorax__Support Devices,Pneumothorax,Support Devices,dn4_hard_knn,dn4_hard_knn,,,3,2,auroc,0.5461875200271606
test,Pneumothorax__Support Devices,Pneumothorax,Support Devices,dn4_hard_knn,dn4_hard_knn,,,3,2,auprc,0.5257334113121033
test,Pneumothorax__Support Devices,Pneumothorax,Support Devices,dn4_hard_knn,dn4_hard_knn,,,3,2,f1,0.6666666865348816
test,Pneumothorax__Support Devices,Pneumothorax,Support Devices,dn4_hard_knn,dn4_hard_knn,,,3,2,brier,0.2476460337638855
test,Pneumothorax__Support Devices,Pneumothorax,Support Devices,dn4_hard_knn,dn4_hard_knn,,,3,2,ece,0.05346985161304474
test,Pneumothorax__Support Devices,Pneumothorax,Support Devices,dn4_hard_knn,dn4_hard_knn,,,3,2,sms_raw_logit,0.042510986328125
test,Pneumothorax__Support Devices,Pneumothorax,Support Devices,dn4_hard_knn,dn4_hard_knn,,,3,2,sms_fixed_reference,2.1596791744232178
test,Pneumothorax__Support Devices,Pneumothorax,Support Devices,dn4_hard_knn,dn4_hard_knn,,,3,2,ranking_disagreement,0.5208868384361267
test,Pneumothorax__Support Devices,Pneumothorax,Support Devices,dn4_hard_knn,dn4_hard_knn,,,3,2,support_swap_flip_rate,0.027499999850988388
test,Pneumothorax__Support Devices,Pneumothorax,Support Devices,dn4_hard_knn,dn4_hard_knn,,,3,2,d0_auroc,0.571150004863739
test,Pneumothorax__Support Devices,Pneumothorax,Support Devices,dn4_hard_knn,dn4_hard_knn,,,3,2,d1_auroc,0.5206500291824341
test,Pneumothorax__Support Devices,Pneumothorax,Support Devices,dn4_hard_knn,dn4_hard_knn,,,3,2,worst_nuisance_auroc,0.5206500291824341
test,Pneumothorax__Support Devices,Pneumothorax,Support Devices,dn4_hard_knn,dn4_hard_knn,,,3,2,border_max_fraction,0.09749999642372131
validate,Pneumothorax__Support Devices,Pneumothorax,Support Devices,dn4_hard_knn,dn4_hard_knn,,,3,3,auroc,0.5311999917030334
validate,Pneumothorax__Support Devices,Pneumothorax,Support Devices,dn4_hard_knn,dn4_hard_knn,,,3,3,auprc,0.5248681306838989
validate,Pneumothorax__Support Devices,Pneumothorax,Support Devices,dn4_hard_knn,dn4_hard_knn,,,3,3,f1,0.6666666865348816
validate,Pneumothorax__Support Devices,Pneumothorax,Support Devices,dn4_hard_knn,dn4_hard_knn,,,3,3,brier,0.24969637393951416
validate,Pneumothorax__Support Devices,Pneumothorax,Support Devices,dn4_hard_knn,dn4_hard_knn,,,3,3,ece,0.0011279296595603228
validate,Pneumothorax__Support Devices,Pneumothorax,Support Devices,dn4_hard_knn,dn4_hard_knn,,,3,3,sms_raw_logit,0.04241943359375
validate,Pneumothorax__Support Devices,Pneumothorax,Support Devices,dn4_hard_knn,dn4_hard_knn,,,3,3,sms_fixed_reference,2.260077714920044
validate,Pneumothorax__Support Devices,Pneumothorax,Support Devices,dn4_hard_knn,dn4_hard_knn,,,3,3,ranking_disagreement,0.4984583258628845
validate,Pneumothorax__Support Devices,Pneumothorax,Support Devices,dn4_hard_knn,dn4_hard_knn,,,3,3,support_swap_flip_rate,0.0
validate,Pneumothorax__Support Devices,Pneumothorax,Support Devices,dn4_hard_knn,dn4_hard_knn,,,3,3,d0_auroc,0.5314000248908997
validate,Pneumothorax__Support Devices,Pneumothorax,Support Devices,dn4_hard_knn,dn4_hard_knn,,,3,3,d1_auroc,0.5339999794960022
validate,Pneumothorax__Support Devices,Pneumothorax,Support Devices,dn4_hard_knn,dn4_hard_knn,,,3,3,worst_nuisance_auroc,0.5314000248908997
validate,Pneumothorax__Support Devices,Pneumothorax,Support Devices,dn4_hard_knn,dn4_hard_knn,,,3,3,border_max_fraction,0.13249999284744263
test,Pneumothorax__Support Devices,Pneumothorax,Support Devices,dn4_hard_knn,dn4_hard_knn,,,3,3,auroc,0.5285500288009644
test,Pneumothorax__Support Devices,Pneumothorax,Support Devices,dn4_hard_knn,dn4_hard_knn,,,3,3,auprc,0.5453172326087952
test,Pneumothorax__Support Devices,Pneumothorax,Support Devices,dn4_hard_knn,dn4_hard_knn,,,3,3,f1,0.6666666865348816
test,Pneumothorax__Support Devices,Pneumothorax,Support Devices,dn4_hard_knn,dn4_hard_knn,,,3,3,brier,0.24959993362426758
test,Pneumothorax__Support Devices,Pneumothorax,Support Devices,dn4_hard_knn,dn4_hard_knn,,,3,3,ece,0.004927381407469511
test,Pneumothorax__Support Devices,Pneumothorax,Support Devices,dn4_hard_knn,dn4_hard_knn,,,3,3,sms_raw_logit,0.04022216796875
test,Pneumothorax__Support Devices,Pneumothorax,Support Devices,dn4_hard_knn,dn4_hard_knn,,,3,3,sms_fixed_reference,2.0172486305236816
test,Pneumothorax__Support Devices,Pneumothorax,Support Devices,dn4_hard_knn,dn4_hard_knn,,,3,3,ranking_disagreement,0.46728503704071045
test,Pneumothorax__Support Devices,Pneumothorax,Support Devices,dn4_hard_knn,dn4_hard_knn,,,3,3,support_swap_flip_rate,0.0
test,Pneumothorax__Support Devices,Pneumothorax,Support Devices,dn4_hard_knn,dn4_hard_knn,,,3,3,d0_auroc,0.5135999917984009
test,Pneumothorax__Support Devices,Pneumothorax,Support Devices,dn4_hard_knn,dn4_hard_knn,,,3,3,d1_auroc,0.5422499775886536
test,Pneumothorax__Support Devices,Pneumothorax,Support Devices,dn4_hard_knn,dn4_hard_knn,,,3,3,worst_nuisance_auroc,0.5135999917984009
test,Pneumothorax__Support Devices,Pneumothorax,Support Devices,dn4_hard_knn,dn4_hard_knn,,,3,3,border_max_fraction,0.1274999976158142
validate,Pneumothorax__Support Devices,Pneumothorax,Support Devices,dn4_hard_knn,dn4_hard_knn,,,3,4,auroc,0.5636249780654907
validate,Pneumothorax__Support Devices,Pneumothorax,Support Devices,dn4_hard_knn,dn4_hard_knn,,,3,4,auprc,0.5504335761070251
validate,Pneumothorax__Support Devices,Pneumothorax,Support Devices,dn4_hard_knn,dn4_hard_knn,,,3,4,f1,0.6666666865348816
validate,Pneumothorax__Support Devices,Pneumothorax,Support Devices,dn4_hard_knn,dn4_hard_knn,,,3,4,brier,0.24721406400203705
validate,Pneumothorax__Support Devices,Pneumothorax,Support Devices,dn4_hard_knn,dn4_hard_knn,,,3,4,ece,0.04845946654677391
validate,Pneumothorax__Support Devices,Pneumothorax,Support Devices,dn4_hard_knn,dn4_hard_knn,,,3,4,sms_raw_logit,0.041046142578125
validate,Pneumothorax__Support Devices,Pneumothorax,Support Devices,dn4_hard_knn,dn4_hard_knn,,,3,4,sms_fixed_reference,2.3223459720611572
validate,Pneumothorax__Support Devices,Pneumothorax,Support Devices,dn4_hard_knn,dn4_hard_knn,,,3,4,ranking_disagreement,0.49941715598106384
validate,Pneumothorax__Support Devices,Pneumothorax,Support Devices,dn4_hard_knn,dn4_hard_knn,,,3,4,support_swap_flip_rate,0.0
validate,Pneumothorax__Support Devices,Pneumothorax,Support Devices,dn4_hard_knn,dn4_hard_knn,,,3,4,d0_auroc,0.5644500255584717
validate,Pneumothorax__Support Devices,Pneumothorax,Support Devices,dn4_hard_knn,dn4_hard_knn,,,3,4,d1_auroc,0.5653499960899353
validate,Pneumothorax__Support Devices,Pneumothorax,Support Devices,dn4_hard_knn,dn4_hard_knn,,,3,4,worst_nuisance_auroc,0.5644500255584717
validate,Pneumothorax__Support Devices,Pneumothorax,Support Devices,dn4_hard_knn,dn4_hard_knn,,,3,4,border_max_fraction,0.08500000089406967
test,Pneumothorax__Support Devices,Pneumothorax,Support Devices,dn4_hard_knn,dn4_hard_knn,,,3,4,auroc,0.5120624899864197
test,Pneumothorax__Support Devices,Pneumothorax,Support Devices,dn4_hard_knn,dn4_hard_knn,,,3,4,auprc,0.5245161652565002
test,Pneumothorax__Support Devices,Pneumothorax,Support Devices,dn4_hard_knn,dn4_hard_knn,,,3,4,f1,0.6666666865348816
test,Pneumothorax__Support Devices,Pneumothorax,Support Devices,dn4_hard_knn,dn4_hard_knn,,,3,4,brier,0.2529308795928955
test,Pneumothorax__Support Devices,Pneumothorax,Support Devices,dn4_hard_knn,dn4_hard_knn,,,3,4,ece,0.06159422546625137
test,Pneumothorax__Support Devices,Pneumothorax,Support Devices,dn4_hard_knn,dn4_hard_knn,,,3,4,sms_raw_logit,0.04022216796875
test,Pneumothorax__Support Devices,Pneumothorax,Support Devices,dn4_hard_knn,dn4_hard_knn,,,3,4,sms_fixed_reference,2.214585542678833
test,Pneumothorax__Support Devices,Pneumothorax,Support Devices,dn4_hard_knn,dn4_hard_knn,,,3,4,ranking_disagreement,0.4672223627567291
test,Pneumothorax__Support Devices,Pneumothorax,Support Devices,dn4_hard_knn,dn4_hard_knn,,,3,4,support_swap_flip_rate,0.0
test,Pneumothorax__Support Devices,Pneumothorax,Support Devices,dn4_hard_knn,dn4_hard_knn,,,3,4,d0_auroc,0.5163499712944031
test,Pneumothorax__Support Devices,Pneumothorax,Support Devices,dn4_hard_knn,dn4_hard_knn,,,3,4,d1_auroc,0.5053499937057495
test,Pneumothorax__Support Devices,Pneumothorax,Support Devices,dn4_hard_knn,dn4_hard_knn,,,3,4,worst_nuisance_auroc,0.5053499937057495
test,Pneumothorax__Support Devices,Pneumothorax,Support Devices,dn4_hard_knn,dn4_hard_knn,,,3,4,border_max_fraction,0.13249999284744263
validate,Pneumothorax__Support Devices,Pneumothorax,Support Devices,raw_witness,raw_witness|r=0.01,0.01,,3,0,auroc,0.5040125250816345
validate,Pneumothorax__Support Devices,Pneumothorax,Support Devices,raw_witness,raw_witness|r=0.01,0.01,,3,0,auprc,0.4965377151966095
validate,Pneumothorax__Support Devices,Pneumothorax,Support Devices,raw_witness,raw_witness|r=0.01,0.01,,3,0,f1,0.6666666865348816
validate,Pneumothorax__Support Devices,Pneumothorax,Support Devices,raw_witness,raw_witness|r=0.01,0.01,,3,0,brier,0.2501448094844818
validate,Pneumothorax__Support Devices,Pneumothorax,Support Devices,raw_witness,raw_witness|r=0.01,0.01,,3,0,ece,0.01171875
validate,Pneumothorax__Support Devices,Pneumothorax,Support Devices,raw_witness,raw_witness|r=0.01,0.01,,3,0,sms_raw_logit,0.1644287109375
validate,Pneumothorax__Support Devices,Pneumothorax,Support Devices,raw_witness,raw_witness|r=0.01,0.01,,3,0,sms_fixed_reference,8.978963851928711
validate,Pneumothorax__Support Devices,Pneumothorax,Support Devices,raw_witness,raw_witness|r=0.01,0.01,,3,0,ranking_disagreement,0.48693785071372986
validate,Pneumothorax__Support Devices,Pneumothorax,Support Devices,raw_witness,raw_witness|r=0.01,0.01,,3,0,support_swap_flip_rate,0.0
validate,Pneumothorax__Support Devices,Pneumothorax,Support Devices,raw_witness,raw_witness|r=0.01,0.01,,3,0,d0_auroc,0.5200499892234802
validate,Pneumothorax__Support Devices,Pneumothorax,Support Devices,raw_witness,raw_witness|r=0.01,0.01,,3,0,d1_auroc,0.4853000044822693
validate,Pneumothorax__Support Devices,Pneumothorax,Support Devices,raw_witness,raw_witness|r=0.01,0.01,,3,0,worst_nuisance_auroc,0.4853000044822693
validate,Pneumothorax__Support Devices,Pneumothorax,Support Devices,raw_witness,raw_witness|r=0.01,0.01,,3,0,border_max_fraction,0.20999999344348907
test,Pneumothorax__Support Devices,Pneumothorax,Support Devices,raw_witness,raw_witness|r=0.01,0.01,,3,0,auroc,0.4990125000476837
test,Pneumothorax__Support Devices,Pneumothorax,Support Devices,raw_witness,raw_witness|r=0.01,0.01,,3,0,auprc,0.5031520128250122
test,Pneumothorax__Support Devices,Pneumothorax,Support Devices,raw_witness,raw_witness|r=0.01,0.01,,3,0,f1,0.6666666865348816
test,Pneumothorax__Support Devices,Pneumothorax,Support Devices,raw_witness,raw_witness|r=0.01,0.01,,3,0,brier,0.25017669796943665
test,Pneumothorax__Support Devices,Pneumothorax,Support Devices,raw_witness,raw_witness|r=0.01,0.01,,3,0,ece,0.01171875
test,Pneumothorax__Support Devices,Pneumothorax,Support Devices,raw_witness,raw_witness|r=0.01,0.01,,3,0,sms_raw_logit,0.1624755859375
test,Pneumothorax__Support Devices,Pneumothorax,Support Devices,raw_witness,raw_witness|r=0.01,0.01,,3,0,sms_fixed_reference,8.963589668273926
test,Pneumothorax__Support Devices,Pneumothorax,Support Devices,raw_witness,raw_witness|r=0.01,0.01,,3,0,ranking_disagreement,0.47872939705848694
test,Pneumothorax__Support Devices,Pneumothorax,Support Devices,raw_witness,raw_witness|r=0.01,0.01,,3,0,support_swap_flip_rate,0.0
test,Pneumothorax__Support Devices,Pneumothorax,Support Devices,raw_witness,raw_witness|r=0.01,0.01,,3,0,d0_auroc,0.5208500027656555
test,Pneumothorax__Support Devices,Pneumothorax,Support Devices,raw_witness,raw_witness|r=0.01,0.01,,3,0,d1_auroc,0.47850000858306885
test,Pneumothorax__Support Devices,Pneumothorax,Support Devices,raw_witness,raw_witness|r=0.01,0.01,,3,0,worst_nuisance_auroc,0.47850000858306885
test,Pneumothorax__Support Devices,Pneumothorax,Support Devices,raw_witness,raw_witness|r=0.01,0.01,,3,0,border_max_fraction,0.18000000715255737
validate,Pneumothorax__Support Devices,Pneumothorax,Support Devices,raw_witness,raw_witness|r=0.01,0.01,,3,1,auroc,0.5202999711036682
validate,Pneumothorax__Support Devices,Pneumothorax,Support Devices,raw_witness,raw_witness|r=0.01,0.01,,3,1,auprc,0.51900714635849
validate,Pneumothorax__Support Devices,Pneumothorax,Support Devices,raw_witness,raw_witness|r=0.01,0.01,,3,1,f1,0.6666666865348816
validate,Pneumothorax__Support Devices,Pneumothorax,Support Devices,raw_witness,raw_witness|r=0.01,0.01,,3,1,brier,0.25006091594696045
validate,Pneumothorax__Support Devices,Pneumothorax,Support Devices,raw_witness,raw_witness|r=0.01,0.01,,3,1,ece,0.01123046875
validate,Pneumothorax__Support Devices,Pneumothorax,Support Devices,raw_witness,raw_witness|r=0.01,0.01,,3,1,sms_raw_logit,0.16650390625
validate,Pneumothorax__Support Devices,Pneumothorax,Support Devices,raw_witness,raw_witness|r=0.01,0.01,,3,1,sms_fixed_reference,8.811416625976562
validate,Pneumothorax__Support Devices,Pneumothorax,Support Devices,raw_witness,raw_witness|r=0.01,0.01,,3,1,ranking_disagreement,0.4934884011745453
validate,Pneumothorax__Support Devices,Pneumothorax,Support Devices,raw_witness,raw_witness|r=0.01,0.01,,3,1,support_swap_flip_rate,0.0
validate,Pneumothorax__Support Devices,Pneumothorax,Support Devices,raw_witness,raw_witness|r=0.01,0.01,,3,1,d0_auroc,0.47394999861717224
validate,Pneumothorax__Support Devices,Pneumothorax,Support Devices,raw_witness,raw_witness|r=0.01,0.01,,3,1,d1_auroc,0.5698999762535095
validate,Pneumothorax__Support Devices,Pneumothorax,Support Devices,raw_witness,raw_witness|r=0.01,0.01,,3,1,worst_nuisance_auroc,0.47394999861717224
validate,Pneumothorax__Support Devices,Pneumothorax,Support Devices,raw_witness,raw_witness|r=0.01,0.01,,3,1,border_max_fraction,0.1599999964237213
test,Pneumothorax__Support Devices,Pneumothorax,Support Devices,raw_witness,raw_witness|r=0.01,0.01,,3,1,auroc,0.5361499786376953
test,Pneumothorax__Support Devices,Pneumothorax,Support Devices,raw_witness,raw_witness|r=0.01,0.01,,3,1,auprc,0.5363227128982544
test,Pneumothorax__Support Devices,Pneumothorax,Support Devices,raw_witness,raw_witness|r=0.01,0.01,,3,1,f1,0.6666666865348816
test,Pneumothorax__Support Devices,Pneumothorax,Support Devices,raw_witness,raw_witness|r=0.01,0.01,,3,1,brier,0.2499089241027832
test,Pneumothorax__Support Devices,Pneumothorax,Support Devices,raw_witness,raw_witness|r=0.01,0.01,,3,1,ece,0.01123046875
test,Pneumothorax__Support Devices,Pneumothorax,Support Devices,raw_witness,raw_witness|r=0.01,0.01,,3,1,sms_raw_logit,0.161376953125
test,Pneumothorax__Support Devices,Pneumothorax,Support Devices,raw_witness,raw_witness|r=0.01,0.01,,3,1,sms_fixed_reference,8.538444519042969
test,Pneumothorax__Support Devices,Pneumothorax,Support Devices,raw_witness,raw_witness|r=0.01,0.01,,3,1,ranking_disagreement,0.5287584066390991
test,Pneumothorax__Support Devices,Pneumothorax,Support Devices,raw_witness,raw_witness|r=0.01,0.01,,3,1,support_swap_flip_rate,0.0
test,Pneumothorax__Support Devices,Pneumothorax,Support Devices,raw_witness,raw_witness|r=0.01,0.01,,3,1,d0_auroc,0.5251500010490417
test,Pneumothorax__Support Devices,Pneumothorax,Support Devices,raw_witness,raw_witness|r=0.01,0.01,,3,1,d1_auroc,0.5497999787330627
test,Pneumothorax__Support Devices,Pneumothorax,Support Devices,raw_witness,raw_witness|r=0.01,0.01,,3,1,worst_nuisance_auroc,0.5251500010490417
test,Pneumothorax__Support Devices,Pneumothorax,Support Devices,raw_witness,raw_witness|r=0.01,0.01,,3,1,border_max_fraction,0.14499999582767487
validate,Pneumothorax__Support Devices,Pneumothorax,Support Devices,raw_witness,raw_witness|r=0.01,0.01,,3,2,auroc,0.4971500039100647
validate,Pneumothorax__Support Devices,Pneumothorax,Support Devices,raw_witness,raw_witness|r=0.01,0.01,,3,2,auprc,0.48764628171920776
validate,Pneumothorax__Support Devices,Pneumothorax,Support Devices,raw_witness,raw_witness|r=0.01,0.01,,3,2,f1,0.6666666865348816
validate,Pneumothorax__Support Devices,Pneumothorax,Support Devices,raw_witness,raw_witness|r=0.01,0.01,,3,2,brier,0.2501654624938965
validate,Pneumothorax__Support Devices,Pneumothorax,Support Devices,raw_witness,raw_witness|r=0.01,0.01,,3,2,ece,0.01171875
validate,Pneumothorax__Support Devices,Pneumothorax,Support Devices,raw_witness,raw_witness|r=0.01,0.01,,3,2,sms_raw_logit,0.1593017578125
validate,Pneumothorax__Support Devices,Pneumothorax,Support Devices,raw_witness,raw_witness|r=0.01,0.01,,3,2,sms_fixed_reference,8.672894477844238
validate,Pneumothorax__Support Devices,Pneumothorax,Support Devices,raw_witness,raw_witness|r=0.01,0.01,,3,2,ranking_disagreement,0.4736465513706207
validate,Pneumothorax__Support Devices,Pneumothorax,Support Devices,raw_witness,raw_witness|r=0.01,0.01,,3,2,support_swap_flip_rate,0.0
validate,Pneumothorax__Support Devices,Pneumothorax,Support Devices,raw_witness,raw_witness|r=0.01,0.01,,3,2,d0_auroc,0.49994999170303345
validate,Pneumothorax__Support Devices,Pneumothorax,Support Devices,raw_witness,raw_witness|r=0.01,0.01,,3,2,d1_auroc,0.5
validate,Pneumothorax__Support Devices,Pneumothorax,Support Devices,raw_witness,raw_witness|r=0.01,0.01,,3,2,worst_nuisance_auroc,0.49994999170303345
validate,Pneumothorax__Support Devices,Pneumothorax,Support Devices,raw_witness,raw_witness|r=0.01,0.01,,3,2,border_max_fraction,0.1525000035762787
test,Pneumothorax__Support Devices,Pneumothorax,Support Devices,raw_witness,raw_witness|r=0.01,0.01,,3,2,auroc,0.5435875058174133
test,Pneumothorax__Support Devices,Pneumothorax,Support Devices,raw_witness,raw_witness|r=0.01,0.01,,3,2,auprc,0.5487185716629028
test,Pneumothorax__Support Devices,Pneumothorax,Support Devices,raw_witness,raw_witness|r=0.01,0.01,,3,2,f1,0.6666666865348816
test,Pneumothorax__Support Devices,Pneumothorax,Support Devices,raw_witness,raw_witness|r=0.01,0.01,,3,2,brier,0.24987834692001343
test,Pneumothorax__Support Devices,Pneumothorax,Support Devices,raw_witness,raw_witness|r=0.01,0.01,,3,2,ece,0.01123046875
test,Pneumothorax__Support Devices,Pneumothorax,Support Devices,raw_witness,raw_witness|r=0.01,0.01,,3,2,sms_raw_logit,0.1590576171875
test,Pneumothorax__Support Devices,Pneumothorax,Support Devices,raw_witness,raw_witness|r=0.01,0.01,,3,2,sms_fixed_reference,8.08057975769043
test,Pneumothorax__Support Devices,Pneumothorax,Support Devices,raw_witness,raw_witness|r=0.01,0.01,,3,2,ranking_disagreement,0.48815497756004333
test,Pneumothorax__Support Devices,Pneumothorax,Support Devices,raw_witness,raw_witness|r=0.01,0.01,,3,2,support_swap_flip_rate,0.0
test,Pneumothorax__Support Devices,Pneumothorax,Support Devices,raw_witness,raw_witness|r=0.01,0.01,,3,2,d0_auroc,0.559149980545044
test,Pneumothorax__Support Devices,Pneumothorax,Support Devices,raw_witness,raw_witness|r=0.01,0.01,,3,2,d1_auroc,0.5260499715805054
test,Pneumothorax__Support Devices,Pneumothorax,Support Devices,raw_witness,raw_witness|r=0.01,0.01,,3,2,worst_nuisance_auroc,0.5260499715805054
test,Pneumothorax__Support Devices,Pneumothorax,Support Devices,raw_witness,raw_witness|r=0.01,0.01,,3,2,border_max_fraction,0.16249999403953552
validate,Pneumothorax__Support Devices,Pneumothorax,Support Devices,raw_witness,raw_witness|r=0.01,0.01,,3,3,auroc,0.5236999988555908
validate,Pneumothorax__Support Devices,Pneumothorax,Support Devices,raw_witness,raw_witness|r=0.01,0.01,,3,3,auprc,0.5186110734939575
validate,Pneumothorax__Support Devices,Pneumothorax,Support Devices,raw_witness,raw_witness|r=0.01,0.01,,3,3,f1,0.6666666865348816
validate,Pneumothorax__Support Devices,Pneumothorax,Support Devices,raw_witness,raw_witness|r=0.01,0.01,,3,3,brier,0.2500483989715576
validate,Pneumothorax__Support Devices,Pneumothorax,Support Devices,raw_witness,raw_witness|r=0.01,0.01,,3,3,ece,0.01171875
validate,Pneumothorax__Support Devices,Pneumothorax,Support Devices,raw_witness,raw_witness|r=0.01,0.01,,3,3,sms_raw_logit,0.1595458984375
validate,Pneumothorax__Support Devices,Pneumothorax,Support Devices,raw_witness,raw_witness|r=0.01,0.01,,3,3,sms_fixed_reference,8.500494003295898
validate,Pneumothorax__Support Devices,Pneumothorax,Support Devices,raw_witness,raw_witness|r=0.01,0.01,,3,3,ranking_disagreement,0.49749040603637695
validate,Pneumothorax__Support Devices,Pneumothorax,Support Devices,raw_witness,raw_witness|r=0.01,0.01,,3,3,support_swap_flip_rate,0.0
validate,Pneumothorax__Support Devices,Pneumothorax,Support Devices,raw_witness,raw_witness|r=0.01,0.01,,3,3,d0_auroc,0.5112000107765198
validate,Pneumothorax__Support Devices,Pneumothorax,Support Devices,raw_witness,raw_witness|r=0.01,0.01,,3,3,d1_auroc,0.5377500057220459
validate,Pneumothorax__Support Devices,Pneumothorax,Support Devices,raw_witness,raw_witness|r=0.01,0.01,,3,3,worst_nuisance_auroc,0.5112000107765198
validate,Pneumothorax__Support Devices,Pneumothorax,Support Devices,raw_witness,raw_witness|r=0.01,0.01,,3,3,border_max_fraction,0.17499999701976776
test,Pneumothorax__Support Devices,Pneumothorax,Support Devices,raw_witness,raw_witness|r=0.01,0.01,,3,3,auroc,0.4990749955177307
test,Pneumothorax__Support Devices,Pneumothorax,Support Devices,raw_witness,raw_witness|r=0.01,0.01,,3,3,auprc,0.5203849673271179
test,Pneumothorax__Support Devices,Pneumothorax,Support Devices,raw_witness,raw_witness|r=0.01,0.01,,3,3,f1,0.6666666865348816
test,Pneumothorax__Support Devices,Pneumothorax,Support Devices,raw_witness,raw_witness|r=0.01,0.01,,3,3,brier,0.25016361474990845
test,Pneumothorax__Support Devices,Pneumothorax,Support Devices,raw_witness,raw_witness|r=0.01,0.01,,3,3,ece,0.01171875
test,Pneumothorax__Support Devices,Pneumothorax,Support Devices,raw_witness,raw_witness|r=0.01,0.01,,3,3,sms_raw_logit,0.1531982421875
test,Pneumothorax__Support Devices,Pneumothorax,Support Devices,raw_witness,raw_witness|r=0.01,0.01,,3,3,sms_fixed_reference,7.6832990646362305
test,Pneumothorax__Support Devices,Pneumothorax,Support Devices,raw_witness,raw_witness|r=0.01,0.01,,3,3,ranking_disagreement,0.4718245267868042
test,Pneumothorax__Support Devices,Pneumothorax,Support Devices,raw_witness,raw_witness|r=0.01,0.01,,3,3,support_swap_flip_rate,0.0
test,Pneumothorax__Support Devices,Pneumothorax,Support Devices,raw_witness,raw_witness|r=0.01,0.01,,3,3,d0_auroc,0.5216500163078308
test,Pneumothorax__Support Devices,Pneumothorax,Support Devices,raw_witness,raw_witness|r=0.01,0.01,,3,3,d1_auroc,0.4802500009536743
test,Pneumothorax__Support Devices,Pneumothorax,Support Devices,raw_witness,raw_witness|r=0.01,0.01,,3,3,worst_nuisance_auroc,0.4802500009536743
test,Pneumothorax__Support Devices,Pneumothorax,Support Devices,raw_witness,raw_witness|r=0.01,0.01,,3,3,border_max_fraction,0.17499999701976776
validate,Pneumothorax__Support Devices,Pneumothorax,Support Devices,raw_witness,raw_witness|r=0.01,0.01,,3,4,auroc,0.5253250002861023
validate,Pneumothorax__Support Devices,Pneumothorax,Support Devices,raw_witness,raw_witness|r=0.01,0.01,,3,4,auprc,0.5261837244033813
validate,Pneumothorax__Support Devices,Pneumothorax,Support Devices,raw_witness,raw_witness|r=0.01,0.01,,3,4,f1,0.6666666865348816
validate,Pneumothorax__Support Devices,Pneumothorax,Support Devices,raw_witness,raw_witness|r=0.01,0.01,,3,4,brier,0.2500685453414917
validate,Pneumothorax__Support Devices,Pneumothorax,Support Devices,raw_witness,raw_witness|r=0.01,0.01,,3,4,ece,0.01171875
validate,Pneumothorax__Support Devices,Pneumothorax,Support Devices,raw_witness,raw_witness|r=0.01,0.01,,3,4,sms_raw_logit,0.164794921875
validate,Pneumothorax__Support Devices,Pneumothorax,Support Devices,raw_witness,raw_witness|r=0.01,0.01,,3,4,sms_fixed_reference,9.3239164352417
validate,Pneumothorax__Support Devices,Pneumothorax,Support Devices,raw_witness,raw_witness|r=0.01,0.01,,3,4,ranking_disagreement,0.5185631513595581
validate,Pneumothorax__Support Devices,Pneumothorax,Support Devices,raw_witness,raw_witness|r=0.01,0.01,,3,4,support_swap_flip_rate,0.0
validate,Pneumothorax__Support Devices,Pneumothorax,Support Devices,raw_witness,raw_witness|r=0.01,0.01,,3,4,d0_auroc,0.4650000035762787
validate,Pneumothorax__Support Devices,Pneumothorax,Support Devices,raw_witness,raw_witness|r=0.01,0.01,,3,4,d1_auroc,0.5884000062942505
validate,Pneumothorax__Support Devices,Pneumothorax,Support Devices,raw_witness,raw_witness|r=0.01,0.01,,3,4,worst_nuisance_auroc,0.4650000035762787
validate,Pneumothorax__Support Devices,Pneumothorax,Support Devices,raw_witness,raw_witness|r=0.01,0.01,,3,4,border_max_fraction,0.17499999701976776
test,Pneumothorax__Support Devices,Pneumothorax,Support Devices,raw_witness,raw_witness|r=0.01,0.01,,3,4,auroc,0.48188748955726624
test,Pneumothorax__Support Devices,Pneumothorax,Support Devices,raw_witness,raw_witness|r=0.01,0.01,,3,4,auprc,0.5028820633888245
test,Pneumothorax__Support Devices,Pneumothorax,Support Devices,raw_witness,raw_witness|r=0.01,0.01,,3,4,f1,0.6666666865348816
test,Pneumothorax__Support Devices,Pneumothorax,Support Devices,raw_witness,raw_witness|r=0.01,0.01,,3,4,brier,0.25020506978034973
test,Pneumothorax__Support Devices,Pneumothorax,Support Devices,raw_witness,raw_witness|r=0.01,0.01,,3,4,ece,0.01171875
test,Pneumothorax__Support Devices,Pneumothorax,Support Devices,raw_witness,raw_witness|r=0.01,0.01,,3,4,sms_raw_logit,0.1536865234375
test,Pneumothorax__Support Devices,Pneumothorax,Support Devices,raw_witness,raw_witness|r=0.01,0.01,,3,4,sms_fixed_reference,8.461800575256348
test,Pneumothorax__Support Devices,Pneumothorax,Support Devices,raw_witness,raw_witness|r=0.01,0.01,,3,4,ranking_disagreement,0.49782252311706543
test,Pneumothorax__Support Devices,Pneumothorax,Support Devices,raw_witness,raw_witness|r=0.01,0.01,,3,4,support_swap_flip_rate,0.0
test,Pneumothorax__Support Devices,Pneumothorax,Support Devices,raw_witness,raw_witness|r=0.01,0.01,,3,4,d0_auroc,0.4577000141143799
test,Pneumothorax__Support Devices,Pneumothorax,Support Devices,raw_witness,raw_witness|r=0.01,0.01,,3,4,d1_auroc,0.5049499869346619
test,Pneumothorax__Support Devices,Pneumothorax,Support Devices,raw_witness,raw_witness|r=0.01,0.01,,3,4,worst_nuisance_auroc,0.4577000141143799
test,Pneumothorax__Support Devices,Pneumothorax,Support Devices,raw_witness,raw_witness|r=0.01,0.01,,3,4,border_max_fraction,0.1550000011920929
validate,Pneumothorax__Support Devices,Pneumothorax,Support Devices,raw_witness,raw_witness|r=0.02,0.02,,3,0,auroc,0.48500001430511475
validate,Pneumothorax__Support Devices,Pneumothorax,Support Devices,raw_witness,raw_witness|r=0.02,0.02,,3,0,auprc,0.4903799891471863
validate,Pneumothorax__Support Devices,Pneumothorax,Support Devices,raw_witness,raw_witness|r=0.02,0.02,,3,0,f1,0.6666666865348816
validate,Pneumothorax__Support Devices,Pneumothorax,Support Devices,raw_witness,raw_witness|r=0.02,0.02,,3,0,brier,0.2501768469810486
validate,Pneumothorax__Support Devices,Pneumothorax,Support Devices,raw_witness,raw_witness|r=0.02,0.02,,3,0,ece,0.01025390625
validate,Pneumothorax__Support Devices,Pneumothorax,Support Devices,raw_witness,raw_witness|r=0.02,0.02,,3,0,sms_raw_logit,0.1275634765625
validate,Pneumothorax__Support Devices,Pneumothorax,Support Devices,raw_witness,raw_witness|r=0.02,0.02,,3,0,sms_fixed_reference,6.965863227844238
validate,Pneumothorax__Support Devices,Pneumothorax,Support Devices,raw_witness,raw_witness|r=0.02,0.02,,3,0,ranking_disagreement,0.4631614685058594
validate,Pneumothorax__Support Devices,Pneumothorax,Support Devices,raw_witness,raw_witness|r=0.02,0.02,,3,0,support_swap_flip_rate,0.0
validate,Pneumothorax__Support Devices,Pneumothorax,Support Devices,raw_witness,raw_witness|r=0.02,0.02,,3,0,d0_auroc,0.49424999952316284
validate,Pneumothorax__Support Devices,Pneumothorax,Support Devices,raw_witness,raw_witness|r=0.02,0.02,,3,0,d1_auroc,0.47440001368522644
validate,Pneumothorax__Support Devices,Pneumothorax,Support Devices,raw_witness,raw_witness|r=0.02,0.02,,3,0,worst_nuisance_auroc,0.47440001368522644
validate,Pneumothorax__Support Devices,Pneumothorax,Support Devices,raw_witness,raw_witness|r=0.02,0.02,,3,0,border_max_fraction,0.20749999582767487
test,Pneumothorax__Support Devices,Pneumothorax,Support Devices,raw_witness,raw_witness|r=0.02,0.02,,3,0,auroc,0.5074874758720398
test,Pneumothorax__Support Devices,Pneumothorax,Support Devices,raw_witness,raw_witness|r=0.02,0.02,,3,0,auprc,0.5095874071121216
test,Pneumothorax__Support Devices,Pneumothorax,Support Devices,raw_witness,raw_witness|r=0.02,0.02,,3,0,f1,0.6666666865348816
test,Pneumothorax__Support Devices,Pneumothorax,Support Devices,raw_witness,raw_witness|r=0.02,0.02,,3,0,brier,0.25012531876564026
test,Pneumothorax__Support Devices,Pneumothorax,Support Devices,raw_witness,raw_witness|r=0.02,0.02,,3,0,ece,0.01025390625
test,Pneumothorax__Support Devices,Pneumothorax,Support Devices,raw_witness,raw_witness|r=0.02,0.02,,3,0,sms_raw_logit,0.1357421875
test,Pneumothorax__Support Devices,Pneumothorax,Support Devices,raw_witness,raw_witness|r=0.02,0.02,,3,0,sms_fixed_reference,7.488738536834717
test,Pneumothorax__Support Devices,Pneumothorax,Support Devices,raw_witness,raw_witness|r=0.02,0.02,,3,0,ranking_disagreement,0.4800797998905182
test,Pneumothorax__Support Devices,Pneumothorax,Support Devices,raw_witness,raw_witness|r=0.02,0.02,,3,0,support_swap_flip_rate,0.0
test,Pneumothorax__Support Devices,Pneumothorax,Support Devices,raw_witness,raw_witness|r=0.02,0.02,,3,0,d0_auroc,0.5256999731063843
test,Pneumothorax__Support Devices,Pneumothorax,Support Devices,raw_witness,raw_witness|r=0.02,0.02,,3,0,d1_auroc,0.4899500012397766
test,Pneumothorax__Support Devices,Pneumothorax,Support Devices,raw_witness,raw_witness|r=0.02,0.02,,3,0,worst_nuisance_auroc,0.4899500012397766
test,Pneumothorax__Support Devices,Pneumothorax,Support Devices,raw_witness,raw_witness|r=0.02,0.02,,3,0,border_max_fraction,0.23749999701976776
validate,Pneumothorax__Support Devices,Pneumothorax,Support Devices,raw_witness,raw_witness|r=0.02,0.02,,3,1,auroc,0.510200023651123
validate,Pneumothorax__Support Devices,Pneumothorax,Support Devices,raw_witness,raw_witness|r=0.02,0.02,,3,1,auprc,0.5083146095275879
validate,Pneumothorax__Support Devices,Pneumothorax,Support Devices,raw_witness,raw_witness|r=0.02,0.02,,3,1,f1,0.6666666865348816
validate,Pneumothorax__Support Devices,Pneumothorax,Support Devices,raw_witness,raw_witness|r=0.02,0.02,,3,1,brier,0.25006866455078125
validate,Pneumothorax__Support Devices,Pneumothorax,Support Devices,raw_witness,raw_witness|r=0.02,0.02,,3,1,ece,0.01025390625
validate,Pneumothorax__Support Devices,Pneumothorax,Support Devices,raw_witness,raw_witness|r=0.02,0.02,,3,1,sms_raw_logit,0.1346435546875
validate,Pneumothorax__Support Devices,Pneumothorax,Support Devices,raw_witness,raw_witness|r=0.02,0.02,,3,1,sms_fixed_reference,7.12536096572876
validate,Pneumothorax__Support Devices,Pneumothorax,Support Devices,raw_witness,raw_witness|r=0.02,0.02,,3,1,ranking_disagreement,0.49763432145118713
validate,Pneumothorax__Support Devices,Pneumothorax,Support Devices,raw_witness,raw_witness|r=0.02,0.02,,3,1,support_swap_flip_rate,0.0
validate,Pneumothorax__Support Devices,Pneumothorax,Support Devices,raw_witness,raw_witness|r=0.02,0.02,,3,1,d0_auroc,0.4977000057697296
validate,Pneumothorax__Support Devices,Pneumothorax,Support Devices,raw_witness,raw_witness|r=0.02,0.02,,3,1,d1_auroc,0.5212500095367432
validate,Pneumothorax__Support Devices,Pneumothorax,Support Devices,raw_witness,raw_witness|r=0.02,0.02,,3,1,worst_nuisance_auroc,0.4977000057697296
validate,Pneumothorax__Support Devices,Pneumothorax,Support Devices,raw_witness,raw_witness|r=0.02,0.02,,3,1,border_max_fraction,0.20749999582767487
test,Pneumothorax__Support Devices,Pneumothorax,Support Devices,raw_witness,raw_witness|r=0.02,0.02,,3,1,auroc,0.5228250026702881
test,Pneumothorax__Support Devices,Pneumothorax,Support Devices,raw_witness,raw_witness|r=0.02,0.02,,3,1,auprc,0.5290685296058655
test,Pneumothorax__Support Devices,Pneumothorax,Support Devices,raw_witness,raw_witness|r=0.02,0.02,,3,1,f1,0.6666666865348816
test,Pneumothorax__Support Devices,Pneumothorax,Support Devices,raw_witness,raw_witness|r=0.02,0.02,,3,1,brier,0.24999462068080902
test,Pneumothorax__Support Devices,Pneumothorax,Support Devices,raw_witness,raw_witness|r=0.02,0.02,,3,1,ece,0.01025390625
test,Pneumothorax__Support Devices,Pneumothorax,Support Devices,raw_witness,raw_witness|r=0.02,0.02,,3,1,sms_raw_logit,0.1383056640625
test,Pneumothorax__Support Devices,Pneumothorax,Support Devices,raw_witness,raw_witness|r=0.02,0.02,,3,1,sms_fixed_reference,7.317744255065918
test,Pneumothorax__Support Devices,Pneumothorax,Support Devices,raw_witness,raw_witness|r=0.02,0.02,,3,1,ranking_disagreement,0.5450677871704102
test,Pneumothorax__Support Devices,Pneumothorax,Support Devices,raw_witness,raw_witness|r=0.02,0.02,,3,1,support_swap_flip_rate,0.0
test,Pneumothorax__Support Devices,Pneumothorax,Support Devices,raw_witness,raw_witness|r=0.02,0.02,,3,1,d0_auroc,0.5137500166893005
test,Pneumothorax__Support Devices,Pneumothorax,Support Devices,raw_witness,raw_witness|r=0.02,0.02,,3,1,d1_auroc,0.534500002861023
test,Pneumothorax__Support Devices,Pneumothorax,Support Devices,raw_witness,raw_witness|r=0.02,0.02,,3,1,worst_nuisance_auroc,0.5137500166893005
test,Pneumothorax__Support Devices,Pneumothorax,Support Devices,raw_witness,raw_witness|r=0.02,0.02,,3,1,border_max_fraction,0.20250000059604645
validate,Pneumothorax__Support Devices,Pneumothorax,Support Devices,raw_witness,raw_witness|r=0.02,0.02,,3,2,auroc,0.49978750944137573
validate,Pneumothorax__Support Devices,Pneumothorax,Support Devices,raw_witness,raw_witness|r=0.02,0.02,,3,2,auprc,0.4921545088291168
validate,Pneumothorax__Support Devices,Pneumothorax,Support Devices,raw_witness,raw_witness|r=0.02,0.02,,3,2,f1,0.6666666865348816
validate,Pneumothorax__Support Devices,Pneumothorax,Support Devices,raw_witness,raw_witness|r=0.02,0.02,,3,2,brier,0.2501446604728699
validate,Pneumothorax__Support Devices,Pneumothorax,Support Devices,raw_witness,raw_witness|r=0.02,0.02,,3,2,ece,0.0107421875
validate,Pneumothorax__Support Devices,Pneumothorax,Support Devices,raw_witness,raw_witness|r=0.02,0.02,,3,2,sms_raw_logit,0.1396484375
validate,Pneumothorax__Support Devices,Pneumothorax,Support Devices,raw_witness,raw_witness|r=0.02,0.02,,3,2,sms_fixed_reference,7.6029052734375
validate,Pneumothorax__Support Devices,Pneumothorax,Support Devices,raw_witness,raw_witness|r=0.02,0.02,,3,2,ranking_disagreement,0.50099116563797
validate,Pneumothorax__Support Devices,Pneumothorax,Support Devices,raw_witness,raw_witness|r=0.02,0.02,,3,2,support_swap_flip_rate,0.0
validate,Pneumothorax__Support Devices,Pneumothorax,Support Devices,raw_witness,raw_witness|r=0.02,0.02,,3,2,d0_auroc,0.5055000185966492
validate,Pneumothorax__Support Devices,Pneumothorax,Support Devices,raw_witness,raw_witness|r=0.02,0.02,,3,2,d1_auroc,0.4930500090122223
validate,Pneumothorax__Support Devices,Pneumothorax,Support Devices,raw_witness,raw_witness|r=0.02,0.02,,3,2,worst_nuisance_auroc,0.4930500090122223
validate,Pneumothorax__Support Devices,Pneumothorax,Support Devices,raw_witness,raw_witness|r=0.02,0.02,,3,2,border_max_fraction,0.20250000059604645
test,Pneumothorax__Support Devices,Pneumothorax,Support Devices,raw_witness,raw_witness|r=0.02,0.02,,3,2,auroc,0.548799991607666
test,Pneumothorax__Support Devices,Pneumothorax,Support Devices,raw_witness,raw_witness|r=0.02,0.02,,3,2,auprc,0.5441933274269104
test,Pneumothorax__Support Devices,Pneumothorax,Support Devices,raw_witness,raw_witness|r=0.02,0.02,,3,2,f1,0.6666666865348816
test,Pneumothorax__Support Devices,Pneumothorax,Support Devices,raw_witness,raw_witness|r=0.02,0.02,,3,2,brier,0.24990421533584595
test,Pneumothorax__Support Devices,Pneumothorax,Support Devices,raw_witness,raw_witness|r=0.02,0.02,,3,2,ece,0.01025390625
test,Pneumothorax__Support Devices,Pneumothorax,Support Devices,raw_witness,raw_witness|r=0.02,0.02,,3,2,sms_raw_logit,0.130126953125
test,Pneumothorax__Support Devices,Pneumothorax,Support Devices,raw_witness,raw_witness|r=0.02,0.02,,3,2,sms_fixed_reference,6.610819339752197
test,Pneumothorax__Support Devices,Pneumothorax,Support Devices,raw_witness,raw_witness|r=0.02,0.02,,3,2,ranking_disagreement,0.47294652462005615
test,Pneumothorax__Support Devices,Pneumothorax,Support Devices,raw_witness,raw_witness|r=0.02,0.02,,3,2,support_swap_flip_rate,0.0
test,Pneumothorax__Support Devices,Pneumothorax,Support Devices,raw_witness,raw_witness|r=0.02,0.02,,3,2,d0_auroc,0.5405499935150146
test,Pneumothorax__Support Devices,Pneumothorax,Support Devices,raw_witness,raw_witness|r=0.02,0.02,,3,2,d1_auroc,0.5562499761581421
test,Pneumothorax__Support Devices,Pneumothorax,Support Devices,raw_witness,raw_witness|r=0.02,0.02,,3,2,worst_nuisance_auroc,0.5405499935150146
test,Pneumothorax__Support Devices,Pneumothorax,Support Devices,raw_witness,raw_witness|r=0.02,0.02,,3,2,border_max_fraction,0.20749999582767487
validate,Pneumothorax__Support Devices,Pneumothorax,Support Devices,raw_witness,raw_witness|r=0.02,0.02,,3,3,auroc,0.5335500240325928
validate,Pneumothorax__Support Devices,Pneumothorax,Support Devices,raw_witness,raw_witness|r=0.02,0.02,,3,3,auprc,0.5255433917045593
validate,Pneumothorax__Support Devices,Pneumothorax,Support Devices,raw_witness,raw_witness|r=0.02,0.02,,3,3,f1,0.6666666865348816
validate,Pneumothorax__Support Devices,Pneumothorax,Support Devices,raw_witness,raw_witness|r=0.02,0.02,,3,3,brier,0.2500321865081787
validate,Pneumothorax__Support Devices,Pneumothorax,Support Devices,raw_witness,raw_witness|r=0.02,0.02,,3,3,ece,0.01025390625
validate,Pneumothorax__Support Devices,Pneumothorax,Support Devices,raw_witness,raw_witness|r=0.02,0.02,,3,3,sms_raw_logit,0.1378173828125
validate,Pneumothorax__Support Devices,Pneumothorax,Support Devices,raw_witness,raw_witness|r=0.02,0.02,,3,3,sms_fixed_reference,7.342813968658447
validate,Pneumothorax__Support Devices,Pneumothorax,Support Devices,raw_witness,raw_witness|r=0.02,0.02,,3,3,ranking_disagreement,0.5046048760414124
validate,Pneumothorax__Support Devices,Pneumothorax,Support Devices,raw_witness,raw_witness|r=0.02,0.02,,3,3,support_swap_flip_rate,0.0
validate,Pneumothorax__Support Devices,Pneumothorax,Support Devices,raw_witness,raw_witness|r=0.02,0.02,,3,3,d0_auroc,0.5195000171661377
validate,Pneumothorax__Support Devices,Pneumothorax,Support Devices,raw_witness,raw_witness|r=0.02,0.02,,3,3,d1_auroc,0.5472000241279602
validate,Pneumothorax__Support Devices,Pneumothorax,Support Devices,raw_witness,raw_witness|r=0.02,0.02,,3,3,worst_nuisance_auroc,0.5195000171661377
validate,Pneumothorax__Support Devices,Pneumothorax,Support Devices,raw_witness,raw_witness|r=0.02,0.02,,3,3,border_max_fraction,0.23250000178813934
test,Pneumothorax__Support Devices,Pneumothorax,Support Devices,raw_witness,raw_witness|r=0.02,0.02,,3,3,auroc,0.5038750171661377
test,Pneumothorax__Support Devices,Pneumothorax,Support Devices,raw_witness,raw_witness|r=0.02,0.02,,3,3,auprc,0.5161572694778442
test,Pneumothorax__Support Devices,Pneumothorax,Support Devices,raw_witness,raw_witness|r=0.02,0.02,,3,3,f1,0.6666666865348816
test,Pneumothorax__Support Devices,Pneumothorax,Support Devices,raw_witness,raw_witness|r=0.02,0.02,,3,3,brier,0.2501239478588104
test,Pneumothorax__Support Devices,Pneumothorax,Support Devices,raw_witness,raw_witness|r=0.02,0.02,,3,3,ece,0.0107421875
test,Pneumothorax__Support Devices,Pneumothorax,Support Devices,raw_witness,raw_witness|r=0.02,0.02,,3,3,sms_raw_logit,0.1317138671875
test,Pneumothorax__Support Devices,Pneumothorax,Support Devices,raw_witness,raw_witness|r=0.02,0.02,,3,3,sms_fixed_reference,6.605800628662109
test,Pneumothorax__Support Devices,Pneumothorax,Support Devices,raw_witness,raw_witness|r=0.02,0.02,,3,3,ranking_disagreement,0.4820476174354553
test,Pneumothorax__Support Devices,Pneumothorax,Support Devices,raw_witness,raw_witness|r=0.02,0.02,,3,3,support_swap_flip_rate,0.0
test,Pneumothorax__Support Devices,Pneumothorax,Support Devices,raw_witness,raw_witness|r=0.02,0.02,,3,3,d0_auroc,0.5107499957084656
test,Pneumothorax__Support Devices,Pneumothorax,Support Devices,raw_witness,raw_witness|r=0.02,0.02,,3,3,d1_auroc,0.4984999895095825
test,Pneumothorax__Support Devices,Pneumothorax,Support Devices,raw_witness,raw_witness|r=0.02,0.02,,3,3,worst_nuisance_auroc,0.4984999895095825
test,Pneumothorax__Support Devices,Pneumothorax,Support Devices,raw_witness,raw_witness|r=0.02,0.02,,3,3,border_max_fraction,0.18250000476837158
validate,Pneumothorax__Support Devices,Pneumothorax,Support Devices,raw_witness,raw_witness|r=0.02,0.02,,3,4,auroc,0.5089499950408936
validate,Pneumothorax__Support Devices,Pneumothorax,Support Devices,raw_witness,raw_witness|r=0.02,0.02,,3,4,auprc,0.5162034630775452
validate,Pneumothorax__Support Devices,Pneumothorax,Support Devices,raw_witness,raw_witness|r=0.02,0.02,,3,4,f1,0.6666666865348816
validate,Pneumothorax__Support Devices,Pneumothorax,Support Devices,raw_witness,raw_witness|r=0.02,0.02,,3,4,brier,0.2500993013381958
validate,Pneumothorax__Support Devices,Pneumothorax,Support Devices,raw_witness,raw_witness|r=0.02,0.02,,3,4,ece,0.0107421875
validate,Pneumothorax__Support Devices,Pneumothorax,Support Devices,raw_witness,raw_witness|r=0.02,0.02,,3,4,sms_raw_logit,0.138916015625
validate,Pneumothorax__Support Devices,Pneumothorax,Support Devices,raw_witness,raw_witness|r=0.02,0.02,,3,4,sms_fixed_reference,7.859716415405273
validate,Pneumothorax__Support Devices,Pneumothorax,Support Devices,raw_witness,raw_witness|r=0.02,0.02,,3,4,ranking_disagreement,0.5066770315170288
validate,Pneumothorax__Support Devices,Pneumothorax,Support Devices,raw_witness,raw_witness|r=0.02,0.02,,3,4,support_swap_flip_rate,0.0
validate,Pneumothorax__Support Devices,Pneumothorax,Support Devices,raw_witness,raw_witness|r=0.02,0.02,,3,4,d0_auroc,0.46779999136924744
validate,Pneumothorax__Support Devices,Pneumothorax,Support Devices,raw_witness,raw_witness|r=0.02,0.02,,3,4,d1_auroc,0.5530999898910522
validate,Pneumothorax__Support Devices,Pneumothorax,Support Devices,raw_witness,raw_witness|r=0.02,0.02,,3,4,worst_nuisance_auroc,0.46779999136924744
validate,Pneumothorax__Support Devices,Pneumothorax,Support Devices,raw_witness,raw_witness|r=0.02,0.02,,3,4,border_max_fraction,0.20250000059604645
test,Pneumothorax__Support Devices,Pneumothorax,Support Devices,raw_witness,raw_witness|r=0.02,0.02,,3,4,auroc,0.48651251196861267
test,Pneumothorax__Support Devices,Pneumothorax,Support Devices,raw_witness,raw_witness|r=0.02,0.02,,3,4,auprc,0.5055259466171265
test,Pneumothorax__Support Devices,Pneumothorax,Support Devices,raw_witness,raw_witness|r=0.02,0.02,,3,4,f1,0.6666666865348816
test,Pneumothorax__Support Devices,Pneumothorax,Support Devices,raw_witness,raw_witness|r=0.02,0.02,,3,4,brier,0.25015002489089966
test,Pneumothorax__Support Devices,Pneumothorax,Support Devices,raw_witness,raw_witness|r=0.02,0.02,,3,4,ece,0.0107421875
test,Pneumothorax__Support Devices,Pneumothorax,Support Devices,raw_witness,raw_witness|r=0.02,0.02,,3,4,sms_raw_logit,0.1373291015625
test,Pneumothorax__Support Devices,Pneumothorax,Support Devices,raw_witness,raw_witness|r=0.02,0.02,,3,4,sms_fixed_reference,7.561180114746094
test,Pneumothorax__Support Devices,Pneumothorax,Support Devices,raw_witness,raw_witness|r=0.02,0.02,,3,4,ranking_disagreement,0.48854750394821167
test,Pneumothorax__Support Devices,Pneumothorax,Support Devices,raw_witness,raw_witness|r=0.02,0.02,,3,4,support_swap_flip_rate,0.0
test,Pneumothorax__Support Devices,Pneumothorax,Support Devices,raw_witness,raw_witness|r=0.02,0.02,,3,4,d0_auroc,0.4826500117778778
test,Pneumothorax__Support Devices,Pneumothorax,Support Devices,raw_witness,raw_witness|r=0.02,0.02,,3,4,d1_auroc,0.4925999939441681
test,Pneumothorax__Support Devices,Pneumothorax,Support Devices,raw_witness,raw_witness|r=0.02,0.02,,3,4,worst_nuisance_auroc,0.4826500117778778
test,Pneumothorax__Support Devices,Pneumothorax,Support Devices,raw_witness,raw_witness|r=0.02,0.02,,3,4,border_max_fraction,0.20749999582767487
validate,Pneumothorax__Support Devices,Pneumothorax,Support Devices,raw_witness,raw_witness|r=0.05,0.05,,3,0,auroc,0.49611249566078186
validate,Pneumothorax__Support Devices,Pneumothorax,Support Devices,raw_witness,raw_witness|r=0.05,0.05,,3,0,auprc,0.4943942725658417
validate,Pneumothorax__Support Devices,Pneumothorax,Support Devices,raw_witness,raw_witness|r=0.05,0.05,,3,0,f1,0.6666666865348816
validate,Pneumothorax__Support Devices,Pneumothorax,Support Devices,raw_witness,raw_witness|r=0.05,0.05,,3,0,brier,0.25008833408355713
validate,Pneumothorax__Support Devices,Pneumothorax,Support Devices,raw_witness,raw_witness|r=0.05,0.05,,3,0,ece,0.00830078125
validate,Pneumothorax__Support Devices,Pneumothorax,Support Devices,raw_witness,raw_witness|r=0.05,0.05,,3,0,sms_raw_logit,0.0965576171875
validate,Pneumothorax__Support Devices,Pneumothorax,Support Devices,raw_witness,raw_witness|r=0.05,0.05,,3,0,sms_fixed_reference,5.2727251052856445
validate,Pneumothorax__Support Devices,Pneumothorax,Support Devices,raw_witness,raw_witness|r=0.05,0.05,,3,0,ranking_disagreement,0.44597291946411133
validate,Pneumothorax__Support Devices,Pneumothorax,Support Devices,raw_witness,raw_witness|r=0.05,0.05,,3,0,support_swap_flip_rate,0.0
validate,Pneumothorax__Support Devices,Pneumothorax,Support Devices,raw_witness,raw_witness|r=0.05,0.05,,3,0,d0_auroc,0.49709999561309814
validate,Pneumothorax__Support Devices,Pneumothorax,Support Devices,raw_witness,raw_witness|r=0.05,0.05,,3,0,d1_auroc,0.49239999055862427
validate,Pneumothorax__Support Devices,Pneumothorax,Support Devices,raw_witness,raw_witness|r=0.05,0.05,,3,0,worst_nuisance_auroc,0.49239999055862427
validate,Pneumothorax__Support Devices,Pneumothorax,Support Devices,raw_witness,raw_witness|r=0.05,0.05,,3,0,border_max_fraction,0.3499999940395355
test,Pneumothorax__Support Devices,Pneumothorax,Support Devices,raw_witness,raw_witness|r=0.05,0.05,,3,0,auroc,0.5044875144958496
test,Pneumothorax__Support Devices,Pneumothorax,Support Devices,raw_witness,raw_witness|r=0.05,0.05,,3,0,auprc,0.4998622238636017
test,Pneumothorax__Support Devices,Pneumothorax,Support Devices,raw_witness,raw_witness|r=0.05,0.05,,3,0,f1,0.6666666865348816
test,Pneumothorax__Support Devices,Pneumothorax,Support Devices,raw_witness,raw_witness|r=0.05,0.05,,3,0,brier,0.2500828802585602
test,Pneumothorax__Support Devices,Pneumothorax,Support Devices,raw_witness,raw_witness|r=0.05,0.05,,3,0,ece,0.0087890625
test,Pneumothorax__Support Devices,Pneumothorax,Support Devices,raw_witness,raw_witness|r=0.05,0.05,,3,0,sms_raw_logit,0.09954833984375
test,Pneumothorax__Support Devices,Pneumothorax,Support Devices,raw_witness,raw_witness|r=0.05,0.05,,3,0,sms_fixed_reference,5.491966247558594
test,Pneumothorax__Support Devices,Pneumothorax,Support Devices,raw_witness,raw_witness|r=0.05,0.05,,3,0,ranking_disagreement,0.48958712816238403
test,Pneumothorax__Support Devices,Pneumothorax,Support Devices,raw_witness,raw_witness|r=0.05,0.05,,3,0,support_swap_flip_rate,0.0
test,Pneumothorax__Support Devices,Pneumothorax,Support Devices,raw_witness,raw_witness|r=0.05,0.05,,3,0,d0_auroc,0.5034999847412109
test,Pneumothorax__Support Devices,Pneumothorax,Support Devices,raw_witness,raw_witness|r=0.05,0.05,,3,0,d1_auroc,0.5044000148773193
test,Pneumothorax__Support Devices,Pneumothorax,Support Devices,raw_witness,raw_witness|r=0.05,0.05,,3,0,worst_nuisance_auroc,0.5034999847412109
test,Pneumothorax__Support Devices,Pneumothorax,Support Devices,raw_witness,raw_witness|r=0.05,0.05,,3,0,border_max_fraction,0.3774999976158142
validate,Pneumothorax__Support Devices,Pneumothorax,Support Devices,raw_witness,raw_witness|r=0.05,0.05,,3,1,auroc,0.5151875019073486
validate,Pneumothorax__Support Devices,Pneumothorax,Support Devices,raw_witness,raw_witness|r=0.05,0.05,,3,1,auprc,0.49786168336868286
validate,Pneumothorax__Support Devices,Pneumothorax,Support Devices,raw_witness,raw_witness|r=0.05,0.05,,3,1,f1,0.6666666865348816
validate,Pneumothorax__Support Devices,Pneumothorax,Support Devices,raw_witness,raw_witness|r=0.05,0.05,,3,1,brier,0.25006046891212463
validate,Pneumothorax__Support Devices,Pneumothorax,Support Devices,raw_witness,raw_witness|r=0.05,0.05,,3,1,ece,0.0087890625
validate,Pneumothorax__Support Devices,Pneumothorax,Support Devices,raw_witness,raw_witness|r=0.05,0.05,,3,1,sms_raw_logit,0.10015869140625
validate,Pneumothorax__Support Devices,Pneumothorax,Support Devices,raw_witness,raw_witness|r=0.05,0.05,,3,1,sms_fixed_reference,5.300415515899658
validate,Pneumothorax__Support Devices,Pneumothorax,Support Devices,raw_witness,raw_witness|r=0.05,0.05,,3,1,ranking_disagreement,0.46953248977661133
validate,Pneumothorax__Support Devices,Pneumothorax,Support Devices,raw_witness,raw_witness|r=0.05,0.05,,3,1,support_swap_flip_rate,0.0
validate,Pneumothorax__Support Devices,Pneumothorax,Support Devices,raw_witness,raw_witness|r=0.05,0.05,,3,1,d0_auroc,0.4801500141620636
validate,Pneumothorax__Support Devices,Pneumothorax,Support Devices,raw_witness,raw_witness|r=0.05,0.05,,3,1,d1_auroc,0.5496000051498413
validate,Pneumothorax__Support Devices,Pneumothorax,Support Devices,raw_witness,raw_witness|r=0.05,0.05,,3,1,worst_nuisance_auroc,0.4801500141620636
validate,Pneumothorax__Support Devices,Pneumothorax,Support Devices,raw_witness,raw_witness|r=0.05,0.05,,3,1,border_max_fraction,0.39500001072883606
test,Pneumothorax__Support Devices,Pneumothorax,Support Devices,raw_witness,raw_witness|r=0.05,0.05,,3,1,auroc,0.5232499837875366
test,Pneumothorax__Support Devices,Pneumothorax,Support Devices,raw_witness,raw_witness|r=0.05,0.05,,3,1,auprc,0.5267941355705261
test,Pneumothorax__Support Devices,Pneumothorax,Support Devices,raw_witness,raw_witness|r=0.05,0.05,,3,1,f1,0.6666666865348816
test,Pneumothorax__Support Devices,Pneumothorax,Support Devices,raw_witness,raw_witness|r=0.05,0.05,,3,1,brier,0.24999769032001495
test,Pneumothorax__Support Devices,Pneumothorax,Support Devices,raw_witness,raw_witness|r=0.05,0.05,,3,1,ece,0.0087890625
test,Pneumothorax__Support Devices,Pneumothorax,Support Devices,raw_witness,raw_witness|r=0.05,0.05,,3,1,sms_raw_logit,0.1060791015625
test,Pneumothorax__Support Devices,Pneumothorax,Support Devices,raw_witness,raw_witness|r=0.05,0.05,,3,1,sms_fixed_reference,5.6126389503479
test,Pneumothorax__Support Devices,Pneumothorax,Support Devices,raw_witness,raw_witness|r=0.05,0.05,,3,1,ranking_disagreement,0.5051347017288208
test,Pneumothorax__Support Devices,Pneumothorax,Support Devices,raw_witness,raw_witness|r=0.05,0.05,,3,1,support_swap_flip_rate,0.0
test,Pneumothorax__Support Devices,Pneumothorax,Support Devices,raw_witness,raw_witness|r=0.05,0.05,,3,1,d0_auroc,0.5358499884605408
test,Pneumothorax__Support Devices,Pneumothorax,Support Devices,raw_witness,raw_witness|r=0.05,0.05,,3,1,d1_auroc,0.5091000199317932
test,Pneumothorax__Support Devices,Pneumothorax,Support Devices,raw_witness,raw_witness|r=0.05,0.05,,3,1,worst_nuisance_auroc,0.5091000199317932
test,Pneumothorax__Support Devices,Pneumothorax,Support Devices,raw_witness,raw_witness|r=0.05,0.05,,3,1,border_max_fraction,0.29499998688697815
validate,Pneumothorax__Support Devices,Pneumothorax,Support Devices,raw_witness,raw_witness|r=0.05,0.05,,3,2,auroc,0.4953249990940094
validate,Pneumothorax__Support Devices,Pneumothorax,Support Devices,raw_witness,raw_witness|r=0.05,0.05,,3,2,auprc,0.4947051703929901
validate,Pneumothorax__Support Devices,Pneumothorax,Support Devices,raw_witness,raw_witness|r=0.05,0.05,,3,2,f1,0.6666666865348816
validate,Pneumothorax__Support Devices,Pneumothorax,Support Devices,raw_witness,raw_witness|r=0.05,0.05,,3,2,brier,0.25010499358177185
validate,Pneumothorax__Support Devices,Pneumothorax,Support Devices,raw_witness,raw_witness|r=0.05,0.05,,3,2,ece,0.0087890625
validate,Pneumothorax__Support Devices,Pneumothorax,Support Devices,raw_witness,raw_witness|r=0.05,0.05,,3,2,sms_raw_logit,0.1090087890625
validate,Pneumothorax__Support Devices,Pneumothorax,Support Devices,raw_witness,raw_witness|r=0.05,0.05,,3,2,sms_fixed_reference,5.93478536605835
validate,Pneumothorax__Support Devices,Pneumothorax,Support Devices,raw_witness,raw_witness|r=0.05,0.05,,3,2,ranking_disagreement,0.509700357913971
validate,Pneumothorax__Support Devices,Pneumothorax,Support Devices,raw_witness,raw_witness|r=0.05,0.05,,3,2,support_swap_flip_rate,0.0
validate,Pneumothorax__Support Devices,Pneumothorax,Support Devices,raw_witness,raw_witness|r=0.05,0.05,,3,2,d0_auroc,0.5006999969482422
validate,Pneumothorax__Support Devices,Pneumothorax,Support Devices,raw_witness,raw_witness|r=0.05,0.05,,3,2,d1_auroc,0.49399998784065247
validate,Pneumothorax__Support Devices,Pneumothorax,Support Devices,raw_witness,raw_witness|r=0.05,0.05,,3,2,worst_nuisance_auroc,0.49399998784065247
validate,Pneumothorax__Support Devices,Pneumothorax,Support Devices,raw_witness,raw_witness|r=0.05,0.05,,3,2,border_max_fraction,0.33500000834465027
test,Pneumothorax__Support Devices,Pneumothorax,Support Devices,raw_witness,raw_witness|r=0.05,0.05,,3,2,auroc,0.5392000079154968
test,Pneumothorax__Support Devices,Pneumothorax,Support Devices,raw_witness,raw_witness|r=0.05,0.05,,3,2,auprc,0.54070645570755
test,Pneumothorax__Support Devices,Pneumothorax,Support Devices,raw_witness,raw_witness|r=0.05,0.05,,3,2,f1,0.6666666865348816
test,Pneumothorax__Support Devices,Pneumothorax,Support Devices,raw_witness,raw_witness|r=0.05,0.05,,3,2,brier,0.24991339445114136
test,Pneumothorax__Support Devices,Pneumothorax,Support Devices,raw_witness,raw_witness|r=0.05,0.05,,3,2,ece,0.0087890625
test,Pneumothorax__Support Devices,Pneumothorax,Support Devices,raw_witness,raw_witness|r=0.05,0.05,,3,2,sms_raw_logit,0.10772705078125
test,Pneumothorax__Support Devices,Pneumothorax,Support Devices,raw_witness,raw_witness|r=0.05,0.05,,3,2,sms_fixed_reference,5.472840785980225
test,Pneumothorax__Support Devices,Pneumothorax,Support Devices,raw_witness,raw_witness|r=0.05,0.05,,3,2,ranking_disagreement,0.4938060939311981
test,Pneumothorax__Support Devices,Pneumothorax,Support Devices,raw_witness,raw_witness|r=0.05,0.05,,3,2,support_swap_flip_rate,0.0
test,Pneumothorax__Support Devices,Pneumothorax,Support Devices,raw_witness,raw_witness|r=0.05,0.05,,3,2,d0_auroc,0.5441499948501587
test,Pneumothorax__Support Devices,Pneumothorax,Support Devices,raw_witness,raw_witness|r=0.05,0.05,,3,2,d1_auroc,0.5342000126838684
test,Pneumothorax__Support Devices,Pneumothorax,Support Devices,raw_witness,raw_witness|r=0.05,0.05,,3,2,worst_nuisance_auroc,0.5342000126838684
test,Pneumothorax__Support Devices,Pneumothorax,Support Devices,raw_witness,raw_witness|r=0.05,0.05,,3,2,border_max_fraction,0.3474999964237213
validate,Pneumothorax__Support Devices,Pneumothorax,Support Devices,raw_witness,raw_witness|r=0.05,0.05,,3,3,auroc,0.5297499895095825
validate,Pneumothorax__Support Devices,Pneumothorax,Support Devices,raw_witness,raw_witness|r=0.05,0.05,,3,3,auprc,0.5201641321182251
validate,Pneumothorax__Support Devices,Pneumothorax,Support Devices,raw_witness,raw_witness|r=0.05,0.05,,3,3,f1,0.6666666865348816
validate,Pneumothorax__Support Devices,Pneumothorax,Support Devices,raw_witness,raw_witness|r=0.05,0.05,,3,3,brier,0.2500205934047699
validate,Pneumothorax__Support Devices,Pneumothorax,Support Devices,raw_witness,raw_witness|r=0.05,0.05,,3,3,ece,0.0087890625
validate,Pneumothorax__Support Devices,Pneumothorax,Support Devices,raw_witness,raw_witness|r=0.05,0.05,,3,3,sms_raw_logit,0.107666015625
validate,Pneumothorax__Support Devices,Pneumothorax,Support Devices,raw_witness,raw_witness|r=0.05,0.05,,3,3,sms_fixed_reference,5.736370086669922
validate,Pneumothorax__Support Devices,Pneumothorax,Support Devices,raw_witness,raw_witness|r=0.05,0.05,,3,3,ranking_disagreement,0.5095701217651367
validate,Pneumothorax__Support Devices,Pneumothorax,Support Devices,raw_witness,raw_witness|r=0.05,0.05,,3,3,support_swap_flip_rate,0.0
validate,Pneumothorax__Support Devices,Pneumothorax,Support Devices,raw_witness,raw_witness|r=0.05,0.05,,3,3,d0_auroc,0.5336999893188477
validate,Pneumothorax__Support Devices,Pneumothorax,Support Devices,raw_witness,raw_witness|r=0.05,0.05,,3,3,d1_auroc,0.5257499814033508
validate,Pneumothorax__Support Devices,Pneumothorax,Support Devices,raw_witness,raw_witness|r=0.05,0.05,,3,3,worst_nuisance_auroc,0.5257499814033508
validate,Pneumothorax__Support Devices,Pneumothorax,Support Devices,raw_witness,raw_witness|r=0.05,0.05,,3,3,border_max_fraction,0.33500000834465027
test,Pneumothorax__Support Devices,Pneumothorax,Support Devices,raw_witness,raw_witness|r=0.05,0.05,,3,3,auroc,0.5162500143051147
test,Pneumothorax__Support Devices,Pneumothorax,Support Devices,raw_witness,raw_witness|r=0.05,0.05,,3,3,auprc,0.5295318365097046
test,Pneumothorax__Support Devices,Pneumothorax,Support Devices,raw_witness,raw_witness|r=0.05,0.05,,3,3,f1,0.6666666865348816
test,Pneumothorax__Support Devices,Pneumothorax,Support Devices,raw_witness,raw_witness|r=0.05,0.05,,3,3,brier,0.2500264644622803
test,Pneumothorax__Support Devices,Pneumothorax,Support Devices,raw_witness,raw_witness|r=0.05,0.05,,3,3,ece,0.0087890625
test,Pneumothorax__Support Devices,Pneumothorax,Support Devices,raw_witness,raw_witness|r=0.05,0.05,,3,3,sms_raw_logit,0.10400390625
test,Pneumothorax__Support Devices,Pneumothorax,Support Devices,raw_witness,raw_witness|r=0.05,0.05,,3,3,sms_fixed_reference,5.2160725593566895
test,Pneumothorax__Support Devices,Pneumothorax,Support Devices,raw_witness,raw_witness|r=0.05,0.05,,3,3,ranking_disagreement,0.48274606466293335
test,Pneumothorax__Support Devices,Pneumothorax,Support Devices,raw_witness,raw_witness|r=0.05,0.05,,3,3,support_swap_flip_rate,0.0
test,Pneumothorax__Support Devices,Pneumothorax,Support Devices,raw_witness,raw_witness|r=0.05,0.05,,3,3,d0_auroc,0.5148000121116638
test,Pneumothorax__Support Devices,Pneumothorax,Support Devices,raw_witness,raw_witness|r=0.05,0.05,,3,3,d1_auroc,0.5172500014305115
test,Pneumothorax__Support Devices,Pneumothorax,Support Devices,raw_witness,raw_witness|r=0.05,0.05,,3,3,worst_nuisance_auroc,0.5148000121116638
test,Pneumothorax__Support Devices,Pneumothorax,Support Devices,raw_witness,raw_witness|r=0.05,0.05,,3,3,border_max_fraction,0.4074999988079071
validate,Pneumothorax__Support Devices,Pneumothorax,Support Devices,raw_witness,raw_witness|r=0.05,0.05,,3,4,auroc,0.5096250176429749
validate,Pneumothorax__Support Devices,Pneumothorax,Support Devices,raw_witness,raw_witness|r=0.05,0.05,,3,4,auprc,0.5151587128639221
validate,Pneumothorax__Support Devices,Pneumothorax,Support Devices,raw_witness,raw_witness|r=0.05,0.05,,3,4,f1,0.6666666865348816
validate,Pneumothorax__Support Devices,Pneumothorax,Support Devices,raw_witness,raw_witness|r=0.05,0.05,,3,4,brier,0.2500500977039337
validate,Pneumothorax__Support Devices,Pneumothorax,Support Devices,raw_witness,raw_witness|r=0.05,0.05,,3,4,ece,0.0087890625
validate,Pneumothorax__Support Devices,Pneumothorax,Support Devices,raw_witness,raw_witness|r=0.05,0.05,,3,4,sms_raw_logit,0.1070556640625
validate,Pneumothorax__Support Devices,Pneumothorax,Support Devices,raw_witness,raw_witness|r=0.05,0.05,,3,4,sms_fixed_reference,6.057092666625977
validate,Pneumothorax__Support Devices,Pneumothorax,Support Devices,raw_witness,raw_witness|r=0.05,0.05,,3,4,ranking_disagreement,0.4810101091861725
validate,Pneumothorax__Support Devices,Pneumothorax,Support Devices,raw_witness,raw_witness|r=0.05,0.05,,3,4,support_swap_flip_rate,0.0
validate,Pneumothorax__Support Devices,Pneumothorax,Support Devices,raw_witness,raw_witness|r=0.05,0.05,,3,4,d0_auroc,0.46950000524520874
validate,Pneumothorax__Support Devices,Pneumothorax,Support Devices,raw_witness,raw_witness|r=0.05,0.05,,3,4,d1_auroc,0.5498999953269958
validate,Pneumothorax__Support Devices,Pneumothorax,Support Devices,raw_witness,raw_witness|r=0.05,0.05,,3,4,worst_nuisance_auroc,0.46950000524520874
validate,Pneumothorax__Support Devices,Pneumothorax,Support Devices,raw_witness,raw_witness|r=0.05,0.05,,3,4,border_max_fraction,0.3050000071525574
test,Pneumothorax__Support Devices,Pneumothorax,Support Devices,raw_witness,raw_witness|r=0.05,0.05,,3,4,auroc,0.49636250734329224
test,Pneumothorax__Support Devices,Pneumothorax,Support Devices,raw_witness,raw_witness|r=0.05,0.05,,3,4,auprc,0.4964846074581146
test,Pneumothorax__Support Devices,Pneumothorax,Support Devices,raw_witness,raw_witness|r=0.05,0.05,,3,4,f1,0.6666666865348816
test,Pneumothorax__Support Devices,Pneumothorax,Support Devices,raw_witness,raw_witness|r=0.05,0.05,,3,4,brier,0.25007763504981995
test,Pneumothorax__Support Devices,Pneumothorax,Support Devices,raw_witness,raw_witness|r=0.05,0.05,,3,4,ece,0.0087890625
test,Pneumothorax__Support Devices,Pneumothorax,Support Devices,raw_witness,raw_witness|r=0.05,0.05,,3,4,sms_raw_logit,0.10821533203125
test,Pneumothorax__Support Devices,Pneumothorax,Support Devices,raw_witness,raw_witness|r=0.05,0.05,,3,4,sms_fixed_reference,5.958209991455078
test,Pneumothorax__Support Devices,Pneumothorax,Support Devices,raw_witness,raw_witness|r=0.05,0.05,,3,4,ranking_disagreement,0.5018764138221741
test,Pneumothorax__Support Devices,Pneumothorax,Support Devices,raw_witness,raw_witness|r=0.05,0.05,,3,4,support_swap_flip_rate,0.0
test,Pneumothorax__Support Devices,Pneumothorax,Support Devices,raw_witness,raw_witness|r=0.05,0.05,,3,4,d0_auroc,0.4999000132083893
test,Pneumothorax__Support Devices,Pneumothorax,Support Devices,raw_witness,raw_witness|r=0.05,0.05,,3,4,d1_auroc,0.494049996137619
test,Pneumothorax__Support Devices,Pneumothorax,Support Devices,raw_witness,raw_witness|r=0.05,0.05,,3,4,worst_nuisance_auroc,0.494049996137619
test,Pneumothorax__Support Devices,Pneumothorax,Support Devices,raw_witness,raw_witness|r=0.05,0.05,,3,4,border_max_fraction,0.33250001072883606
validate,Pneumothorax__Support Devices,Pneumothorax,Support Devices,raw_witness,raw_witness|r=0.1,0.1,,3,0,auroc,0.5193125009536743
validate,Pneumothorax__Support Devices,Pneumothorax,Support Devices,raw_witness,raw_witness|r=0.1,0.1,,3,0,auprc,0.5122720003128052
validate,Pneumothorax__Support Devices,Pneumothorax,Support Devices,raw_witness,raw_witness|r=0.1,0.1,,3,0,f1,0.6666666865348816
validate,Pneumothorax__Support Devices,Pneumothorax,Support Devices,raw_witness,raw_witness|r=0.1,0.1,,3,0,brier,0.2500024735927582
validate,Pneumothorax__Support Devices,Pneumothorax,Support Devices,raw_witness,raw_witness|r=0.1,0.1,,3,0,ece,0.0068359375
validate,Pneumothorax__Support Devices,Pneumothorax,Support Devices,raw_witness,raw_witness|r=0.1,0.1,,3,0,sms_raw_logit,0.08099365234375
validate,Pneumothorax__Support Devices,Pneumothorax,Support Devices,raw_witness,raw_witness|r=0.1,0.1,,3,0,sms_fixed_reference,4.422822952270508
validate,Pneumothorax__Support Devices,Pneumothorax,Support Devices,raw_witness,raw_witness|r=0.1,0.1,,3,0,ranking_disagreement,0.47304728627204895
validate,Pneumothorax__Support Devices,Pneumothorax,Support Devices,raw_witness,raw_witness|r=0.1,0.1,,3,0,support_swap_flip_rate,0.0
validate,Pneumothorax__Support Devices,Pneumothorax,Support Devices,raw_witness,raw_witness|r=0.1,0.1,,3,0,d0_auroc,0.5400500297546387
validate,Pneumothorax__Support Devices,Pneumothorax,Support Devices,raw_witness,raw_witness|r=0.1,0.1,,3,0,d1_auroc,0.4963499903678894
validate,Pneumothorax__Support Devices,Pneumothorax,Support Devices,raw_witness,raw_witness|r=0.1,0.1,,3,0,worst_nuisance_auroc,0.4963499903678894
validate,Pneumothorax__Support Devices,Pneumothorax,Support Devices,raw_witness,raw_witness|r=0.1,0.1,,3,0,border_max_fraction,0.27000001072883606
test,Pneumothorax__Support Devices,Pneumothorax,Support Devices,raw_witness,raw_witness|r=0.1,0.1,,3,0,auroc,0.47808751463890076
test,Pneumothorax__Support Devices,Pneumothorax,Support Devices,raw_witness,raw_witness|r=0.1,0.1,,3,0,auprc,0.4807157814502716
test,Pneumothorax__Support Devices,Pneumothorax,Support Devices,raw_witness,raw_witness|r=0.1,0.1,,3,0,f1,0.6666666865348816
test,Pneumothorax__Support Devices,Pneumothorax,Support Devices,raw_witness,raw_witness|r=0.1,0.1,,3,0,brier,0.25013601779937744
test,Pneumothorax__Support Devices,Pneumothorax,Support Devices,raw_witness,raw_witness|r=0.1,0.1,,3,0,ece,0.0068359375
test,Pneumothorax__Support Devices,Pneumothorax,Support Devices,raw_witness,raw_witness|r=0.1,0.1,,3,0,sms_raw_logit,0.07879638671875
test,Pneumothorax__Support Devices,Pneumothorax,Support Devices,raw_witness,raw_witness|r=0.1,0.1,,3,0,sms_fixed_reference,4.347105026245117
test,Pneumothorax__Support Devices,Pneumothorax,Support Devices,raw_witness,raw_witness|r=0.1,0.1,,3,0,ranking_disagreement,0.49080410599708557
test,Pneumothorax__Support Devices,Pneumothorax,Support Devices,raw_witness,raw_witness|r=0.1,0.1,,3,0,support_swap_flip_rate,0.0
test,Pneumothorax__Support Devices,Pneumothorax,Support Devices,raw_witness,raw_witness|r=0.1,0.1,,3,0,d0_auroc,0.4846999943256378
test,Pneumothorax__Support Devices,Pneumothorax,Support Devices,raw_witness,raw_witness|r=0.1,0.1,,3,0,d1_auroc,0.4726499915122986
test,Pneumothorax__Support Devices,Pneumothorax,Support Devices,raw_witness,raw_witness|r=0.1,0.1,,3,0,worst_nuisance_auroc,0.4726499915122986
test,Pneumothorax__Support Devices,Pneumothorax,Support Devices,raw_witness,raw_witness|r=0.1,0.1,,3,0,border_max_fraction,0.2150000035762787
validate,Pneumothorax__Support Devices,Pneumothorax,Support Devices,raw_witness,raw_witness|r=0.1,0.1,,3,1,auroc,0.5250499844551086
validate,Pneumothorax__Support Devices,Pneumothorax,Support Devices,raw_witness,raw_witness|r=0.1,0.1,,3,1,auprc,0.5053491592407227
validate,Pneumothorax__Support Devices,Pneumothorax,Support Devices,raw_witness,raw_witness|r=0.1,0.1,,3,1,f1,0.6666666865348816
validate,Pneumothorax__Support Devices,Pneumothorax,Support Devices,raw_witness,raw_witness|r=0.1,0.1,,3,1,brier,0.25000038743019104
validate,Pneumothorax__Support Devices,Pneumothorax,Support Devices,raw_witness,raw_witness|r=0.1,0.1,,3,1,ece,0.0068359375
validate,Pneumothorax__Support Devices,Pneumothorax,Support Devices,raw_witness,raw_witness|r=0.1,0.1,,3,1,sms_raw_logit,0.088134765625
validate,Pneumothorax__Support Devices,Pneumothorax,Support Devices,raw_witness,raw_witness|r=0.1,0.1,,3,1,sms_fixed_reference,4.664107322692871
validate,Pneumothorax__Support Devices,Pneumothorax,Support Devices,raw_witness,raw_witness|r=0.1,0.1,,3,1,ranking_disagreement,0.47705361247062683
validate,Pneumothorax__Support Devices,Pneumothorax,Support Devices,raw_witness,raw_witness|r=0.1,0.1,,3,1,support_swap_flip_rate,0.0
validate,Pneumothorax__Support Devices,Pneumothorax,Support Devices,raw_witness,raw_witness|r=0.1,0.1,,3,1,d0_auroc,0.494049996137619
validate,Pneumothorax__Support Devices,Pneumothorax,Support Devices,raw_witness,raw_witness|r=0.1,0.1,,3,1,d1_auroc,0.5543000102043152
validate,Pneumothorax__Support Devices,Pneumothorax,Support Devices,raw_witness,raw_witness|r=0.1,0.1,,3,1,worst_nuisance_auroc,0.494049996137619
validate,Pneumothorax__Support Devices,Pneumothorax,Support Devices,raw_witness,raw_witness|r=0.1,0.1,,3,1,border_max_fraction,0.3149999976158142
test,Pneumothorax__Support Devices,Pneumothorax,Support Devices,raw_witness,raw_witness|r=0.1,0.1,,3,1,auroc,0.5414249897003174
test,Pneumothorax__Support Devices,Pneumothorax,Support Devices,raw_witness,raw_witness|r=0.1,0.1,,3,1,auprc,0.5537034869194031
test,Pneumothorax__Support Devices,Pneumothorax,Support Devices,raw_witness,raw_witness|r=0.1,0.1,,3,1,f1,0.6666666865348816
test,Pneumothorax__Support Devices,Pneumothorax,Support Devices,raw_witness,raw_witness|r=0.1,0.1,,3,1,brier,0.24990086257457733
test,Pneumothorax__Support Devices,Pneumothorax,Support Devices,raw_witness,raw_witness|r=0.1,0.1,,3,1,ece,0.00634765625
test,Pneumothorax__Support Devices,Pneumothorax,Support Devices,raw_witness,raw_witness|r=0.1,0.1,,3,1,sms_raw_logit,0.08929443359375
test,Pneumothorax__Support Devices,Pneumothorax,Support Devices,raw_witness,raw_witness|r=0.1,0.1,,3,1,sms_fixed_reference,4.724563121795654
test,Pneumothorax__Support Devices,Pneumothorax,Support Devices,raw_witness,raw_witness|r=0.1,0.1,,3,1,ranking_disagreement,0.4807620048522949
test,Pneumothorax__Support Devices,Pneumothorax,Support Devices,raw_witness,raw_witness|r=0.1,0.1,,3,1,support_swap_flip_rate,0.0
test,Pneumothorax__Support Devices,Pneumothorax,Support Devices,raw_witness,raw_witness|r=0.1,0.1,,3,1,d0_auroc,0.5598499774932861
test,Pneumothorax__Support Devices,Pneumothorax,Support Devices,raw_witness,raw_witness|r=0.1,0.1,,3,1,d1_auroc,0.5220500230789185
test,Pneumothorax__Support Devices,Pneumothorax,Support Devices,raw_witness,raw_witness|r=0.1,0.1,,3,1,worst_nuisance_auroc,0.5220500230789185
test,Pneumothorax__Support Devices,Pneumothorax,Support Devices,raw_witness,raw_witness|r=0.1,0.1,,3,1,border_max_fraction,0.20499999821186066
validate,Pneumothorax__Support Devices,Pneumothorax,Support Devices,raw_witness,raw_witness|r=0.1,0.1,,3,2,auroc,0.5271000266075134
validate,Pneumothorax__Support Devices,Pneumothorax,Support Devices,raw_witness,raw_witness|r=0.1,0.1,,3,2,auprc,0.5158563852310181
validate,Pneumothorax__Support Devices,Pneumothorax,Support Devices,raw_witness,raw_witness|r=0.1,0.1,,3,2,f1,0.6666666865348816
validate,Pneumothorax__Support Devices,Pneumothorax,Support Devices,raw_witness,raw_witness|r=0.1,0.1,,3,2,brier,0.24998092651367188
validate,Pneumothorax__Support Devices,Pneumothorax,Support Devices,raw_witness,raw_witness|r=0.1,0.1,,3,2,ece,0.0068359375
validate,Pneumothorax__Support Devices,Pneumothorax,Support Devices,raw_witness,raw_witness|r=0.1,0.1,,3,2,sms_raw_logit,0.08251953125
validate,Pneumothorax__Support Devices,Pneumothorax,Support Devices,raw_witness,raw_witness|r=0.1,0.1,,3,2,sms_fixed_reference,4.492625713348389
validate,Pneumothorax__Support Devices,Pneumothorax,Support Devices,raw_witness,raw_witness|r=0.1,0.1,,3,2,ranking_disagreement,0.4859187602996826
validate,Pneumothorax__Support Devices,Pneumothorax,Support Devices,raw_witness,raw_witness|r=0.1,0.1,,3,2,support_swap_flip_rate,0.0
validate,Pneumothorax__Support Devices,Pneumothorax,Support Devices,raw_witness,raw_witness|r=0.1,0.1,,3,2,d0_auroc,0.5537999868392944
validate,Pneumothorax__Support Devices,Pneumothorax,Support Devices,raw_witness,raw_witness|r=0.1,0.1,,3,2,d1_auroc,0.4993000030517578
validate,Pneumothorax__Support Devices,Pneumothorax,Support Devices,raw_witness,raw_witness|r=0.1,0.1,,3,2,worst_nuisance_auroc,0.4993000030517578
validate,Pneumothorax__Support Devices,Pneumothorax,Support Devices,raw_witness,raw_witness|r=0.1,0.1,,3,2,border_max_fraction,0.24500000476837158
test,Pneumothorax__Support Devices,Pneumothorax,Support Devices,raw_witness,raw_witness|r=0.1,0.1,,3,2,auroc,0.5472249984741211
test,Pneumothorax__Support Devices,Pneumothorax,Support Devices,raw_witness,raw_witness|r=0.1,0.1,,3,2,auprc,0.5542982816696167
test,Pneumothorax__Support Devices,Pneumothorax,Support Devices,raw_witness,raw_witness|r=0.1,0.1,,3,2,f1,0.6666666865348816
test,Pneumothorax__Support Devices,Pneumothorax,Support Devices,raw_witness,raw_witness|r=0.1,0.1,,3,2,brier,0.2498779445886612
test,Pneumothorax__Support Devices,Pneumothorax,Support Devices,raw_witness,raw_witness|r=0.1,0.1,,3,2,ece,0.0068359375
test,Pneumothorax__Support Devices,Pneumothorax,Support Devices,raw_witness,raw_witness|r=0.1,0.1,,3,2,sms_raw_logit,0.09619140625
test,Pneumothorax__Support Devices,Pneumothorax,Support Devices,raw_witness,raw_witness|r=0.1,0.1,,3,2,sms_fixed_reference,4.8867974281311035
test,Pneumothorax__Support Devices,Pneumothorax,Support Devices,raw_witness,raw_witness|r=0.1,0.1,,3,2,ranking_disagreement,0.49701231718063354
test,Pneumothorax__Support Devices,Pneumothorax,Support Devices,raw_witness,raw_witness|r=0.1,0.1,,3,2,support_swap_flip_rate,0.0
test,Pneumothorax__Support Devices,Pneumothorax,Support Devices,raw_witness,raw_witness|r=0.1,0.1,,3,2,d0_auroc,0.5723000168800354
test,Pneumothorax__Support Devices,Pneumothorax,Support Devices,raw_witness,raw_witness|r=0.1,0.1,,3,2,d1_auroc,0.5227000117301941
test,Pneumothorax__Support Devices,Pneumothorax,Support Devices,raw_witness,raw_witness|r=0.1,0.1,,3,2,worst_nuisance_auroc,0.5227000117301941
test,Pneumothorax__Support Devices,Pneumothorax,Support Devices,raw_witness,raw_witness|r=0.1,0.1,,3,2,border_max_fraction,0.2150000035762787
validate,Pneumothorax__Support Devices,Pneumothorax,Support Devices,raw_witness,raw_witness|r=0.1,0.1,,3,3,auroc,0.527525007724762
validate,Pneumothorax__Support Devices,Pneumothorax,Support Devices,raw_witness,raw_witness|r=0.1,0.1,,3,3,auprc,0.5225571393966675
validate,Pneumothorax__Support Devices,Pneumothorax,Support Devices,raw_witness,raw_witness|r=0.1,0.1,,3,3,f1,0.6666666865348816
validate,Pneumothorax__Support Devices,Pneumothorax,Support Devices,raw_witness,raw_witness|r=0.1,0.1,,3,3,brier,0.2499905377626419
validate,Pneumothorax__Support Devices,Pneumothorax,Support Devices,raw_witness,raw_witness|r=0.1,0.1,,3,3,ece,0.00634765625
validate,Pneumothorax__Support Devices,Pneumothorax,Support Devices,raw_witness,raw_witness|r=0.1,0.1,,3,3,sms_raw_logit,0.08282470703125
validate,Pneumothorax__Support Devices,Pneumothorax,Support Devices,raw_witness,raw_witness|r=0.1,0.1,,3,3,sms_fixed_reference,4.412842750549316
validate,Pneumothorax__Support Devices,Pneumothorax,Support Devices,raw_witness,raw_witness|r=0.1,0.1,,3,3,ranking_disagreement,0.4981354773044586
validate,Pneumothorax__Support Devices,Pneumothorax,Support Devices,raw_witness,raw_witness|r=0.1,0.1,,3,3,support_swap_flip_rate,0.0
validate,Pneumothorax__Support Devices,Pneumothorax,Support Devices,raw_witness,raw_witness|r=0.1,0.1,,3,3,d0_auroc,0.5358999967575073
validate,Pneumothorax__Support Devices,Pneumothorax,Support Devices,raw_witness,raw_witness|r=0.1,0.1,,3,3,d1_auroc,0.5187000036239624
validate,Pneumothorax__Support Devices,Pneumothorax,Support Devices,raw_witness,raw_witness|r=0.1,0.1,,3,3,worst_nuisance_auroc,0.5187000036239624
validate,Pneumothorax__Support Devices,Pneumothorax,Support Devices,raw_witness,raw_witness|r=0.1,0.1,,3,3,border_max_fraction,0.24500000476837158
test,Pneumothorax__Support Devices,Pneumothorax,Support Devices,raw_witness,raw_witness|r=0.1,0.1,,3,3,auroc,0.5194875001907349
test,Pneumothorax__Support Devices,Pneumothorax,Support Devices,raw_witness,raw_witness|r=0.1,0.1,,3,3,auprc,0.5331982374191284
test,Pneumothorax__Support Devices,Pneumothorax,Support Devices,raw_witness,raw_witness|r=0.1,0.1,,3,3,f1,0.6666666865348816
test,Pneumothorax__Support Devices,Pneumothorax,Support Devices,raw_witness,raw_witness|r=0.1,0.1,,3,3,brier,0.24998044967651367
test,Pneumothorax__Support Devices,Pneumothorax,Support Devices,raw_witness,raw_witness|r=0.1,0.1,,3,3,ece,0.0068359375
test,Pneumothorax__Support Devices,Pneumothorax,Support Devices,raw_witness,raw_witness|r=0.1,0.1,,3,3,sms_raw_logit,0.08856201171875
test,Pneumothorax__Support Devices,Pneumothorax,Support Devices,raw_witness,raw_witness|r=0.1,0.1,,3,3,sms_fixed_reference,4.441620349884033
test,Pneumothorax__Support Devices,Pneumothorax,Support Devices,raw_witness,raw_witness|r=0.1,0.1,,3,3,ranking_disagreement,0.4782297611236572
test,Pneumothorax__Support Devices,Pneumothorax,Support Devices,raw_witness,raw_witness|r=0.1,0.1,,3,3,support_swap_flip_rate,0.0
test,Pneumothorax__Support Devices,Pneumothorax,Support Devices,raw_witness,raw_witness|r=0.1,0.1,,3,3,d0_auroc,0.5076500177383423
test,Pneumothorax__Support Devices,Pneumothorax,Support Devices,raw_witness,raw_witness|r=0.1,0.1,,3,3,d1_auroc,0.5344499945640564
test,Pneumothorax__Support Devices,Pneumothorax,Support Devices,raw_witness,raw_witness|r=0.1,0.1,,3,3,worst_nuisance_auroc,0.5076500177383423
test,Pneumothorax__Support Devices,Pneumothorax,Support Devices,raw_witness,raw_witness|r=0.1,0.1,,3,3,border_max_fraction,0.2800000011920929
validate,Pneumothorax__Support Devices,Pneumothorax,Support Devices,raw_witness,raw_witness|r=0.1,0.1,,3,4,auroc,0.5231624841690063
validate,Pneumothorax__Support Devices,Pneumothorax,Support Devices,raw_witness,raw_witness|r=0.1,0.1,,3,4,auprc,0.5160579085350037
validate,Pneumothorax__Support Devices,Pneumothorax,Support Devices,raw_witness,raw_witness|r=0.1,0.1,,3,4,f1,0.6666666865348816
validate,Pneumothorax__Support Devices,Pneumothorax,Support Devices,raw_witness,raw_witness|r=0.1,0.1,,3,4,brier,0.2499983161687851
validate,Pneumothorax__Support Devices,Pneumothorax,Support Devices,raw_witness,raw_witness|r=0.1,0.1,,3,4,ece,0.0068359375
validate,Pneumothorax__Support Devices,Pneumothorax,Support Devices,raw_witness,raw_witness|r=0.1,0.1,,3,4,sms_raw_logit,0.0836181640625
validate,Pneumothorax__Support Devices,Pneumothorax,Support Devices,raw_witness,raw_witness|r=0.1,0.1,,3,4,sms_fixed_reference,4.731024265289307
validate,Pneumothorax__Support Devices,Pneumothorax,Support Devices,raw_witness,raw_witness|r=0.1,0.1,,3,4,ranking_disagreement,0.46174317598342896
validate,Pneumothorax__Support Devices,Pneumothorax,Support Devices,raw_witness,raw_witness|r=0.1,0.1,,3,4,support_swap_flip_rate,0.0
validate,Pneumothorax__Support Devices,Pneumothorax,Support Devices,raw_witness,raw_witness|r=0.1,0.1,,3,4,d0_auroc,0.4872500002384186
validate,Pneumothorax__Support Devices,Pneumothorax,Support Devices,raw_witness,raw_witness|r=0.1,0.1,,3,4,d1_auroc,0.5589500069618225
validate,Pneumothorax__Support Devices,Pneumothorax,Support Devices,raw_witness,raw_witness|r=0.1,0.1,,3,4,worst_nuisance_auroc,0.4872500002384186
validate,Pneumothorax__Support Devices,Pneumothorax,Support Devices,raw_witness,raw_witness|r=0.1,0.1,,3,4,border_max_fraction,0.26750001311302185
test,Pneumothorax__Support Devices,Pneumothorax,Support Devices,raw_witness,raw_witness|r=0.1,0.1,,3,4,auroc,0.5106375217437744
test,Pneumothorax__Support Devices,Pneumothorax,Support Devices,raw_witness,raw_witness|r=0.1,0.1,,3,4,auprc,0.5041991472244263
test,Pneumothorax__Support Devices,Pneumothorax,Support Devices,raw_witness,raw_witness|r=0.1,0.1,,3,4,f1,0.6666666865348816
test,Pneumothorax__Support Devices,Pneumothorax,Support Devices,raw_witness,raw_witness|r=0.1,0.1,,3,4,brier,0.25002986192703247
test,Pneumothorax__Support Devices,Pneumothorax,Support Devices,raw_witness,raw_witness|r=0.1,0.1,,3,4,ece,0.0068359375
test,Pneumothorax__Support Devices,Pneumothorax,Support Devices,raw_witness,raw_witness|r=0.1,0.1,,3,4,sms_raw_logit,0.08612060546875
test,Pneumothorax__Support Devices,Pneumothorax,Support Devices,raw_witness,raw_witness|r=0.1,0.1,,3,4,sms_fixed_reference,4.741700172424316
test,Pneumothorax__Support Devices,Pneumothorax,Support Devices,raw_witness,raw_witness|r=0.1,0.1,,3,4,ranking_disagreement,0.47638946771621704
test,Pneumothorax__Support Devices,Pneumothorax,Support Devices,raw_witness,raw_witness|r=0.1,0.1,,3,4,support_swap_flip_rate,0.0
test,Pneumothorax__Support Devices,Pneumothorax,Support Devices,raw_witness,raw_witness|r=0.1,0.1,,3,4,d0_auroc,0.5058500170707703
test,Pneumothorax__Support Devices,Pneumothorax,Support Devices,raw_witness,raw_witness|r=0.1,0.1,,3,4,d1_auroc,0.5173500180244446
test,Pneumothorax__Support Devices,Pneumothorax,Support Devices,raw_witness,raw_witness|r=0.1,0.1,,3,4,worst_nuisance_auroc,0.5058500170707703
test,Pneumothorax__Support Devices,Pneumothorax,Support Devices,raw_witness,raw_witness|r=0.1,0.1,,3,4,border_max_fraction,0.22750000655651093
validate,Pneumothorax__Support Devices,Pneumothorax,Support Devices,relational_witness,relational_witness|r=0.01,0.01,,3,0,auroc,0.49570000171661377
validate,Pneumothorax__Support Devices,Pneumothorax,Support Devices,relational_witness,relational_witness|r=0.01,0.01,,3,0,auprc,0.49805188179016113
validate,Pneumothorax__Support Devices,Pneumothorax,Support Devices,relational_witness,relational_witness|r=0.01,0.01,,3,0,f1,0.6666666865348816
validate,Pneumothorax__Support Devices,Pneumothorax,Support Devices,relational_witness,relational_witness|r=0.01,0.01,,3,0,brier,0.2501862645149231
validate,Pneumothorax__Support Devices,Pneumothorax,Support Devices,relational_witness,relational_witness|r=0.01,0.01,,3,0,ece,0.01220703125
validate,Pneumothorax__Support Devices,Pneumothorax,Support Devices,relational_witness,relational_witness|r=0.01,0.01,,3,0,sms_raw_logit,0.1705322265625
validate,Pneumothorax__Support Devices,Pneumothorax,Support Devices,relational_witness,relational_witness|r=0.01,0.01,,3,0,sms_fixed_reference,9.31225872039795
validate,Pneumothorax__Support Devices,Pneumothorax,Support Devices,relational_witness,relational_witness|r=0.01,0.01,,3,0,ranking_disagreement,0.4742627739906311
validate,Pneumothorax__Support Devices,Pneumothorax,Support Devices,relational_witness,relational_witness|r=0.01,0.01,,3,0,support_swap_flip_rate,0.0
validate,Pneumothorax__Support Devices,Pneumothorax,Support Devices,relational_witness,relational_witness|r=0.01,0.01,,3,0,d0_auroc,0.5011000037193298
validate,Pneumothorax__Support Devices,Pneumothorax,Support Devices,relational_witness,relational_witness|r=0.01,0.01,,3,0,d1_auroc,0.48660001158714294
validate,Pneumothorax__Support Devices,Pneumothorax,Support Devices,relational_witness,relational_witness|r=0.01,0.01,,3,0,worst_nuisance_auroc,0.48660001158714294
validate,Pneumothorax__Support Devices,Pneumothorax,Support Devices,relational_witness,relational_witness|r=0.01,0.01,,3,0,border_max_fraction,0.17499999701976776
test,Pneumothorax__Support Devices,Pneumothorax,Support Devices,relational_witness,relational_witness|r=0.01,0.01,,3,0,auroc,0.49418750405311584
test,Pneumothorax__Support Devices,Pneumothorax,Support Devices,relational_witness,relational_witness|r=0.01,0.01,,3,0,auprc,0.4972023069858551
test,Pneumothorax__Support Devices,Pneumothorax,Support Devices,relational_witness,relational_witness|r=0.01,0.01,,3,0,f1,0.6666666865348816
test,Pneumothorax__Support Devices,Pneumothorax,Support Devices,relational_witness,relational_witness|r=0.01,0.01,,3,0,brier,0.2502377927303314
test,Pneumothorax__Support Devices,Pneumothorax,Support Devices,relational_witness,relational_witness|r=0.01,0.01,,3,0,ece,0.01220703125
test,Pneumothorax__Support Devices,Pneumothorax,Support Devices,relational_witness,relational_witness|r=0.01,0.01,,3,0,sms_raw_logit,0.1868896484375
test,Pneumothorax__Support Devices,Pneumothorax,Support Devices,relational_witness,relational_witness|r=0.01,0.01,,3,0,sms_fixed_reference,10.310484886169434
test,Pneumothorax__Support Devices,Pneumothorax,Support Devices,relational_witness,relational_witness|r=0.01,0.01,,3,0,ranking_disagreement,0.48864591121673584
test,Pneumothorax__Support Devices,Pneumothorax,Support Devices,relational_witness,relational_witness|r=0.01,0.01,,3,0,support_swap_flip_rate,0.0
test,Pneumothorax__Support Devices,Pneumothorax,Support Devices,relational_witness,relational_witness|r=0.01,0.01,,3,0,d0_auroc,0.5166000127792358
test,Pneumothorax__Support Devices,Pneumothorax,Support Devices,relational_witness,relational_witness|r=0.01,0.01,,3,0,d1_auroc,0.469650000333786
test,Pneumothorax__Support Devices,Pneumothorax,Support Devices,relational_witness,relational_witness|r=0.01,0.01,,3,0,worst_nuisance_auroc,0.469650000333786
test,Pneumothorax__Support Devices,Pneumothorax,Support Devices,relational_witness,relational_witness|r=0.01,0.01,,3,0,border_max_fraction,0.1599999964237213
validate,Pneumothorax__Support Devices,Pneumothorax,Support Devices,relational_witness,relational_witness|r=0.01,0.01,,3,1,auroc,0.5259374976158142
validate,Pneumothorax__Support Devices,Pneumothorax,Support Devices,relational_witness,relational_witness|r=0.01,0.01,,3,1,auprc,0.5210573077201843
validate,Pneumothorax__Support Devices,Pneumothorax,Support Devices,relational_witness,relational_witness|r=0.01,0.01,,3,1,f1,0.6666666865348816
validate,Pneumothorax__Support Devices,Pneumothorax,Support Devices,relational_witness,relational_witness|r=0.01,0.01,,3,1,brier,0.25009435415267944
validate,Pneumothorax__Support Devices,Pneumothorax,Support Devices,relational_witness,relational_witness|r=0.01,0.01,,3,1,ece,0.01220703125
validate,Pneumothorax__Support Devices,Pneumothorax,Support Devices,relational_witness,relational_witness|r=0.01,0.01,,3,1,sms_raw_logit,0.1748046875
validate,Pneumothorax__Support Devices,Pneumothorax,Support Devices,relational_witness,relational_witness|r=0.01,0.01,,3,1,sms_fixed_reference,9.25069522857666
validate,Pneumothorax__Support Devices,Pneumothorax,Support Devices,relational_witness,relational_witness|r=0.01,0.01,,3,1,ranking_disagreement,0.48750343918800354
validate,Pneumothorax__Support Devices,Pneumothorax,Support Devices,relational_witness,relational_witness|r=0.01,0.01,,3,1,support_swap_flip_rate,0.0
validate,Pneumothorax__Support Devices,Pneumothorax,Support Devices,relational_witness,relational_witness|r=0.01,0.01,,3,1,d0_auroc,0.4918000102043152
validate,Pneumothorax__Support Devices,Pneumothorax,Support Devices,relational_witness,relational_witness|r=0.01,0.01,,3,1,d1_auroc,0.5609999895095825
validate,Pneumothorax__Support Devices,Pneumothorax,Support Devices,relational_witness,relational_witness|r=0.01,0.01,,3,1,worst_nuisance_auroc,0.4918000102043152
validate,Pneumothorax__Support Devices,Pneumothorax,Support Devices,relational_witness,relational_witness|r=0.01,0.01,,3,1,border_max_fraction,0.18000000715255737
test,Pneumothorax__Support Devices,Pneumothorax,Support Devices,relational_witness,relational_witness|r=0.01,0.01,,3,1,auroc,0.543150007724762
test,Pneumothorax__Support Devices,Pneumothorax,Support Devices,relational_witness,relational_witness|r=0.01,0.01,,3,1,auprc,0.5445783138275146
test,Pneumothorax__Support Devices,Pneumothorax,Support Devices,relational_witness,relational_witness|r=0.01,0.01,,3,1,f1,0.6666666865348816
test,Pneumothorax__Support Devices,Pneumothorax,Support Devices,relational_witness,relational_witness|r=0.01,0.01,,3,1,brier,0.24988359212875366
test,Pneumothorax__Support Devices,Pneumothorax,Support Devices,relational_witness,relational_witness|r=0.01,0.01,,3,1,ece,0.01220703125
test,Pneumothorax__Support Devices,Pneumothorax,Support Devices,relational_witness,relational_witness|r=0.01,0.01,,3,1,sms_raw_logit,0.1693115234375
test,Pneumothorax__Support Devices,Pneumothorax,Support Devices,relational_witness,relational_witness|r=0.01,0.01,,3,1,sms_fixed_reference,8.95826244354248
test,Pneumothorax__Support Devices,Pneumothorax,Support Devices,relational_witness,relational_witness|r=0.01,0.01,,3,1,ranking_disagreement,0.5029686689376831
test,Pneumothorax__Support Devices,Pneumothorax,Support Devices,relational_witness,relational_witness|r=0.01,0.01,,3,1,support_swap_flip_rate,0.0
test,Pneumothorax__Support Devices,Pneumothorax,Support Devices,relational_witness,relational_witness|r=0.01,0.01,,3,1,d0_auroc,0.5444499850273132
test,Pneumothorax__Support Devices,Pneumothorax,Support Devices,relational_witness,relational_witness|r=0.01,0.01,,3,1,d1_auroc,0.5436499714851379
test,Pneumothorax__Support Devices,Pneumothorax,Support Devices,relational_witness,relational_witness|r=0.01,0.01,,3,1,worst_nuisance_auroc,0.5436499714851379
test,Pneumothorax__Support Devices,Pneumothorax,Support Devices,relational_witness,relational_witness|r=0.01,0.01,,3,1,border_max_fraction,0.18250000476837158
validate,Pneumothorax__Support Devices,Pneumothorax,Support Devices,relational_witness,relational_witness|r=0.01,0.01,,3,2,auroc,0.49627500772476196
validate,Pneumothorax__Support Devices,Pneumothorax,Support Devices,relational_witness,relational_witness|r=0.01,0.01,,3,2,auprc,0.5008078217506409
validate,Pneumothorax__Support Devices,Pneumothorax,Support Devices,relational_witness,relational_witness|r=0.01,0.01,,3,2,f1,0.6666666865348816
validate,Pneumothorax__Support Devices,Pneumothorax,Support Devices,relational_witness,relational_witness|r=0.01,0.01,,3,2,brier,0.25019964575767517
validate,Pneumothorax__Support Devices,Pneumothorax,Support Devices,relational_witness,relational_witness|r=0.01,0.01,,3,2,ece,0.01220703125
validate,Pneumothorax__Support Devices,Pneumothorax,Support Devices,relational_witness,relational_witness|r=0.01,0.01,,3,2,sms_raw_logit,0.1900634765625
validate,Pneumothorax__Support Devices,Pneumothorax,Support Devices,relational_witness,relational_witness|r=0.01,0.01,,3,2,sms_fixed_reference,10.347660064697266
validate,Pneumothorax__Support Devices,Pneumothorax,Support Devices,relational_witness,relational_witness|r=0.01,0.01,,3,2,ranking_disagreement,0.5129392743110657
validate,Pneumothorax__Support Devices,Pneumothorax,Support Devices,relational_witness,relational_witness|r=0.01,0.01,,3,2,support_swap_flip_rate,0.0
validate,Pneumothorax__Support Devices,Pneumothorax,Support Devices,relational_witness,relational_witness|r=0.01,0.01,,3,2,d0_auroc,0.4952999949455261
validate,Pneumothorax__Support Devices,Pneumothorax,Support Devices,relational_witness,relational_witness|r=0.01,0.01,,3,2,d1_auroc,0.49470001459121704
validate,Pneumothorax__Support Devices,Pneumothorax,Support Devices,relational_witness,relational_witness|r=0.01,0.01,,3,2,worst_nuisance_auroc,0.49470001459121704
validate,Pneumothorax__Support Devices,Pneumothorax,Support Devices,relational_witness,relational_witness|r=0.01,0.01,,3,2,border_max_fraction,0.11500000208616257
test,Pneumothorax__Support Devices,Pneumothorax,Support Devices,relational_witness,relational_witness|r=0.01,0.01,,3,2,auroc,0.5606250166893005
test,Pneumothorax__Support Devices,Pneumothorax,Support Devices,relational_witness,relational_witness|r=0.01,0.01,,3,2,auprc,0.5640454292297363
test,Pneumothorax__Support Devices,Pneumothorax,Support Devices,relational_witness,relational_witness|r=0.01,0.01,,3,2,f1,0.6666666865348816
test,Pneumothorax__Support Devices,Pneumothorax,Support Devices,relational_witness,relational_witness|r=0.01,0.01,,3,2,brier,0.24981388449668884
test,Pneumothorax__Support Devices,Pneumothorax,Support Devices,relational_witness,relational_witness|r=0.01,0.01,,3,2,ece,0.01220703125
test,Pneumothorax__Support Devices,Pneumothorax,Support Devices,relational_witness,relational_witness|r=0.01,0.01,,3,2,sms_raw_logit,0.1673583984375
test,Pneumothorax__Support Devices,Pneumothorax,Support Devices,relational_witness,relational_witness|r=0.01,0.01,,3,2,sms_fixed_reference,8.502283096313477
test,Pneumothorax__Support Devices,Pneumothorax,Support Devices,relational_witness,relational_witness|r=0.01,0.01,,3,2,ranking_disagreement,0.483869343996048
test,Pneumothorax__Support Devices,Pneumothorax,Support Devices,relational_witness,relational_witness|r=0.01,0.01,,3,2,support_swap_flip_rate,0.0
test,Pneumothorax__Support Devices,Pneumothorax,Support Devices,relational_witness,relational_witness|r=0.01,0.01,,3,2,d0_auroc,0.55035001039505
test,Pneumothorax__Support Devices,Pneumothorax,Support Devices,relational_witness,relational_witness|r=0.01,0.01,,3,2,d1_auroc,0.5708000063896179
test,Pneumothorax__Support Devices,Pneumothorax,Support Devices,relational_witness,relational_witness|r=0.01,0.01,,3,2,worst_nuisance_auroc,0.55035001039505
test,Pneumothorax__Support Devices,Pneumothorax,Support Devices,relational_witness,relational_witness|r=0.01,0.01,,3,2,border_max_fraction,0.11749999970197678
validate,Pneumothorax__Support Devices,Pneumothorax,Support Devices,relational_witness,relational_witness|r=0.01,0.01,,3,3,auroc,0.5353000164031982
validate,Pneumothorax__Support Devices,Pneumothorax,Support Devices,relational_witness,relational_witness|r=0.01,0.01,,3,3,auprc,0.5371786952018738
validate,Pneumothorax__Support Devices,Pneumothorax,Support Devices,relational_witness,relational_witness|r=0.01,0.01,,3,3,f1,0.6666666865348816
validate,Pneumothorax__Support Devices,Pneumothorax,Support Devices,relational_witness,relational_witness|r=0.01,0.01,,3,3,brier,0.2500108778476715
validate,Pneumothorax__Support Devices,Pneumothorax,Support Devices,relational_witness,relational_witness|r=0.01,0.01,,3,3,ece,0.01220703125
validate,Pneumothorax__Support Devices,Pneumothorax,Support Devices,relational_witness,relational_witness|r=0.01,0.01,,3,3,sms_raw_logit,0.173583984375
validate,Pneumothorax__Support Devices,Pneumothorax,Support Devices,relational_witness,relational_witness|r=0.01,0.01,,3,3,sms_fixed_reference,9.248433113098145
validate,Pneumothorax__Support Devices,Pneumothorax,Support Devices,relational_witness,relational_witness|r=0.01,0.01,,3,3,ranking_disagreement,0.4862290918827057
validate,Pneumothorax__Support Devices,Pneumothorax,Support Devices,relational_witness,relational_witness|r=0.01,0.01,,3,3,support_swap_flip_rate,0.0
validate,Pneumothorax__Support Devices,Pneumothorax,Support Devices,relational_witness,relational_witness|r=0.01,0.01,,3,3,d0_auroc,0.5203999876976013
validate,Pneumothorax__Support Devices,Pneumothorax,Support Devices,relational_witness,relational_witness|r=0.01,0.01,,3,3,d1_auroc,0.5511999726295471
validate,Pneumothorax__Support Devices,Pneumothorax,Support Devices,relational_witness,relational_witness|r=0.01,0.01,,3,3,worst_nuisance_auroc,0.5203999876976013
validate,Pneumothorax__Support Devices,Pneumothorax,Support Devices,relational_witness,relational_witness|r=0.01,0.01,,3,3,border_max_fraction,0.14000000059604645
test,Pneumothorax__Support Devices,Pneumothorax,Support Devices,relational_witness,relational_witness|r=0.01,0.01,,3,3,auroc,0.49908751249313354
test,Pneumothorax__Support Devices,Pneumothorax,Support Devices,relational_witness,relational_witness|r=0.01,0.01,,3,3,auprc,0.5188941955566406
test,Pneumothorax__Support Devices,Pneumothorax,Support Devices,relational_witness,relational_witness|r=0.01,0.01,,3,3,f1,0.6666666865348816
test,Pneumothorax__Support Devices,Pneumothorax,Support Devices,relational_witness,relational_witness|r=0.01,0.01,,3,3,brier,0.25016528367996216
test,Pneumothorax__Support Devices,Pneumothorax,Support Devices,relational_witness,relational_witness|r=0.01,0.01,,3,3,ece,0.0126953125
test,Pneumothorax__Support Devices,Pneumothorax,Support Devices,relational_witness,relational_witness|r=0.01,0.01,,3,3,sms_raw_logit,0.169677734375
test,Pneumothorax__Support Devices,Pneumothorax,Support Devices,relational_witness,relational_witness|r=0.01,0.01,,3,3,sms_fixed_reference,8.50978946685791
test,Pneumothorax__Support Devices,Pneumothorax,Support Devices,relational_witness,relational_witness|r=0.01,0.01,,3,3,ranking_disagreement,0.4874770939350128
test,Pneumothorax__Support Devices,Pneumothorax,Support Devices,relational_witness,relational_witness|r=0.01,0.01,,3,3,support_swap_flip_rate,0.0
test,Pneumothorax__Support Devices,Pneumothorax,Support Devices,relational_witness,relational_witness|r=0.01,0.01,,3,3,d0_auroc,0.5049499869346619
test,Pneumothorax__Support Devices,Pneumothorax,Support Devices,relational_witness,relational_witness|r=0.01,0.01,,3,3,d1_auroc,0.4964500069618225
test,Pneumothorax__Support Devices,Pneumothorax,Support Devices,relational_witness,relational_witness|r=0.01,0.01,,3,3,worst_nuisance_auroc,0.4964500069618225
test,Pneumothorax__Support Devices,Pneumothorax,Support Devices,relational_witness,relational_witness|r=0.01,0.01,,3,3,border_max_fraction,0.13750000298023224
validate,Pneumothorax__Support Devices,Pneumothorax,Support Devices,relational_witness,relational_witness|r=0.01,0.01,,3,4,auroc,0.5145750045776367
validate,Pneumothorax__Support Devices,Pneumothorax,Support Devices,relational_witness,relational_witness|r=0.01,0.01,,3,4,auprc,0.5182885527610779
validate,Pneumothorax__Support Devices,Pneumothorax,Support Devices,relational_witness,relational_witness|r=0.01,0.01,,3,4,f1,0.6666666865348816
validate,Pneumothorax__Support Devices,Pneumothorax,Support Devices,relational_witness,relational_witness|r=0.01,0.01,,3,4,brier,0.2500988245010376
validate,Pneumothorax__Support Devices,Pneumothorax,Support Devices,relational_witness,relational_witness|r=0.01,0.01,,3,4,ece,0.01220703125
validate,Pneumothorax__Support Devices,Pneumothorax,Support Devices,relational_witness,relational_witness|r=0.01,0.01,,3,4,sms_raw_logit,0.177978515625
validate,Pneumothorax__Support Devices,Pneumothorax,Support Devices,relational_witness,relational_witness|r=0.01,0.01,,3,4,sms_fixed_reference,10.069829940795898
validate,Pneumothorax__Support Devices,Pneumothorax,Support Devices,relational_witness,relational_witness|r=0.01,0.01,,3,4,ranking_disagreement,0.49237796664237976
validate,Pneumothorax__Support Devices,Pneumothorax,Support Devices,relational_witness,relational_witness|r=0.01,0.01,,3,4,support_swap_flip_rate,0.0
validate,Pneumothorax__Support Devices,Pneumothorax,Support Devices,relational_witness,relational_witness|r=0.01,0.01,,3,4,d0_auroc,0.4712499976158142
validate,Pneumothorax__Support Devices,Pneumothorax,Support Devices,relational_witness,relational_witness|r=0.01,0.01,,3,4,d1_auroc,0.5597500205039978
validate,Pneumothorax__Support Devices,Pneumothorax,Support Devices,relational_witness,relational_witness|r=0.01,0.01,,3,4,worst_nuisance_auroc,0.4712499976158142
validate,Pneumothorax__Support Devices,Pneumothorax,Support Devices,relational_witness,relational_witness|r=0.01,0.01,,3,4,border_max_fraction,0.11749999970197678
test,Pneumothorax__Support Devices,Pneumothorax,Support Devices,relational_witness,relational_witness|r=0.01,0.01,,3,4,auroc,0.49790000915527344
test,Pneumothorax__Support Devices,Pneumothorax,Support Devices,relational_witness,relational_witness|r=0.01,0.01,,3,4,auprc,0.5065771341323853
test,Pneumothorax__Support Devices,Pneumothorax,Support Devices,relational_witness,relational_witness|r=0.01,0.01,,3,4,f1,0.6666666865348816
test,Pneumothorax__Support Devices,Pneumothorax,Support Devices,relational_witness,relational_witness|r=0.01,0.01,,3,4,brier,0.25016576051712036
test,Pneumothorax__Support Devices,Pneumothorax,Support Devices,relational_witness,relational_witness|r=0.01,0.01,,3,4,ece,0.01220703125
test,Pneumothorax__Support Devices,Pneumothorax,Support Devices,relational_witness,relational_witness|r=0.01,0.01,,3,4,sms_raw_logit,0.1656494140625
test,Pneumothorax__Support Devices,Pneumothorax,Support Devices,relational_witness,relational_witness|r=0.01,0.01,,3,4,sms_fixed_reference,9.120463371276855
test,Pneumothorax__Support Devices,Pneumothorax,Support Devices,relational_witness,relational_witness|r=0.01,0.01,,3,4,ranking_disagreement,0.5015255808830261
test,Pneumothorax__Support Devices,Pneumothorax,Support Devices,relational_witness,relational_witness|r=0.01,0.01,,3,4,support_swap_flip_rate,0.0
test,Pneumothorax__Support Devices,Pneumothorax,Support Devices,relational_witness,relational_witness|r=0.01,0.01,,3,4,d0_auroc,0.4743500053882599
test,Pneumothorax__Support Devices,Pneumothorax,Support Devices,relational_witness,relational_witness|r=0.01,0.01,,3,4,d1_auroc,0.5213000178337097
test,Pneumothorax__Support Devices,Pneumothorax,Support Devices,relational_witness,relational_witness|r=0.01,0.01,,3,4,worst_nuisance_auroc,0.4743500053882599
test,Pneumothorax__Support Devices,Pneumothorax,Support Devices,relational_witness,relational_witness|r=0.01,0.01,,3,4,border_max_fraction,0.13249999284744263
validate,Pneumothorax__Support Devices,Pneumothorax,Support Devices,relational_witness,relational_witness|r=0.02,0.02,,3,0,auroc,0.49278751015663147
validate,Pneumothorax__Support Devices,Pneumothorax,Support Devices,relational_witness,relational_witness|r=0.02,0.02,,3,0,auprc,0.49401116371154785
validate,Pneumothorax__Support Devices,Pneumothorax,Support Devices,relational_witness,relational_witness|r=0.02,0.02,,3,0,f1,0.6666666865348816
validate,Pneumothorax__Support Devices,Pneumothorax,Support Devices,relational_witness,relational_witness|r=0.02,0.02,,3,0,brier,0.25017985701560974
validate,Pneumothorax__Support Devices,Pneumothorax,Support Devices,relational_witness,relational_witness|r=0.02,0.02,,3,0,ece,0.01123046875
validate,Pneumothorax__Support Devices,Pneumothorax,Support Devices,relational_witness,relational_witness|r=0.02,0.02,,3,0,sms_raw_logit,0.1378173828125
validate,Pneumothorax__Support Devices,Pneumothorax,Support Devices,relational_witness,relational_witness|r=0.02,0.02,,3,0,sms_fixed_reference,7.525798320770264
validate,Pneumothorax__Support Devices,Pneumothorax,Support Devices,relational_witness,relational_witness|r=0.02,0.02,,3,0,ranking_disagreement,0.4642278850078583
validate,Pneumothorax__Support Devices,Pneumothorax,Support Devices,relational_witness,relational_witness|r=0.02,0.02,,3,0,support_swap_flip_rate,0.0
validate,Pneumothorax__Support Devices,Pneumothorax,Support Devices,relational_witness,relational_witness|r=0.02,0.02,,3,0,d0_auroc,0.4957999885082245
validate,Pneumothorax__Support Devices,Pneumothorax,Support Devices,relational_witness,relational_witness|r=0.02,0.02,,3,0,d1_auroc,0.4888499975204468
validate,Pneumothorax__Support Devices,Pneumothorax,Support Devices,relational_witness,relational_witness|r=0.02,0.02,,3,0,worst_nuisance_auroc,0.4888499975204468
validate,Pneumothorax__Support Devices,Pneumothorax,Support Devices,relational_witness,relational_witness|r=0.02,0.02,,3,0,border_max_fraction,0.23499999940395355
test,Pneumothorax__Support Devices,Pneumothorax,Support Devices,relational_witness,relational_witness|r=0.02,0.02,,3,0,auroc,0.4901624917984009
test,Pneumothorax__Support Devices,Pneumothorax,Support Devices,relational_witness,relational_witness|r=0.02,0.02,,3,0,auprc,0.49667418003082275
test,Pneumothorax__Support Devices,Pneumothorax,Support Devices,relational_witness,relational_witness|r=0.02,0.02,,3,0,f1,0.6666666865348816
test,Pneumothorax__Support Devices,Pneumothorax,Support Devices,relational_witness,relational_witness|r=0.02,0.02,,3,0,brier,0.2502100169658661
test,Pneumothorax__Support Devices,Pneumothorax,Support Devices,relational_witness,relational_witness|r=0.02,0.02,,3,0,ece,0.01171875
test,Pneumothorax__Support Devices,Pneumothorax,Support Devices,relational_witness,relational_witness|r=0.02,0.02,,3,0,sms_raw_logit,0.1427001953125
test,Pneumothorax__Support Devices,Pneumothorax,Support Devices,relational_witness,relational_witness|r=0.02,0.02,,3,0,sms_fixed_reference,7.872603893280029
test,Pneumothorax__Support Devices,Pneumothorax,Support Devices,relational_witness,relational_witness|r=0.02,0.02,,3,0,ranking_disagreement,0.47748324275016785
test,Pneumothorax__Support Devices,Pneumothorax,Support Devices,relational_witness,relational_witness|r=0.02,0.02,,3,0,support_swap_flip_rate,0.0
test,Pneumothorax__Support Devices,Pneumothorax,Support Devices,relational_witness,relational_witness|r=0.02,0.02,,3,0,d0_auroc,0.490200012922287
test,Pneumothorax__Support Devices,Pneumothorax,Support Devices,relational_witness,relational_witness|r=0.02,0.02,,3,0,d1_auroc,0.4918000102043152
test,Pneumothorax__Support Devices,Pneumothorax,Support Devices,relational_witness,relational_witness|r=0.02,0.02,,3,0,worst_nuisance_auroc,0.490200012922287
test,Pneumothorax__Support Devices,Pneumothorax,Support Devices,relational_witness,relational_witness|r=0.02,0.02,,3,0,border_max_fraction,0.18250000476837158
validate,Pneumothorax__Support Devices,Pneumothorax,Support Devices,relational_witness,relational_witness|r=0.02,0.02,,3,1,auroc,0.513700008392334
validate,Pneumothorax__Support Devices,Pneumothorax,Support Devices,relational_witness,relational_witness|r=0.02,0.02,,3,1,auprc,0.5070063471794128
validate,Pneumothorax__Support Devices,Pneumothorax,Support Devices,relational_witness,relational_witness|r=0.02,0.02,,3,1,f1,0.6666666865348816
validate,Pneumothorax__Support Devices,Pneumothorax,Support Devices,relational_witness,relational_witness|r=0.02,0.02,,3,1,brier,0.25012046098709106
validate,Pneumothorax__Support Devices,Pneumothorax,Support Devices,relational_witness,relational_witness|r=0.02,0.02,,3,1,ece,0.01123046875
validate,Pneumothorax__Support Devices,Pneumothorax,Support Devices,relational_witness,relational_witness|r=0.02,0.02,,3,1,sms_raw_logit,0.148193359375
validate,Pneumothorax__Support Devices,Pneumothorax,Support Devices,relational_witness,relational_witness|r=0.02,0.02,,3,1,sms_fixed_reference,7.842418670654297
validate,Pneumothorax__Support Devices,Pneumothorax,Support Devices,relational_witness,relational_witness|r=0.02,0.02,,3,1,ranking_disagreement,0.5113436579704285
validate,Pneumothorax__Support Devices,Pneumothorax,Support Devices,relational_witness,relational_witness|r=0.02,0.02,,3,1,support_swap_flip_rate,0.0
validate,Pneumothorax__Support Devices,Pneumothorax,Support Devices,relational_witness,relational_witness|r=0.02,0.02,,3,1,d0_auroc,0.4971500039100647
validate,Pneumothorax__Support Devices,Pneumothorax,Support Devices,relational_witness,relational_witness|r=0.02,0.02,,3,1,d1_auroc,0.5285000205039978
validate,Pneumothorax__Support Devices,Pneumothorax,Support Devices,relational_witness,relational_witness|r=0.02,0.02,,3,1,worst_nuisance_auroc,0.4971500039100647
validate,Pneumothorax__Support Devices,Pneumothorax,Support Devices,relational_witness,relational_witness|r=0.02,0.02,,3,1,border_max_fraction,0.17249999940395355
test,Pneumothorax__Support Devices,Pneumothorax,Support Devices,relational_witness,relational_witness|r=0.02,0.02,,3,1,auroc,0.5392374992370605
test,Pneumothorax__Support Devices,Pneumothorax,Support Devices,relational_witness,relational_witness|r=0.02,0.02,,3,1,auprc,0.535677969455719
test,Pneumothorax__Support Devices,Pneumothorax,Support Devices,relational_witness,relational_witness|r=0.02,0.02,,3,1,f1,0.6666666865348816
test,Pneumothorax__Support Devices,Pneumothorax,Support Devices,relational_witness,relational_witness|r=0.02,0.02,,3,1,brier,0.24997736513614655
test,Pneumothorax__Support Devices,Pneumothorax,Support Devices,relational_witness,relational_witness|r=0.02,0.02,,3,1,ece,0.01171875
test,Pneumothorax__Support Devices,Pneumothorax,Support Devices,relational_witness,relational_witness|r=0.02,0.02,,3,1,sms_raw_logit,0.1383056640625
test,Pneumothorax__Support Devices,Pneumothorax,Support Devices,relational_witness,relational_witness|r=0.02,0.02,,3,1,sms_fixed_reference,7.317744255065918
test,Pneumothorax__Support Devices,Pneumothorax,Support Devices,relational_witness,relational_witness|r=0.02,0.02,,3,1,ranking_disagreement,0.5262939929962158
test,Pneumothorax__Support Devices,Pneumothorax,Support Devices,relational_witness,relational_witness|r=0.02,0.02,,3,1,support_swap_flip_rate,0.0
test,Pneumothorax__Support Devices,Pneumothorax,Support Devices,relational_witness,relational_witness|r=0.02,0.02,,3,1,d0_auroc,0.5662500262260437
test,Pneumothorax__Support Devices,Pneumothorax,Support Devices,relational_witness,relational_witness|r=0.02,0.02,,3,1,d1_auroc,0.5128499865531921
test,Pneumothorax__Support Devices,Pneumothorax,Support Devices,relational_witness,relational_witness|r=0.02,0.02,,3,1,worst_nuisance_auroc,0.5128499865531921
test,Pneumothorax__Support Devices,Pneumothorax,Support Devices,relational_witness,relational_witness|r=0.02,0.02,,3,1,border_max_fraction,0.19249999523162842
validate,Pneumothorax__Support Devices,Pneumothorax,Support Devices,relational_witness,relational_witness|r=0.02,0.02,,3,2,auroc,0.489300012588501
validate,Pneumothorax__Support Devices,Pneumothorax,Support Devices,relational_witness,relational_witness|r=0.02,0.02,,3,2,auprc,0.49722912907600403
validate,Pneumothorax__Support Devices,Pneumothorax,Support Devices,relational_witness,relational_witness|r=0.02,0.02,,3,2,f1,0.6666666865348816
validate,Pneumothorax__Support Devices,Pneumothorax,Support Devices,relational_witness,relational_witness|r=0.02,0.02,,3,2,brier,0.2501886785030365
validate,Pneumothorax__Support Devices,Pneumothorax,Support Devices,relational_witness,relational_witness|r=0.02,0.02,,3,2,ece,0.01171875
validate,Pneumothorax__Support Devices,Pneumothorax,Support Devices,relational_witness,relational_witness|r=0.02,0.02,,3,2,sms_raw_logit,0.1409912109375
validate,Pneumothorax__Support Devices,Pneumothorax,Support Devices,relational_witness,relational_witness|r=0.02,0.02,,3,2,sms_fixed_reference,7.6760101318359375
validate,Pneumothorax__Support Devices,Pneumothorax,Support Devices,relational_witness,relational_witness|r=0.02,0.02,,3,2,ranking_disagreement,0.501505970954895
validate,Pneumothorax__Support Devices,Pneumothorax,Support Devices,relational_witness,relational_witness|r=0.02,0.02,,3,2,support_swap_flip_rate,0.0
validate,Pneumothorax__Support Devices,Pneumothorax,Support Devices,relational_witness,relational_witness|r=0.02,0.02,,3,2,d0_auroc,0.49959999322891235
validate,Pneumothorax__Support Devices,Pneumothorax,Support Devices,relational_witness,relational_witness|r=0.02,0.02,,3,2,d1_auroc,0.47905001044273376
validate,Pneumothorax__Support Devices,Pneumothorax,Support Devices,relational_witness,relational_witness|r=0.02,0.02,,3,2,worst_nuisance_auroc,0.47905001044273376
validate,Pneumothorax__Support Devices,Pneumothorax,Support Devices,relational_witness,relational_witness|r=0.02,0.02,,3,2,border_max_fraction,0.20499999821186066
test,Pneumothorax__Support Devices,Pneumothorax,Support Devices,relational_witness,relational_witness|r=0.02,0.02,,3,2,auroc,0.5505499839782715
test,Pneumothorax__Support Devices,Pneumothorax,Support Devices,relational_witness,relational_witness|r=0.02,0.02,,3,2,auprc,0.5529304146766663
test,Pneumothorax__Support Devices,Pneumothorax,Support Devices,relational_witness,relational_witness|r=0.02,0.02,,3,2,f1,0.6666666865348816
test,Pneumothorax__Support Devices,Pneumothorax,Support Devices,relational_witness,relational_witness|r=0.02,0.02,,3,2,brier,0.24989275634288788
test,Pneumothorax__Support Devices,Pneumothorax,Support Devices,relational_witness,relational_witness|r=0.02,0.02,,3,2,ece,0.01123046875
test,Pneumothorax__Support Devices,Pneumothorax,Support Devices,relational_witness,relational_witness|r=0.02,0.02,,3,2,sms_raw_logit,0.1376953125
test,Pneumothorax__Support Devices,Pneumothorax,Support Devices,relational_witness,relational_witness|r=0.02,0.02,,3,2,sms_fixed_reference,6.99531364440918
test,Pneumothorax__Support Devices,Pneumothorax,Support Devices,relational_witness,relational_witness|r=0.02,0.02,,3,2,ranking_disagreement,0.4839235842227936
test,Pneumothorax__Support Devices,Pneumothorax,Support Devices,relational_witness,relational_witness|r=0.02,0.02,,3,2,support_swap_flip_rate,0.0
test,Pneumothorax__Support Devices,Pneumothorax,Support Devices,relational_witness,relational_witness|r=0.02,0.02,,3,2,d0_auroc,0.5428000092506409
test,Pneumothorax__Support Devices,Pneumothorax,Support Devices,relational_witness,relational_witness|r=0.02,0.02,,3,2,d1_auroc,0.5562999844551086
test,Pneumothorax__Support Devices,Pneumothorax,Support Devices,relational_witness,relational_witness|r=0.02,0.02,,3,2,worst_nuisance_auroc,0.5428000092506409
test,Pneumothorax__Support Devices,Pneumothorax,Support Devices,relational_witness,relational_witness|r=0.02,0.02,,3,2,border_max_fraction,0.1574999988079071
validate,Pneumothorax__Support Devices,Pneumothorax,Support Devices,relational_witness,relational_witness|r=0.02,0.02,,3,3,auroc,0.5283750295639038
validate,Pneumothorax__Support Devices,Pneumothorax,Support Devices,relational_witness,relational_witness|r=0.02,0.02,,3,3,auprc,0.5223857164382935
validate,Pneumothorax__Support Devices,Pneumothorax,Support Devices,relational_witness,relational_witness|r=0.02,0.02,,3,3,f1,0.6666666865348816
validate,Pneumothorax__Support Devices,Pneumothorax,Support Devices,relational_witness,relational_witness|r=0.02,0.02,,3,3,brier,0.2500506639480591
validate,Pneumothorax__Support Devices,Pneumothorax,Support Devices,relational_witness,relational_witness|r=0.02,0.02,,3,3,ece,0.01123046875
validate,Pneumothorax__Support Devices,Pneumothorax,Support Devices,relational_witness,relational_witness|r=0.02,0.02,,3,3,sms_raw_logit,0.1480712890625
validate,Pneumothorax__Support Devices,Pneumothorax,Support Devices,relational_witness,relational_witness|r=0.02,0.02,,3,3,sms_fixed_reference,7.889134883880615
validate,Pneumothorax__Support Devices,Pneumothorax,Support Devices,relational_witness,relational_witness|r=0.02,0.02,,3,3,ranking_disagreement,0.5192283391952515
validate,Pneumothorax__Support Devices,Pneumothorax,Support Devices,relational_witness,relational_witness|r=0.02,0.02,,3,3,support_swap_flip_rate,0.0
validate,Pneumothorax__Support Devices,Pneumothorax,Support Devices,relational_witness,relational_witness|r=0.02,0.02,,3,3,d0_auroc,0.5223000049591064
validate,Pneumothorax__Support Devices,Pneumothorax,Support Devices,relational_witness,relational_witness|r=0.02,0.02,,3,3,d1_auroc,0.5332499742507935
validate,Pneumothorax__Support Devices,Pneumothorax,Support Devices,relational_witness,relational_witness|r=0.02,0.02,,3,3,worst_nuisance_auroc,0.5223000049591064
validate,Pneumothorax__Support Devices,Pneumothorax,Support Devices,relational_witness,relational_witness|r=0.02,0.02,,3,3,border_max_fraction,0.16500000655651093
test,Pneumothorax__Support Devices,Pneumothorax,Support Devices,relational_witness,relational_witness|r=0.02,0.02,,3,3,auroc,0.5076249837875366
test,Pneumothorax__Support Devices,Pneumothorax,Support Devices,relational_witness,relational_witness|r=0.02,0.02,,3,3,auprc,0.5289505124092102
test,Pneumothorax__Support Devices,Pneumothorax,Support Devices,relational_witness,relational_witness|r=0.02,0.02,,3,3,f1,0.6666666865348816
test,Pneumothorax__Support Devices,Pneumothorax,Support Devices,relational_witness,relational_witness|r=0.02,0.02,,3,3,brier,0.25010788440704346
test,Pneumothorax__Support Devices,Pneumothorax,Support Devices,relational_witness,relational_witness|r=0.02,0.02,,3,3,ece,0.01171875
test,Pneumothorax__Support Devices,Pneumothorax,Support Devices,relational_witness,relational_witness|r=0.02,0.02,,3,3,sms_raw_logit,0.1429443359375
test,Pneumothorax__Support Devices,Pneumothorax,Support Devices,relational_witness,relational_witness|r=0.02,0.02,,3,3,sms_fixed_reference,7.16903829574585
test,Pneumothorax__Support Devices,Pneumothorax,Support Devices,relational_witness,relational_witness|r=0.02,0.02,,3,3,ranking_disagreement,0.4914979934692383
test,Pneumothorax__Support Devices,Pneumothorax,Support Devices,relational_witness,relational_witness|r=0.02,0.02,,3,3,support_swap_flip_rate,0.0
test,Pneumothorax__Support Devices,Pneumothorax,Support Devices,relational_witness,relational_witness|r=0.02,0.02,,3,3,d0_auroc,0.5081999897956848
test,Pneumothorax__Support Devices,Pneumothorax,Support Devices,relational_witness,relational_witness|r=0.02,0.02,,3,3,d1_auroc,0.5059000253677368
test,Pneumothorax__Support Devices,Pneumothorax,Support Devices,relational_witness,relational_witness|r=0.02,0.02,,3,3,worst_nuisance_auroc,0.5059000253677368
test,Pneumothorax__Support Devices,Pneumothorax,Support Devices,relational_witness,relational_witness|r=0.02,0.02,,3,3,border_max_fraction,0.17000000178813934
validate,Pneumothorax__Support Devices,Pneumothorax,Support Devices,relational_witness,relational_witness|r=0.02,0.02,,3,4,auroc,0.5095750093460083
validate,Pneumothorax__Support Devices,Pneumothorax,Support Devices,relational_witness,relational_witness|r=0.02,0.02,,3,4,auprc,0.5311612486839294
validate,Pneumothorax__Support Devices,Pneumothorax,Support Devices,relational_witness,relational_witness|r=0.02,0.02,,3,4,f1,0.6666666865348816
validate,Pneumothorax__Support Devices,Pneumothorax,Support Devices,relational_witness,relational_witness|r=0.02,0.02,,3,4,brier,0.25010403990745544
validate,Pneumothorax__Support Devices,Pneumothorax,Support Devices,relational_witness,relational_witness|r=0.02,0.02,,3,4,ece,0.01171875
validate,Pneumothorax__Support Devices,Pneumothorax,Support Devices,relational_witness,relational_witness|r=0.02,0.02,,3,4,sms_raw_logit,0.1483154296875
validate,Pneumothorax__Support Devices,Pneumothorax,Support Devices,relational_witness,relational_witness|r=0.02,0.02,,3,4,sms_fixed_reference,8.391525268554688
validate,Pneumothorax__Support Devices,Pneumothorax,Support Devices,relational_witness,relational_witness|r=0.02,0.02,,3,4,ranking_disagreement,0.4861159920692444
validate,Pneumothorax__Support Devices,Pneumothorax,Support Devices,relational_witness,relational_witness|r=0.02,0.02,,3,4,support_swap_flip_rate,0.0
validate,Pneumothorax__Support Devices,Pneumothorax,Support Devices,relational_witness,relational_witness|r=0.02,0.02,,3,4,d0_auroc,0.4731000065803528
validate,Pneumothorax__Support Devices,Pneumothorax,Support Devices,relational_witness,relational_witness|r=0.02,0.02,,3,4,d1_auroc,0.5464000105857849
validate,Pneumothorax__Support Devices,Pneumothorax,Support Devices,relational_witness,relational_witness|r=0.02,0.02,,3,4,worst_nuisance_auroc,0.4731000065803528
validate,Pneumothorax__Support Devices,Pneumothorax,Support Devices,relational_witness,relational_witness|r=0.02,0.02,,3,4,border_max_fraction,0.16500000655651093
test,Pneumothorax__Support Devices,Pneumothorax,Support Devices,relational_witness,relational_witness|r=0.02,0.02,,3,4,auroc,0.48288750648498535
test,Pneumothorax__Support Devices,Pneumothorax,Support Devices,relational_witness,relational_witness|r=0.02,0.02,,3,4,auprc,0.49570178985595703
test,Pneumothorax__Support Devices,Pneumothorax,Support Devices,relational_witness,relational_witness|r=0.02,0.02,,3,4,f1,0.6666666865348816
test,Pneumothorax__Support Devices,Pneumothorax,Support Devices,relational_witness,relational_witness|r=0.02,0.02,,3,4,brier,0.250190407037735
test,Pneumothorax__Support Devices,Pneumothorax,Support Devices,relational_witness,relational_witness|r=0.02,0.02,,3,4,ece,0.01171875
test,Pneumothorax__Support Devices,Pneumothorax,Support Devices,relational_witness,relational_witness|r=0.02,0.02,,3,4,sms_raw_logit,0.1375732421875
test,Pneumothorax__Support Devices,Pneumothorax,Support Devices,relational_witness,relational_witness|r=0.02,0.02,,3,4,sms_fixed_reference,7.57462215423584
test,Pneumothorax__Support Devices,Pneumothorax,Support Devices,relational_witness,relational_witness|r=0.02,0.02,,3,4,ranking_disagreement,0.4823240041732788
test,Pneumothorax__Support Devices,Pneumothorax,Support Devices,relational_witness,relational_witness|r=0.02,0.02,,3,4,support_swap_flip_rate,0.0
test,Pneumothorax__Support Devices,Pneumothorax,Support Devices,relational_witness,relational_witness|r=0.02,0.02,,3,4,d0_auroc,0.4556500017642975
test,Pneumothorax__Support Devices,Pneumothorax,Support Devices,relational_witness,relational_witness|r=0.02,0.02,,3,4,d1_auroc,0.5091999769210815
test,Pneumothorax__Support Devices,Pneumothorax,Support Devices,relational_witness,relational_witness|r=0.02,0.02,,3,4,worst_nuisance_auroc,0.4556500017642975
test,Pneumothorax__Support Devices,Pneumothorax,Support Devices,relational_witness,relational_witness|r=0.02,0.02,,3,4,border_max_fraction,0.18000000715255737
validate,Pneumothorax__Support Devices,Pneumothorax,Support Devices,relational_witness,relational_witness|r=0.05,0.05,,3,0,auroc,0.49906250834465027
validate,Pneumothorax__Support Devices,Pneumothorax,Support Devices,relational_witness,relational_witness|r=0.05,0.05,,3,0,auprc,0.49082237482070923
validate,Pneumothorax__Support Devices,Pneumothorax,Support Devices,relational_witness,relational_witness|r=0.05,0.05,,3,0,f1,0.6666666865348816
validate,Pneumothorax__Support Devices,Pneumothorax,Support Devices,relational_witness,relational_witness|r=0.05,0.05,,3,0,brier,0.25011909008026123
validate,Pneumothorax__Support Devices,Pneumothorax,Support Devices,relational_witness,relational_witness|r=0.05,0.05,,3,0,ece,0.00927734375
validate,Pneumothorax__Support Devices,Pneumothorax,Support Devices,relational_witness,relational_witness|r=0.05,0.05,,3,0,sms_raw_logit,0.102783203125
validate,Pneumothorax__Support Devices,Pneumothorax,Support Devices,relational_witness,relational_witness|r=0.05,0.05,,3,0,sms_fixed_reference,5.612685680389404
validate,Pneumothorax__Support Devices,Pneumothorax,Support Devices,relational_witness,relational_witness|r=0.05,0.05,,3,0,ranking_disagreement,0.48201891779899597
validate,Pneumothorax__Support Devices,Pneumothorax,Support Devices,relational_witness,relational_witness|r=0.05,0.05,,3,0,support_swap_flip_rate,0.0
validate,Pneumothorax__Support Devices,Pneumothorax,Support Devices,relational_witness,relational_witness|r=0.05,0.05,,3,0,d0_auroc,0.4936999976634979
validate,Pneumothorax__Support Devices,Pneumothorax,Support Devices,relational_witness,relational_witness|r=0.05,0.05,,3,0,d1_auroc,0.5026999711990356
validate,Pneumothorax__Support Devices,Pneumothorax,Support Devices,relational_witness,relational_witness|r=0.05,0.05,,3,0,worst_nuisance_auroc,0.4936999976634979
validate,Pneumothorax__Support Devices,Pneumothorax,Support Devices,relational_witness,relational_witness|r=0.05,0.05,,3,0,border_max_fraction,0.32749998569488525
test,Pneumothorax__Support Devices,Pneumothorax,Support Devices,relational_witness,relational_witness|r=0.05,0.05,,3,0,auroc,0.5055249929428101
test,Pneumothorax__Support Devices,Pneumothorax,Support Devices,relational_witness,relational_witness|r=0.05,0.05,,3,0,auprc,0.510542094707489
test,Pneumothorax__Support Devices,Pneumothorax,Support Devices,relational_witness,relational_witness|r=0.05,0.05,,3,0,f1,0.6666666865348816
test,Pneumothorax__Support Devices,Pneumothorax,Support Devices,relational_witness,relational_witness|r=0.05,0.05,,3,0,brier,0.25008320808410645
test,Pneumothorax__Support Devices,Pneumothorax,Support Devices,relational_witness,relational_witness|r=0.05,0.05,,3,0,ece,0.009765625
test,Pneumothorax__Support Devices,Pneumothorax,Support Devices,relational_witness,relational_witness|r=0.05,0.05,,3,0,sms_raw_logit,0.09588623046875
test,Pneumothorax__Support Devices,Pneumothorax,Support Devices,relational_witness,relational_witness|r=0.05,0.05,,3,0,sms_fixed_reference,5.289931774139404
test,Pneumothorax__Support Devices,Pneumothorax,Support Devices,relational_witness,relational_witness|r=0.05,0.05,,3,0,ranking_disagreement,0.47064876556396484
test,Pneumothorax__Support Devices,Pneumothorax,Support Devices,relational_witness,relational_witness|r=0.05,0.05,,3,0,support_swap_flip_rate,0.0
test,Pneumothorax__Support Devices,Pneumothorax,Support Devices,relational_witness,relational_witness|r=0.05,0.05,,3,0,d0_auroc,0.5098000168800354
test,Pneumothorax__Support Devices,Pneumothorax,Support Devices,relational_witness,relational_witness|r=0.05,0.05,,3,0,d1_auroc,0.4937500059604645
test,Pneumothorax__Support Devices,Pneumothorax,Support Devices,relational_witness,relational_witness|r=0.05,0.05,,3,0,worst_nuisance_auroc,0.4937500059604645
test,Pneumothorax__Support Devices,Pneumothorax,Support Devices,relational_witness,relational_witness|r=0.05,0.05,,3,0,border_max_fraction,0.27000001072883606
validate,Pneumothorax__Support Devices,Pneumothorax,Support Devices,relational_witness,relational_witness|r=0.05,0.05,,3,1,auroc,0.5104125142097473
validate,Pneumothorax__Support Devices,Pneumothorax,Support Devices,relational_witness,relational_witness|r=0.05,0.05,,3,1,auprc,0.49878934025764465
validate,Pneumothorax__Support Devices,Pneumothorax,Support Devices,relational_witness,relational_witness|r=0.05,0.05,,3,1,f1,0.6666666865348816
validate,Pneumothorax__Support Devices,Pneumothorax,Support Devices,relational_witness,relational_witness|r=0.05,0.05,,3,1,brier,0.2500980496406555
validate,Pneumothorax__Support Devices,Pneumothorax,Support Devices,relational_witness,relational_witness|r=0.05,0.05,,3,1,ece,0.009765625
validate,Pneumothorax__Support Devices,Pneumothorax,Support Devices,relational_witness,relational_witness|r=0.05,0.05,,3,1,sms_raw_logit,0.10589599609375
validate,Pneumothorax__Support Devices,Pneumothorax,Support Devices,relational_witness,relational_witness|r=0.05,0.05,,3,1,sms_fixed_reference,5.604034900665283
validate,Pneumothorax__Support Devices,Pneumothorax,Support Devices,relational_witness,relational_witness|r=0.05,0.05,,3,1,ranking_disagreement,0.4829944670200348
validate,Pneumothorax__Support Devices,Pneumothorax,Support Devices,relational_witness,relational_witness|r=0.05,0.05,,3,1,support_swap_flip_rate,0.0
validate,Pneumothorax__Support Devices,Pneumothorax,Support Devices,relational_witness,relational_witness|r=0.05,0.05,,3,1,d0_auroc,0.4777500033378601
validate,Pneumothorax__Support Devices,Pneumothorax,Support Devices,relational_witness,relational_witness|r=0.05,0.05,,3,1,d1_auroc,0.5476999878883362
validate,Pneumothorax__Support Devices,Pneumothorax,Support Devices,relational_witness,relational_witness|r=0.05,0.05,,3,1,worst_nuisance_auroc,0.4777500033378601
validate,Pneumothorax__Support Devices,Pneumothorax,Support Devices,relational_witness,relational_witness|r=0.05,0.05,,3,1,border_max_fraction,0.4300000071525574
test,Pneumothorax__Support Devices,Pneumothorax,Support Devices,relational_witness,relational_witness|r=0.05,0.05,,3,1,auroc,0.5247625112533569
test,Pneumothorax__Support Devices,Pneumothorax,Support Devices,relational_witness,relational_witness|r=0.05,0.05,,3,1,auprc,0.5348275899887085
test,Pneumothorax__Support Devices,Pneumothorax,Support Devices,relational_witness,relational_witness|r=0.05,0.05,,3,1,f1,0.6666666865348816
test,Pneumothorax__Support Devices,Pneumothorax,Support Devices,relational_witness,relational_witness|r=0.05,0.05,,3,1,brier,0.2500169277191162
test,Pneumothorax__Support Devices,Pneumothorax,Support Devices,relational_witness,relational_witness|r=0.05,0.05,,3,1,ece,0.009765625
test,Pneumothorax__Support Devices,Pneumothorax,Support Devices,relational_witness,relational_witness|r=0.05,0.05,,3,1,sms_raw_logit,0.10516357421875
test,Pneumothorax__Support Devices,Pneumothorax,Support Devices,relational_witness,relational_witness|r=0.05,0.05,,3,1,sms_fixed_reference,5.5641984939575195
test,Pneumothorax__Support Devices,Pneumothorax,Support Devices,relational_witness,relational_witness|r=0.05,0.05,,3,1,ranking_disagreement,0.5189903378486633
test,Pneumothorax__Support Devices,Pneumothorax,Support Devices,relational_witness,relational_witness|r=0.05,0.05,,3,1,support_swap_flip_rate,0.0
test,Pneumothorax__Support Devices,Pneumothorax,Support Devices,relational_witness,relational_witness|r=0.05,0.05,,3,1,d0_auroc,0.5397499799728394
test,Pneumothorax__Support Devices,Pneumothorax,Support Devices,relational_witness,relational_witness|r=0.05,0.05,,3,1,d1_auroc,0.5092999935150146
test,Pneumothorax__Support Devices,Pneumothorax,Support Devices,relational_witness,relational_witness|r=0.05,0.05,,3,1,worst_nuisance_auroc,0.5092999935150146
test,Pneumothorax__Support Devices,Pneumothorax,Support Devices,relational_witness,relational_witness|r=0.05,0.05,,3,1,border_max_fraction,0.3174999952316284
validate,Pneumothorax__Support Devices,Pneumothorax,Support Devices,relational_witness,relational_witness|r=0.05,0.05,,3,2,auroc,0.5022125244140625
validate,Pneumothorax__Support Devices,Pneumothorax,Support Devices,relational_witness,relational_witness|r=0.05,0.05,,3,2,auprc,0.4938628077507019
validate,Pneumothorax__Support Devices,Pneumothorax,Support Devices,relational_witness,relational_witness|r=0.05,0.05,,3,2,f1,0.6666666865348816
validate,Pneumothorax__Support Devices,Pneumothorax,Support Devices,relational_witness,relational_witness|r=0.05,0.05,,3,2,brier,0.2501031160354614
validate,Pneumothorax__Support Devices,Pneumothorax,Support Devices,relational_witness,relational_witness|r=0.05,0.05,,3,2,ece,0.009765625
validate,Pneumothorax__Support Devices,Pneumothorax,Support Devices,relational_witness,relational_witness|r=0.05,0.05,,3,2,sms_raw_logit,0.101806640625
validate,Pneumothorax__Support Devices,Pneumothorax,Support Devices,relational_witness,relational_witness|r=0.05,0.05,,3,2,sms_fixed_reference,5.542677402496338
validate,Pneumothorax__Support Devices,Pneumothorax,Support Devices,relational_witness,relational_witness|r=0.05,0.05,,3,2,ranking_disagreement,0.4951607584953308
validate,Pneumothorax__Support Devices,Pneumothorax,Support Devices,relational_witness,relational_witness|r=0.05,0.05,,3,2,support_swap_flip_rate,0.0
validate,Pneumothorax__Support Devices,Pneumothorax,Support Devices,relational_witness,relational_witness|r=0.05,0.05,,3,2,d0_auroc,0.5101500153541565
validate,Pneumothorax__Support Devices,Pneumothorax,Support Devices,relational_witness,relational_witness|r=0.05,0.05,,3,2,d1_auroc,0.4941500127315521
validate,Pneumothorax__Support Devices,Pneumothorax,Support Devices,relational_witness,relational_witness|r=0.05,0.05,,3,2,worst_nuisance_auroc,0.4941500127315521
validate,Pneumothorax__Support Devices,Pneumothorax,Support Devices,relational_witness,relational_witness|r=0.05,0.05,,3,2,border_max_fraction,0.3075000047683716
test,Pneumothorax__Support Devices,Pneumothorax,Support Devices,relational_witness,relational_witness|r=0.05,0.05,,3,2,auroc,0.546500027179718
test,Pneumothorax__Support Devices,Pneumothorax,Support Devices,relational_witness,relational_witness|r=0.05,0.05,,3,2,auprc,0.5422622561454773
test,Pneumothorax__Support Devices,Pneumothorax,Support Devices,relational_witness,relational_witness|r=0.05,0.05,,3,2,f1,0.6666666865348816
test,Pneumothorax__Support Devices,Pneumothorax,Support Devices,relational_witness,relational_witness|r=0.05,0.05,,3,2,brier,0.2499135583639145
test,Pneumothorax__Support Devices,Pneumothorax,Support Devices,relational_witness,relational_witness|r=0.05,0.05,,3,2,ece,0.009765625
test,Pneumothorax__Support Devices,Pneumothorax,Support Devices,relational_witness,relational_witness|r=0.05,0.05,,3,2,sms_raw_logit,0.1094970703125
test,Pneumothorax__Support Devices,Pneumothorax,Support Devices,relational_witness,relational_witness|r=0.05,0.05,,3,2,sms_fixed_reference,5.56276273727417
test,Pneumothorax__Support Devices,Pneumothorax,Support Devices,relational_witness,relational_witness|r=0.05,0.05,,3,2,ranking_disagreement,0.5076571702957153
test,Pneumothorax__Support Devices,Pneumothorax,Support Devices,relational_witness,relational_witness|r=0.05,0.05,,3,2,support_swap_flip_rate,0.0
test,Pneumothorax__Support Devices,Pneumothorax,Support Devices,relational_witness,relational_witness|r=0.05,0.05,,3,2,d0_auroc,0.541949987411499
test,Pneumothorax__Support Devices,Pneumothorax,Support Devices,relational_witness,relational_witness|r=0.05,0.05,,3,2,d1_auroc,0.5504999756813049
test,Pneumothorax__Support Devices,Pneumothorax,Support Devices,relational_witness,relational_witness|r=0.05,0.05,,3,2,worst_nuisance_auroc,0.541949987411499
test,Pneumothorax__Support Devices,Pneumothorax,Support Devices,relational_witness,relational_witness|r=0.05,0.05,,3,2,border_max_fraction,0.27000001072883606
validate,Pneumothorax__Support Devices,Pneumothorax,Support Devices,relational_witness,relational_witness|r=0.05,0.05,,3,3,auroc,0.5483375191688538
validate,Pneumothorax__Support Devices,Pneumothorax,Support Devices,relational_witness,relational_witness|r=0.05,0.05,,3,3,auprc,0.5302181243896484
validate,Pneumothorax__Support Devices,Pneumothorax,Support Devices,relational_witness,relational_witness|r=0.05,0.05,,3,3,f1,0.6666666865348816
validate,Pneumothorax__Support Devices,Pneumothorax,Support Devices,relational_witness,relational_witness|r=0.05,0.05,,3,3,brier,0.24996714293956757
validate,Pneumothorax__Support Devices,Pneumothorax,Support Devices,relational_witness,relational_witness|r=0.05,0.05,,3,3,ece,0.00927734375
validate,Pneumothorax__Support Devices,Pneumothorax,Support Devices,relational_witness,relational_witness|r=0.05,0.05,,3,3,sms_raw_logit,0.100341796875
validate,Pneumothorax__Support Devices,Pneumothorax,Support Devices,relational_witness,relational_witness|r=0.05,0.05,,3,3,sms_fixed_reference,5.3461408615112305
validate,Pneumothorax__Support Devices,Pneumothorax,Support Devices,relational_witness,relational_witness|r=0.05,0.05,,3,3,ranking_disagreement,0.5056670308113098
validate,Pneumothorax__Support Devices,Pneumothorax,Support Devices,relational_witness,relational_witness|r=0.05,0.05,,3,3,support_swap_flip_rate,0.0
validate,Pneumothorax__Support Devices,Pneumothorax,Support Devices,relational_witness,relational_witness|r=0.05,0.05,,3,3,d0_auroc,0.5209500193595886
validate,Pneumothorax__Support Devices,Pneumothorax,Support Devices,relational_witness,relational_witness|r=0.05,0.05,,3,3,d1_auroc,0.5761500000953674
validate,Pneumothorax__Support Devices,Pneumothorax,Support Devices,relational_witness,relational_witness|r=0.05,0.05,,3,3,worst_nuisance_auroc,0.5209500193595886
validate,Pneumothorax__Support Devices,Pneumothorax,Support Devices,relational_witness,relational_witness|r=0.05,0.05,,3,3,border_max_fraction,0.2874999940395355
test,Pneumothorax__Support Devices,Pneumothorax,Support Devices,relational_witness,relational_witness|r=0.05,0.05,,3,3,auroc,0.5063124895095825
test,Pneumothorax__Support Devices,Pneumothorax,Support Devices,relational_witness,relational_witness|r=0.05,0.05,,3,3,auprc,0.5347193479537964
test,Pneumothorax__Support Devices,Pneumothorax,Support Devices,relational_witness,relational_witness|r=0.05,0.05,,3,3,f1,0.6666666865348816
test,Pneumothorax__Support Devices,Pneumothorax,Support Devices,relational_witness,relational_witness|r=0.05,0.05,,3,3,brier,0.25006547570228577
test,Pneumothorax__Support Devices,Pneumothorax,Support Devices,relational_witness,relational_witness|r=0.05,0.05,,3,3,ece,0.009765625
test,Pneumothorax__Support Devices,Pneumothorax,Support Devices,relational_witness,relational_witness|r=0.05,0.05,,3,3,sms_raw_logit,0.106201171875
test,Pneumothorax__Support Devices,Pneumothorax,Support Devices,relational_witness,relational_witness|r=0.05,0.05,,3,3,sms_fixed_reference,5.326271057128906
test,Pneumothorax__Support Devices,Pneumothorax,Support Devices,relational_witness,relational_witness|r=0.05,0.05,,3,3,ranking_disagreement,0.4981613755226135
test,Pneumothorax__Support Devices,Pneumothorax,Support Devices,relational_witness,relational_witness|r=0.05,0.05,,3,3,support_swap_flip_rate,0.0
test,Pneumothorax__Support Devices,Pneumothorax,Support Devices,relational_witness,relational_witness|r=0.05,0.05,,3,3,d0_auroc,0.49639999866485596
test,Pneumothorax__Support Devices,Pneumothorax,Support Devices,relational_witness,relational_witness|r=0.05,0.05,,3,3,d1_auroc,0.5130000114440918
test,Pneumothorax__Support Devices,Pneumothorax,Support Devices,relational_witness,relational_witness|r=0.05,0.05,,3,3,worst_nuisance_auroc,0.49639999866485596
test,Pneumothorax__Support Devices,Pneumothorax,Support Devices,relational_witness,relational_witness|r=0.05,0.05,,3,3,border_max_fraction,0.36000001430511475
validate,Pneumothorax__Support Devices,Pneumothorax,Support Devices,relational_witness,relational_witness|r=0.05,0.05,,3,4,auroc,0.4978500008583069
validate,Pneumothorax__Support Devices,Pneumothorax,Support Devices,relational_witness,relational_witness|r=0.05,0.05,,3,4,auprc,0.5135772228240967
validate,Pneumothorax__Support Devices,Pneumothorax,Support Devices,relational_witness,relational_witness|r=0.05,0.05,,3,4,f1,0.6677796244621277
validate,Pneumothorax__Support Devices,Pneumothorax,Support Devices,relational_witness,relational_witness|r=0.05,0.05,,3,4,brier,0.25008732080459595
validate,Pneumothorax__Support Devices,Pneumothorax,Support Devices,relational_witness,relational_witness|r=0.05,0.05,,3,4,ece,0.009765625
validate,Pneumothorax__Support Devices,Pneumothorax,Support Devices,relational_witness,relational_witness|r=0.05,0.05,,3,4,sms_raw_logit,0.1036376953125
validate,Pneumothorax__Support Devices,Pneumothorax,Support Devices,relational_witness,relational_witness|r=0.05,0.05,,3,4,sms_fixed_reference,5.863707542419434
validate,Pneumothorax__Support Devices,Pneumothorax,Support Devices,relational_witness,relational_witness|r=0.05,0.05,,3,4,ranking_disagreement,0.47242236137390137
validate,Pneumothorax__Support Devices,Pneumothorax,Support Devices,relational_witness,relational_witness|r=0.05,0.05,,3,4,support_swap_flip_rate,0.0
validate,Pneumothorax__Support Devices,Pneumothorax,Support Devices,relational_witness,relational_witness|r=0.05,0.05,,3,4,d0_auroc,0.44209998846054077
validate,Pneumothorax__Support Devices,Pneumothorax,Support Devices,relational_witness,relational_witness|r=0.05,0.05,,3,4,d1_auroc,0.5546000003814697
validate,Pneumothorax__Support Devices,Pneumothorax,Support Devices,relational_witness,relational_witness|r=0.05,0.05,,3,4,worst_nuisance_auroc,0.44209998846054077
validate,Pneumothorax__Support Devices,Pneumothorax,Support Devices,relational_witness,relational_witness|r=0.05,0.05,,3,4,border_max_fraction,0.3449999988079071
test,Pneumothorax__Support Devices,Pneumothorax,Support Devices,relational_witness,relational_witness|r=0.05,0.05,,3,4,auroc,0.4950374960899353
test,Pneumothorax__Support Devices,Pneumothorax,Support Devices,relational_witness,relational_witness|r=0.05,0.05,,3,4,auprc,0.5002316236495972
test,Pneumothorax__Support Devices,Pneumothorax,Support Devices,relational_witness,relational_witness|r=0.05,0.05,,3,4,f1,0.6666666865348816
test,Pneumothorax__Support Devices,Pneumothorax,Support Devices,relational_witness,relational_witness|r=0.05,0.05,,3,4,brier,0.2500842213630676
test,Pneumothorax__Support Devices,Pneumothorax,Support Devices,relational_witness,relational_witness|r=0.05,0.05,,3,4,ece,0.009765625
test,Pneumothorax__Support Devices,Pneumothorax,Support Devices,relational_witness,relational_witness|r=0.05,0.05,,3,4,sms_raw_logit,0.10711669921875
test,Pneumothorax__Support Devices,Pneumothorax,Support Devices,relational_witness,relational_witness|r=0.05,0.05,,3,4,sms_fixed_reference,5.8977203369140625
test,Pneumothorax__Support Devices,Pneumothorax,Support Devices,relational_witness,relational_witness|r=0.05,0.05,,3,4,ranking_disagreement,0.4875701069831848
test,Pneumothorax__Support Devices,Pneumothorax,Support Devices,relational_witness,relational_witness|r=0.05,0.05,,3,4,support_swap_flip_rate,0.0
test,Pneumothorax__Support Devices,Pneumothorax,Support Devices,relational_witness,relational_witness|r=0.05,0.05,,3,4,d0_auroc,0.4783500134944916
test,Pneumothorax__Support Devices,Pneumothorax,Support Devices,relational_witness,relational_witness|r=0.05,0.05,,3,4,d1_auroc,0.5114499926567078
test,Pneumothorax__Support Devices,Pneumothorax,Support Devices,relational_witness,relational_witness|r=0.05,0.05,,3,4,worst_nuisance_auroc,0.4783500134944916
test,Pneumothorax__Support Devices,Pneumothorax,Support Devices,relational_witness,relational_witness|r=0.05,0.05,,3,4,border_max_fraction,0.38749998807907104
validate,Pneumothorax__Support Devices,Pneumothorax,Support Devices,relational_witness,relational_witness|r=0.1,0.1,,3,0,auroc,0.5083500146865845
validate,Pneumothorax__Support Devices,Pneumothorax,Support Devices,relational_witness,relational_witness|r=0.1,0.1,,3,0,auprc,0.5040210485458374
validate,Pneumothorax__Support Devices,Pneumothorax,Support Devices,relational_witness,relational_witness|r=0.1,0.1,,3,0,f1,0.6666666865348816
validate,Pneumothorax__Support Devices,Pneumothorax,Support Devices,relational_witness,relational_witness|r=0.1,0.1,,3,0,brier,0.25004273653030396
validate,Pneumothorax__Support Devices,Pneumothorax,Support Devices,relational_witness,relational_witness|r=0.1,0.1,,3,0,ece,0.00732421875
validate,Pneumothorax__Support Devices,Pneumothorax,Support Devices,relational_witness,relational_witness|r=0.1,0.1,,3,0,sms_raw_logit,0.0836181640625
validate,Pneumothorax__Support Devices,Pneumothorax,Support Devices,relational_witness,relational_witness|r=0.1,0.1,,3,0,sms_fixed_reference,4.5661396980285645
validate,Pneumothorax__Support Devices,Pneumothorax,Support Devices,relational_witness,relational_witness|r=0.1,0.1,,3,0,ranking_disagreement,0.4892839789390564
validate,Pneumothorax__Support Devices,Pneumothorax,Support Devices,relational_witness,relational_witness|r=0.1,0.1,,3,0,support_swap_flip_rate,0.0
validate,Pneumothorax__Support Devices,Pneumothorax,Support Devices,relational_witness,relational_witness|r=0.1,0.1,,3,0,d0_auroc,0.5083000063896179
validate,Pneumothorax__Support Devices,Pneumothorax,Support Devices,relational_witness,relational_witness|r=0.1,0.1,,3,0,d1_auroc,0.5083000063896179
validate,Pneumothorax__Support Devices,Pneumothorax,Support Devices,relational_witness,relational_witness|r=0.1,0.1,,3,0,worst_nuisance_auroc,0.5083000063896179
validate,Pneumothorax__Support Devices,Pneumothorax,Support Devices,relational_witness,relational_witness|r=0.1,0.1,,3,0,border_max_fraction,0.29499998688697815
test,Pneumothorax__Support Devices,Pneumothorax,Support Devices,relational_witness,relational_witness|r=0.1,0.1,,3,0,auroc,0.4860999882221222
test,Pneumothorax__Support Devices,Pneumothorax,Support Devices,relational_witness,relational_witness|r=0.1,0.1,,3,0,auprc,0.4910818934440613
test,Pneumothorax__Support Devices,Pneumothorax,Support Devices,relational_witness,relational_witness|r=0.1,0.1,,3,0,f1,0.6666666865348816
test,Pneumothorax__Support Devices,Pneumothorax,Support Devices,relational_witness,relational_witness|r=0.1,0.1,,3,0,brier,0.250108927488327
test,Pneumothorax__Support Devices,Pneumothorax,Support Devices,relational_witness,relational_witness|r=0.1,0.1,,3,0,ece,0.00732421875
test,Pneumothorax__Support Devices,Pneumothorax,Support Devices,relational_witness,relational_witness|r=0.1,0.1,,3,0,sms_raw_logit,0.08099365234375
test,Pneumothorax__Support Devices,Pneumothorax,Support Devices,relational_witness,relational_witness|r=0.1,0.1,,3,0,sms_fixed_reference,4.468325614929199
test,Pneumothorax__Support Devices,Pneumothorax,Support Devices,relational_witness,relational_witness|r=0.1,0.1,,3,0,ranking_disagreement,0.4788748323917389
test,Pneumothorax__Support Devices,Pneumothorax,Support Devices,relational_witness,relational_witness|r=0.1,0.1,,3,0,support_swap_flip_rate,0.0
test,Pneumothorax__Support Devices,Pneumothorax,Support Devices,relational_witness,relational_witness|r=0.1,0.1,,3,0,d0_auroc,0.5
test,Pneumothorax__Support Devices,Pneumothorax,Support Devices,relational_witness,relational_witness|r=0.1,0.1,,3,0,d1_auroc,0.4700999855995178
test,Pneumothorax__Support Devices,Pneumothorax,Support Devices,relational_witness,relational_witness|r=0.1,0.1,,3,0,worst_nuisance_auroc,0.4700999855995178
test,Pneumothorax__Support Devices,Pneumothorax,Support Devices,relational_witness,relational_witness|r=0.1,0.1,,3,0,border_max_fraction,0.2524999976158142
validate,Pneumothorax__Support Devices,Pneumothorax,Support Devices,relational_witness,relational_witness|r=0.1,0.1,,3,1,auroc,0.502037525177002
validate,Pneumothorax__Support Devices,Pneumothorax,Support Devices,relational_witness,relational_witness|r=0.1,0.1,,3,1,auprc,0.5009651184082031
validate,Pneumothorax__Support Devices,Pneumothorax,Support Devices,relational_witness,relational_witness|r=0.1,0.1,,3,1,f1,0.6666666865348816
validate,Pneumothorax__Support Devices,Pneumothorax,Support Devices,relational_witness,relational_witness|r=0.1,0.1,,3,1,brier,0.25004687905311584
validate,Pneumothorax__Support Devices,Pneumothorax,Support Devices,relational_witness,relational_witness|r=0.1,0.1,,3,1,ece,0.00732421875
validate,Pneumothorax__Support Devices,Pneumothorax,Support Devices,relational_witness,relational_witness|r=0.1,0.1,,3,1,sms_raw_logit,0.092041015625
validate,Pneumothorax__Support Devices,Pneumothorax,Support Devices,relational_witness,relational_witness|r=0.1,0.1,,3,1,sms_fixed_reference,4.870826721191406
validate,Pneumothorax__Support Devices,Pneumothorax,Support Devices,relational_witness,relational_witness|r=0.1,0.1,,3,1,ranking_disagreement,0.496277779340744
validate,Pneumothorax__Support Devices,Pneumothorax,Support Devices,relational_witness,relational_witness|r=0.1,0.1,,3,1,support_swap_flip_rate,0.0
validate,Pneumothorax__Support Devices,Pneumothorax,Support Devices,relational_witness,relational_witness|r=0.1,0.1,,3,1,d0_auroc,0.47600001096725464
validate,Pneumothorax__Support Devices,Pneumothorax,Support Devices,relational_witness,relational_witness|r=0.1,0.1,,3,1,d1_auroc,0.5289999842643738
validate,Pneumothorax__Support Devices,Pneumothorax,Support Devices,relational_witness,relational_witness|r=0.1,0.1,,3,1,worst_nuisance_auroc,0.47600001096725464
validate,Pneumothorax__Support Devices,Pneumothorax,Support Devices,relational_witness,relational_witness|r=0.1,0.1,,3,1,border_max_fraction,0.3199999928474426
test,Pneumothorax__Support Devices,Pneumothorax,Support Devices,relational_witness,relational_witness|r=0.1,0.1,,3,1,auroc,0.5136625170707703
test,Pneumothorax__Support Devices,Pneumothorax,Support Devices,relational_witness,relational_witness|r=0.1,0.1,,3,1,auprc,0.5392905473709106
test,Pneumothorax__Support Devices,Pneumothorax,Support Devices,relational_witness,relational_witness|r=0.1,0.1,,3,1,f1,0.6666666865348816
test,Pneumothorax__Support Devices,Pneumothorax,Support Devices,relational_witness,relational_witness|r=0.1,0.1,,3,1,brier,0.24998237192630768
test,Pneumothorax__Support Devices,Pneumothorax,Support Devices,relational_witness,relational_witness|r=0.1,0.1,,3,1,ece,0.00732421875
test,Pneumothorax__Support Devices,Pneumothorax,Support Devices,relational_witness,relational_witness|r=0.1,0.1,,3,1,sms_raw_logit,0.086669921875
test,Pneumothorax__Support Devices,Pneumothorax,Support Devices,relational_witness,relational_witness|r=0.1,0.1,,3,1,sms_fixed_reference,4.585700511932373
test,Pneumothorax__Support Devices,Pneumothorax,Support Devices,relational_witness,relational_witness|r=0.1,0.1,,3,1,ranking_disagreement,0.4751892387866974
test,Pneumothorax__Support Devices,Pneumothorax,Support Devices,relational_witness,relational_witness|r=0.1,0.1,,3,1,support_swap_flip_rate,0.0
test,Pneumothorax__Support Devices,Pneumothorax,Support Devices,relational_witness,relational_witness|r=0.1,0.1,,3,1,d0_auroc,0.527649998664856
test,Pneumothorax__Support Devices,Pneumothorax,Support Devices,relational_witness,relational_witness|r=0.1,0.1,,3,1,d1_auroc,0.49935001134872437
test,Pneumothorax__Support Devices,Pneumothorax,Support Devices,relational_witness,relational_witness|r=0.1,0.1,,3,1,worst_nuisance_auroc,0.49935001134872437
test,Pneumothorax__Support Devices,Pneumothorax,Support Devices,relational_witness,relational_witness|r=0.1,0.1,,3,1,border_max_fraction,0.2775000035762787
validate,Pneumothorax__Support Devices,Pneumothorax,Support Devices,relational_witness,relational_witness|r=0.1,0.1,,3,2,auroc,0.524399995803833
validate,Pneumothorax__Support Devices,Pneumothorax,Support Devices,relational_witness,relational_witness|r=0.1,0.1,,3,2,auprc,0.5055174231529236
validate,Pneumothorax__Support Devices,Pneumothorax,Support Devices,relational_witness,relational_witness|r=0.1,0.1,,3,2,f1,0.6666666865348816
validate,Pneumothorax__Support Devices,Pneumothorax,Support Devices,relational_witness,relational_witness|r=0.1,0.1,,3,2,brier,0.2500317096710205
validate,Pneumothorax__Support Devices,Pneumothorax,Support Devices,relational_witness,relational_witness|r=0.1,0.1,,3,2,ece,0.00732421875
validate,Pneumothorax__Support Devices,Pneumothorax,Support Devices,relational_witness,relational_witness|r=0.1,0.1,,3,2,sms_raw_logit,0.08062744140625
validate,Pneumothorax__Support Devices,Pneumothorax,Support Devices,relational_witness,relational_witness|r=0.1,0.1,,3,2,sms_fixed_reference,4.389614582061768
validate,Pneumothorax__Support Devices,Pneumothorax,Support Devices,relational_witness,relational_witness|r=0.1,0.1,,3,2,ranking_disagreement,0.4823773205280304
validate,Pneumothorax__Support Devices,Pneumothorax,Support Devices,relational_witness,relational_witness|r=0.1,0.1,,3,2,support_swap_flip_rate,0.0
validate,Pneumothorax__Support Devices,Pneumothorax,Support Devices,relational_witness,relational_witness|r=0.1,0.1,,3,2,d0_auroc,0.5533000230789185
validate,Pneumothorax__Support Devices,Pneumothorax,Support Devices,relational_witness,relational_witness|r=0.1,0.1,,3,2,d1_auroc,0.49950000643730164
validate,Pneumothorax__Support Devices,Pneumothorax,Support Devices,relational_witness,relational_witness|r=0.1,0.1,,3,2,worst_nuisance_auroc,0.49950000643730164
validate,Pneumothorax__Support Devices,Pneumothorax,Support Devices,relational_witness,relational_witness|r=0.1,0.1,,3,2,border_max_fraction,0.27000001072883606
test,Pneumothorax__Support Devices,Pneumothorax,Support Devices,relational_witness,relational_witness|r=0.1,0.1,,3,2,auroc,0.5580250024795532
test,Pneumothorax__Support Devices,Pneumothorax,Support Devices,relational_witness,relational_witness|r=0.1,0.1,,3,2,auprc,0.54841548204422
test,Pneumothorax__Support Devices,Pneumothorax,Support Devices,relational_witness,relational_witness|r=0.1,0.1,,3,2,f1,0.6666666865348816
test,Pneumothorax__Support Devices,Pneumothorax,Support Devices,relational_witness,relational_witness|r=0.1,0.1,,3,2,brier,0.24987901747226715
test,Pneumothorax__Support Devices,Pneumothorax,Support Devices,relational_witness,relational_witness|r=0.1,0.1,,3,2,ece,0.00732421875
test,Pneumothorax__Support Devices,Pneumothorax,Support Devices,relational_witness,relational_witness|r=0.1,0.1,,3,2,sms_raw_logit,0.092529296875
test,Pneumothorax__Support Devices,Pneumothorax,Support Devices,relational_witness,relational_witness|r=0.1,0.1,,3,2,sms_fixed_reference,4.700751781463623
test,Pneumothorax__Support Devices,Pneumothorax,Support Devices,relational_witness,relational_witness|r=0.1,0.1,,3,2,ranking_disagreement,0.4971698224544525
test,Pneumothorax__Support Devices,Pneumothorax,Support Devices,relational_witness,relational_witness|r=0.1,0.1,,3,2,support_swap_flip_rate,0.0
test,Pneumothorax__Support Devices,Pneumothorax,Support Devices,relational_witness,relational_witness|r=0.1,0.1,,3,2,d0_auroc,0.5684499740600586
test,Pneumothorax__Support Devices,Pneumothorax,Support Devices,relational_witness,relational_witness|r=0.1,0.1,,3,2,d1_auroc,0.5473999977111816
test,Pneumothorax__Support Devices,Pneumothorax,Support Devices,relational_witness,relational_witness|r=0.1,0.1,,3,2,worst_nuisance_auroc,0.5473999977111816
test,Pneumothorax__Support Devices,Pneumothorax,Support Devices,relational_witness,relational_witness|r=0.1,0.1,,3,2,border_max_fraction,0.17249999940395355
validate,Pneumothorax__Support Devices,Pneumothorax,Support Devices,relational_witness,relational_witness|r=0.1,0.1,,3,3,auroc,0.5442500114440918
validate,Pneumothorax__Support Devices,Pneumothorax,Support Devices,relational_witness,relational_witness|r=0.1,0.1,,3,3,auprc,0.5404739379882812
validate,Pneumothorax__Support Devices,Pneumothorax,Support Devices,relational_witness,relational_witness|r=0.1,0.1,,3,3,f1,0.6666666865348816
validate,Pneumothorax__Support Devices,Pneumothorax,Support Devices,relational_witness,relational_witness|r=0.1,0.1,,3,3,brier,0.2499571293592453
validate,Pneumothorax__Support Devices,Pneumothorax,Support Devices,relational_witness,relational_witness|r=0.1,0.1,,3,3,ece,0.00732421875
validate,Pneumothorax__Support Devices,Pneumothorax,Support Devices,relational_witness,relational_witness|r=0.1,0.1,,3,3,sms_raw_logit,0.08099365234375
validate,Pneumothorax__Support Devices,Pneumothorax,Support Devices,relational_witness,relational_witness|r=0.1,0.1,,3,3,sms_fixed_reference,4.3152852058410645
validate,Pneumothorax__Support Devices,Pneumothorax,Support Devices,relational_witness,relational_witness|r=0.1,0.1,,3,3,ranking_disagreement,0.49284827709198
validate,Pneumothorax__Support Devices,Pneumothorax,Support Devices,relational_witness,relational_witness|r=0.1,0.1,,3,3,support_swap_flip_rate,0.0
validate,Pneumothorax__Support Devices,Pneumothorax,Support Devices,relational_witness,relational_witness|r=0.1,0.1,,3,3,d0_auroc,0.5367500185966492
validate,Pneumothorax__Support Devices,Pneumothorax,Support Devices,relational_witness,relational_witness|r=0.1,0.1,,3,3,d1_auroc,0.5515999794006348
validate,Pneumothorax__Support Devices,Pneumothorax,Support Devices,relational_witness,relational_witness|r=0.1,0.1,,3,3,worst_nuisance_auroc,0.5367500185966492
validate,Pneumothorax__Support Devices,Pneumothorax,Support Devices,relational_witness,relational_witness|r=0.1,0.1,,3,3,border_max_fraction,0.23499999940395355
test,Pneumothorax__Support Devices,Pneumothorax,Support Devices,relational_witness,relational_witness|r=0.1,0.1,,3,3,auroc,0.5316374897956848
test,Pneumothorax__Support Devices,Pneumothorax,Support Devices,relational_witness,relational_witness|r=0.1,0.1,,3,3,auprc,0.5413342714309692
test,Pneumothorax__Support Devices,Pneumothorax,Support Devices,relational_witness,relational_witness|r=0.1,0.1,,3,3,f1,0.6666666865348816
test,Pneumothorax__Support Devices,Pneumothorax,Support Devices,relational_witness,relational_witness|r=0.1,0.1,,3,3,brier,0.24995118379592896
test,Pneumothorax__Support Devices,Pneumothorax,Support Devices,relational_witness,relational_witness|r=0.1,0.1,,3,3,ece,0.0078125
test,Pneumothorax__Support Devices,Pneumothorax,Support Devices,relational_witness,relational_witness|r=0.1,0.1,,3,3,sms_raw_logit,0.0902099609375
test,Pneumothorax__Support Devices,Pneumothorax,Support Devices,relational_witness,relational_witness|r=0.1,0.1,,3,3,sms_fixed_reference,4.524269104003906
test,Pneumothorax__Support Devices,Pneumothorax,Support Devices,relational_witness,relational_witness|r=0.1,0.1,,3,3,ranking_disagreement,0.498487651348114
test,Pneumothorax__Support Devices,Pneumothorax,Support Devices,relational_witness,relational_witness|r=0.1,0.1,,3,3,support_swap_flip_rate,0.0
test,Pneumothorax__Support Devices,Pneumothorax,Support Devices,relational_witness,relational_witness|r=0.1,0.1,,3,3,d0_auroc,0.5080999732017517
test,Pneumothorax__Support Devices,Pneumothorax,Support Devices,relational_witness,relational_witness|r=0.1,0.1,,3,3,d1_auroc,0.557699978351593
test,Pneumothorax__Support Devices,Pneumothorax,Support Devices,relational_witness,relational_witness|r=0.1,0.1,,3,3,worst_nuisance_auroc,0.5080999732017517
test,Pneumothorax__Support Devices,Pneumothorax,Support Devices,relational_witness,relational_witness|r=0.1,0.1,,3,3,border_max_fraction,0.2574999928474426
validate,Pneumothorax__Support Devices,Pneumothorax,Support Devices,relational_witness,relational_witness|r=0.1,0.1,,3,4,auroc,0.5206124782562256
validate,Pneumothorax__Support Devices,Pneumothorax,Support Devices,relational_witness,relational_witness|r=0.1,0.1,,3,4,auprc,0.5188515782356262
validate,Pneumothorax__Support Devices,Pneumothorax,Support Devices,relational_witness,relational_witness|r=0.1,0.1,,3,4,f1,0.6666666865348816
validate,Pneumothorax__Support Devices,Pneumothorax,Support Devices,relational_witness,relational_witness|r=0.1,0.1,,3,4,brier,0.24999815225601196
validate,Pneumothorax__Support Devices,Pneumothorax,Support Devices,relational_witness,relational_witness|r=0.1,0.1,,3,4,ece,0.0078125
validate,Pneumothorax__Support Devices,Pneumothorax,Support Devices,relational_witness,relational_witness|r=0.1,0.1,,3,4,sms_raw_logit,0.08026123046875
validate,Pneumothorax__Support Devices,Pneumothorax,Support Devices,relational_witness,relational_witness|r=0.1,0.1,,3,4,sms_fixed_reference,4.541092872619629
validate,Pneumothorax__Support Devices,Pneumothorax,Support Devices,relational_witness,relational_witness|r=0.1,0.1,,3,4,ranking_disagreement,0.4541608691215515
validate,Pneumothorax__Support Devices,Pneumothorax,Support Devices,relational_witness,relational_witness|r=0.1,0.1,,3,4,support_swap_flip_rate,0.0
validate,Pneumothorax__Support Devices,Pneumothorax,Support Devices,relational_witness,relational_witness|r=0.1,0.1,,3,4,d0_auroc,0.4848499894142151
validate,Pneumothorax__Support Devices,Pneumothorax,Support Devices,relational_witness,relational_witness|r=0.1,0.1,,3,4,d1_auroc,0.5549499988555908
validate,Pneumothorax__Support Devices,Pneumothorax,Support Devices,relational_witness,relational_witness|r=0.1,0.1,,3,4,worst_nuisance_auroc,0.4848499894142151
validate,Pneumothorax__Support Devices,Pneumothorax,Support Devices,relational_witness,relational_witness|r=0.1,0.1,,3,4,border_max_fraction,0.28999999165534973
test,Pneumothorax__Support Devices,Pneumothorax,Support Devices,relational_witness,relational_witness|r=0.1,0.1,,3,4,auroc,0.49230000376701355
test,Pneumothorax__Support Devices,Pneumothorax,Support Devices,relational_witness,relational_witness|r=0.1,0.1,,3,4,auprc,0.494118332862854
test,Pneumothorax__Support Devices,Pneumothorax,Support Devices,relational_witness,relational_witness|r=0.1,0.1,,3,4,f1,0.6666666865348816
test,Pneumothorax__Support Devices,Pneumothorax,Support Devices,relational_witness,relational_witness|r=0.1,0.1,,3,4,brier,0.2500632107257843
test,Pneumothorax__Support Devices,Pneumothorax,Support Devices,relational_witness,relational_witness|r=0.1,0.1,,3,4,ece,0.00732421875
test,Pneumothorax__Support Devices,Pneumothorax,Support Devices,relational_witness,relational_witness|r=0.1,0.1,,3,4,sms_raw_logit,0.08697509765625
test,Pneumothorax__Support Devices,Pneumothorax,Support Devices,relational_witness,relational_witness|r=0.1,0.1,,3,4,sms_fixed_reference,4.788747310638428
test,Pneumothorax__Support Devices,Pneumothorax,Support Devices,relational_witness,relational_witness|r=0.1,0.1,,3,4,ranking_disagreement,0.4789775609970093
test,Pneumothorax__Support Devices,Pneumothorax,Support Devices,relational_witness,relational_witness|r=0.1,0.1,,3,4,support_swap_flip_rate,0.0
test,Pneumothorax__Support Devices,Pneumothorax,Support Devices,relational_witness,relational_witness|r=0.1,0.1,,3,4,d0_auroc,0.4889500141143799
test,Pneumothorax__Support Devices,Pneumothorax,Support Devices,relational_witness,relational_witness|r=0.1,0.1,,3,4,d1_auroc,0.4999000132083893
test,Pneumothorax__Support Devices,Pneumothorax,Support Devices,relational_witness,relational_witness|r=0.1,0.1,,3,4,worst_nuisance_auroc,0.4889500141143799
test,Pneumothorax__Support Devices,Pneumothorax,Support Devices,relational_witness,relational_witness|r=0.1,0.1,,3,4,border_max_fraction,0.1899999976158142
