pair,target,confounder,method,rho,shot,metric,n_seeds,mean,std,ci95_low,ci95_high
Pneumothorax__Support Devices,Pneumothorax,Support Devices,binary_protonet_random,,1,auroc,5,0.5130975067615509,0.015165105883481694,0.4998047053661036,0.526390308156998
Pneumothorax__Support Devices,Pneumothorax,Support Devices,binary_protonet_random,,1,auprc,5,0.512062931060791,0.01896877230725391,0.4954360690439268,0.5286897930776553
Pneumothorax__Support Devices,Pneumothorax,Support Devices,binary_protonet_random,,1,f1,5,0.6666666865348816,0.0,0.6666666865348816,0.6666666865348816
Pneumothorax__Support Devices,Pneumothorax,Support Devices,binary_protonet_random,,1,brier,5,0.24984644651412963,0.0003155027505230221,0.24956989616000463,0.2501229968682546
Pneumothorax__Support Devices,Pneumothorax,Support Devices,binary_protonet_random,,1,ece,5,0.004681844636797905,0.006425328571927889,-0.0009502041773262375,0.010313893450922047
Pneumothorax__Support Devices,Pneumothorax,Support Devices,binary_protonet_random,,1,sms_raw_logit,5,0.041679193079471585,0.0016775251799505298,0.0402087774276275,0.043149608731315674
Pneumothorax__Support Devices,Pneumothorax,Support Devices,binary_protonet_random,,1,sms_fixed_reference,5,1.0873328924179078,0.01705954388704686,1.0723795428976493,1.1022862419381663
Pneumothorax__Support Devices,Pneumothorax,Support Devices,binary_protonet_random,,1,ranking_disagreement,5,0.5131553769111633,0.008351280710608328,0.505835156614867,0.5204755972074596
Pneumothorax__Support Devices,Pneumothorax,Support Devices,binary_protonet_random,,1,support_swap_flip_rate,5,0.010000000149011612,0.02236068010819799,-0.009600000143051146,0.029600000441074373
Pneumothorax__Support Devices,Pneumothorax,Support Devices,binary_protonet_random,,1,d0_auroc,5,0.5151399910449982,0.0341684454540222,0.4851900280904888,0.5450899539995077
Pneumothorax__Support Devices,Pneumothorax,Support Devices,binary_protonet_random,,1,d1_auroc,5,0.5100199937820434,0.03038695101237418,0.48338465684973453,0.5366553307143523
Pneumothorax__Support Devices,Pneumothorax,Support Devices,binary_protonet_random,,1,worst_nuisance_auroc,5,0.48931999802589415,0.02506974605769226,0.4673453967313405,0.5112945993204479
Pneumothorax__Support Devices,Pneumothorax,Support Devices,binary_protonet_random,,3,auroc,5,0.5288550019264221,0.019326536819708237,0.5119145454878021,0.5457954583650421
Pneumothorax__Support Devices,Pneumothorax,Support Devices,binary_protonet_random,,3,auprc,5,0.5285218715667724,0.02319861082749623,0.5081873926155855,0.5488563505179593
Pneumothorax__Support Devices,Pneumothorax,Support Devices,binary_protonet_random,,3,f1,5,0.6666674256324768,0.0015752809350431103,0.6652866310127459,0.6680482202522078
Pneumothorax__Support Devices,Pneumothorax,Support Devices,binary_protonet_random,,3,brier,5,0.24974828064441681,0.0009456026604684664,0.24891942336764006,0.25057713792119357
Pneumothorax__Support Devices,Pneumothorax,Support Devices,binary_protonet_random,,3,ece,5,0.018668543361127377,0.015625919603954996,0.004971820930534512,0.03236526579172024
Pneumothorax__Support Devices,Pneumothorax,Support Devices,binary_protonet_random,,3,sms_raw_logit,5,0.02336103618144989,0.0013483115677665536,0.022179188983862765,0.02454288337903702
Pneumothorax__Support Devices,Pneumothorax,Support Devices,binary_protonet_random,,3,sms_fixed_reference,5,1.1132306814193726,0.04719152708303885,1.0718654841116513,1.154595878727094
Pneumothorax__Support Devices,Pneumothorax,Support Devices,binary_protonet_random,,3,ranking_disagreement,5,0.5015739321708679,0.022048988322189683,0.4822471417752499,0.5209007225664858
Pneumothorax__Support Devices,Pneumothorax,Support Devices,binary_protonet_random,,3,support_swap_flip_rate,5,0.02850000113248825,0.039115215985514866,-0.005785997371605237,0.06278599963658174
Pneumothorax__Support Devices,Pneumothorax,Support Devices,binary_protonet_random,,3,d0_auroc,5,0.542739999294281,0.016717909202818976,0.5280861057779653,0.5573938928105966
Pneumothorax__Support Devices,Pneumothorax,Support Devices,binary_protonet_random,,3,d1_auroc,5,0.5148599922657013,0.03617821480461853,0.48314838880347655,0.5465715957279261
Pneumothorax__Support Devices,Pneumothorax,Support Devices,binary_protonet_random,,3,worst_nuisance_auroc,5,0.5097399890422821,0.027586642409488365,0.48555923082443303,0.5339207472601312
Pneumothorax__Support Devices,Pneumothorax,Support Devices,binary_protonet_random,,5,auroc,5,0.541745001077652,0.027759838817815893,0.5174124295143511,0.5660775726409529
Pneumothorax__Support Devices,Pneumothorax,Support Devices,binary_protonet_random,,5,auprc,5,0.5287289619445801,0.02694835080701284,0.5051076909844712,0.552350232904689
Pneumothorax__Support Devices,Pneumothorax,Support Devices,binary_protonet_random,,5,f1,5,0.6666666865348816,0.0,0.6666666865348816,0.6666666865348816
Pneumothorax__Support Devices,Pneumothorax,Support Devices,binary_protonet_random,,5,brier,5,0.24891251027584077,0.0016462202448909973,0.24746953460942384,0.2503554859422577
Pneumothorax__Support Devices,Pneumothorax,Support Devices,binary_protonet_random,,5,ece,5,0.013934734603390097,0.008811735053944185,0.0062109082798980034,0.02165856092688219
Pneumothorax__Support Devices,Pneumothorax,Support Devices,binary_protonet_random,,5,sms_raw_logit,5,0.017619945108890533,0.0010582776458182156,0.016692323852884286,0.01854756636489678
Pneumothorax__Support Devices,Pneumothorax,Support Devices,binary_protonet_random,,5,sms_fixed_reference,5,1.1028063297271729,0.0392582080406812,1.0683949931604864,1.1372176662938593
Pneumothorax__Support Devices,Pneumothorax,Support Devices,binary_protonet_random,,5,ranking_disagreement,5,0.4915125072002411,0.026751085967554676,0.46806414649564704,0.5149608679048352
Pneumothorax__Support Devices,Pneumothorax,Support Devices,binary_protonet_random,,5,support_swap_flip_rate,5,0.0,0.0,0.0,0.0
Pneumothorax__Support Devices,Pneumothorax,Support Devices,binary_protonet_random,,5,d0_auroc,5,0.5446400046348572,0.01968700806011818,0.527383581222821,0.5618964280468933
Pneumothorax__Support Devices,Pneumothorax,Support Devices,binary_protonet_random,,5,d1_auroc,5,0.5389599919319152,0.04079109987432264,0.5032050164310956,0.5747149674327349
Pneumothorax__Support Devices,Pneumothorax,Support Devices,binary_protonet_random,,5,worst_nuisance_auroc,5,0.5297199964523316,0.031617992742887006,0.5020056038669369,0.5574343890377262
Pneumothorax__Support Devices,Pneumothorax,Support Devices,binary_protonet_random,,10,auroc,5,0.5584300041198731,0.03182656025410011,0.530532794050354,0.5863272141893922
Pneumothorax__Support Devices,Pneumothorax,Support Devices,binary_protonet_random,,10,auprc,5,0.5453781962394715,0.03127982943409132,0.5179602168632945,0.5727961756156484
Pneumothorax__Support Devices,Pneumothorax,Support Devices,binary_protonet_random,,10,f1,5,0.6671126127243042,0.000997121272496398,0.6662385973930359,0.6679866280555725
Pneumothorax__Support Devices,Pneumothorax,Support Devices,binary_protonet_random,,10,brier,5,0.24744655787944794,0.0020002212595296304,0.24569328664255932,0.24919982911633656
Pneumothorax__Support Devices,Pneumothorax,Support Devices,binary_protonet_random,,10,ece,5,0.031047365069389342,0.010689285449619047,0.021677793262060287,0.04041693687671839
Pneumothorax__Support Devices,Pneumothorax,Support Devices,binary_protonet_random,,10,sms_raw_logit,5,0.013070939294993877,0.0005442714559335005,0.012593864329311283,0.01354801426067647
Pneumothorax__Support Devices,Pneumothorax,Support Devices,binary_protonet_random,,10,sms_fixed_reference,5,1.0897851467132569,0.014186936702780881,1.0773497484081742,1.1022205450183395
Pneumothorax__Support Devices,Pneumothorax,Support Devices,binary_protonet_random,,10,ranking_disagreement,5,0.4838546335697174,0.006367505530520795,0.47827326888608407,0.48943599825335077
Pneumothorax__Support Devices,Pneumothorax,Support Devices,binary_protonet_random,,10,support_swap_flip_rate,5,0.02449999935925007,0.045634415387834755,-0.01550032936964902,0.06450032808814915
Pneumothorax__Support Devices,Pneumothorax,Support Devices,binary_protonet_random,,10,d0_auroc,5,0.565120005607605,0.022778885222273604,0.5451534323706066,0.5850865788446034
Pneumothorax__Support Devices,Pneumothorax,Support Devices,binary_protonet_random,,10,d1_auroc,5,0.5517399907112122,0.056214656028195135,0.5024656721645736,0.6010143092578507
Pneumothorax__Support Devices,Pneumothorax,Support Devices,binary_protonet_random,,10,worst_nuisance_auroc,5,0.5374399900436402,0.04241984208247746,0.5002573590510797,0.5746226210362007
Edema__Cardiomegaly,Edema,Cardiomegaly,binary_protonet_random,,1,auroc,5,0.6157250046730042,0.014785441607295762,0.6027649936885875,0.6286850156574209
Edema__Cardiomegaly,Edema,Cardiomegaly,binary_protonet_random,,1,auprc,5,0.595416784286499,0.01664628582160293,0.5808256714318609,0.6100078971411371
Edema__Cardiomegaly,Edema,Cardiomegaly,binary_protonet_random,,1,f1,5,0.6657759070396423,0.008600437292652707,0.6582372913699848,0.6733145227092998
Edema__Cardiomegaly,Edema,Cardiomegaly,binary_protonet_random,,1,brier,5,0.242600217461586,0.0017336809240666325,0.241080579129763,0.244119855793409
Edema__Cardiomegaly,Edema,Cardiomegaly,binary_protonet_random,,1,ece,5,0.053130676969885826,0.021040883410484105,0.03468752948978972,0.07157382444998193
Edema__Cardiomegaly,Edema,Cardiomegaly,binary_protonet_random,,1,sms_raw_logit,5,0.04168721884489059,0.0012082605187501917,0.040628131804344395,0.04274630588543679
Edema__Cardiomegaly,Edema,Cardiomegaly,binary_protonet_random,,1,sms_fixed_reference,5,1.0289595007896424,0.05745133850512953,0.9786011822576807,1.0793178193216042
Edema__Cardiomegaly,Edema,Cardiomegaly,binary_protonet_random,,1,ranking_disagreement,5,0.4736365914344788,0.014644648600204445,0.4607999909620303,0.4864731919069273
Edema__Cardiomegaly,Edema,Cardiomegaly,binary_protonet_random,,1,support_swap_flip_rate,5,0.2014999970793724,0.07747176578282952,0.1335930003054516,0.26940699385329325
Edema__Cardiomegaly,Edema,Cardiomegaly,binary_protonet_random,,1,d0_auroc,5,0.6295599937438965,0.008656677770549324,0.6219720811218267,0.6371479063659663
Edema__Cardiomegaly,Edema,Cardiomegaly,binary_protonet_random,,1,d1_auroc,5,0.6043400049209595,0.027458848814228602,0.5802712627282177,0.6284087471137013
Edema__Cardiomegaly,Edema,Cardiomegaly,binary_protonet_random,,1,worst_nuisance_auroc,5,0.6029199957847595,0.025611262556939695,0.58047073435053,0.6253692572189891
Edema__Cardiomegaly,Edema,Cardiomegaly,binary_protonet_random,,3,auroc,5,0.6326750040054321,0.013437158147692432,0.6208968155807112,0.644453192430153
Edema__Cardiomegaly,Edema,Cardiomegaly,binary_protonet_random,,3,auprc,5,0.6109241366386413,0.02563334455361453,0.5884555194809193,0.6333927537963633
Edema__Cardiomegaly,Edema,Cardiomegaly,binary_protonet_random,,3,f1,5,0.6691943764686584,0.007864906614246313,0.6623004818648106,0.6760882710725062
Edema__Cardiomegaly,Edema,Cardiomegaly,binary_protonet_random,,3,brier,5,0.23918682038784028,0.003009134745807378,0.2365491974885682,0.24182444328711236
Edema__Cardiomegaly,Edema,Cardiomegaly,binary_protonet_random,,3,ece,5,0.06472849920392036,0.025496269979716633,0.04238003320776561,0.08707696520007512
Edema__Cardiomegaly,Edema,Cardiomegaly,binary_protonet_random,,3,sms_raw_logit,5,0.023723341152071954,0.0009443503573630461,0.022895581567365077,0.02455110073677883
Edema__Cardiomegaly,Edema,Cardiomegaly,binary_protonet_random,,3,sms_fixed_reference,5,1.0287745237350463,0.0323577580077661,1.0004116983051439,1.0571373491649487
Edema__Cardiomegaly,Edema,Cardiomegaly,binary_protonet_random,,3,ranking_disagreement,5,0.46043108105659486,0.010714694426760516,0.451039237298816,0.4698229248143737
Edema__Cardiomegaly,Edema,Cardiomegaly,binary_protonet_random,,3,support_swap_flip_rate,5,0.240999998152256,0.13580315989591046,0.12196328009433662,0.3600367162101754
Edema__Cardiomegaly,Edema,Cardiomegaly,binary_protonet_random,,3,d0_auroc,5,0.6628399968147278,0.03643744569892075,0.6309011674551042,0.6947788261743515
Edema__Cardiomegaly,Edema,Cardiomegaly,binary_protonet_random,,3,d1_auroc,5,0.604420006275177,0.022470805094871444,0.5847234771762748,0.6241165353740792
Edema__Cardiomegaly,Edema,Cardiomegaly,binary_protonet_random,,3,worst_nuisance_auroc,5,0.6034600019454956,0.02124318319827771,0.5848395308830822,0.6220804730079091
Edema__Cardiomegaly,Edema,Cardiomegaly,binary_protonet_random,,5,auroc,5,0.6673849940299987,0.014689053463937259,0.6545094709783656,0.6802605170816318
Edema__Cardiomegaly,Edema,Cardiomegaly,binary_protonet_random,,5,auprc,5,0.6355320453643799,0.015596873140310663,0.6218607832817352,0.6492033074470246
Edema__Cardiomegaly,Edema,Cardiomegaly,binary_protonet_random,,5,f1,5,0.6813715696334839,0.00895991345456599,0.6735178592151695,0.6892252800517983
Edema__Cardiomegaly,Edema,Cardiomegaly,binary_protonet_random,,5,brier,5,0.2311680793762207,0.002236627568555969,0.22920758887303333,0.23312856987940805
Edema__Cardiomegaly,Edema,Cardiomegaly,binary_protonet_random,,5,ece,5,0.06335691437125206,0.01128355191697744,0.05346644503856029,0.07324738370394383
Edema__Cardiomegaly,Edema,Cardiomegaly,binary_protonet_random,,5,sms_raw_logit,5,0.01744416505098343,0.001083778023789865,0.016494191728167337,0.018394138373799523
Edema__Cardiomegaly,Edema,Cardiomegaly,binary_protonet_random,,5,sms_fixed_reference,5,0.9587758302688598,0.012355248789440481,0.9479459772093923,0.9696056833283273
Edema__Cardiomegaly,Edema,Cardiomegaly,binary_protonet_random,,5,ranking_disagreement,5,0.41589330434799193,0.013957504836270866,0.4036590119407999,0.42812759675518397
Edema__Cardiomegaly,Edema,Cardiomegaly,binary_protonet_random,,5,support_swap_flip_rate,5,0.25600000023841857,0.057162049795464104,0.2058952544406714,0.3061047460361658
Edema__Cardiomegaly,Edema,Cardiomegaly,binary_protonet_random,,5,d0_auroc,5,0.7066600084304809,0.04471926487146644,0.6674618444971653,0.7458581723637966
Edema__Cardiomegaly,Edema,Cardiomegaly,binary_protonet_random,,5,d1_auroc,5,0.6301800012588501,0.03200245976967868,0.6021286084659062,0.658231394051794
Edema__Cardiomegaly,Edema,Cardiomegaly,binary_protonet_random,,5,worst_nuisance_auroc,5,0.6247200012207031,0.023170072815961576,0.60441053693954,0.6450294655018662
Edema__Cardiomegaly,Edema,Cardiomegaly,binary_protonet_random,,10,auroc,5,0.6959250092506408,0.018511787030499636,0.679698712490044,0.7121513060112377
Edema__Cardiomegaly,Edema,Cardiomegaly,binary_protonet_random,,10,auprc,5,0.658516788482666,0.024994849377025737,0.6366078370232621,0.68042573994207
Edema__Cardiomegaly,Edema,Cardiomegaly,binary_protonet_random,,10,f1,5,0.7042378187179565,0.008713681864022146,0.6965999398049104,0.7118756976310027
Edema__Cardiomegaly,Edema,Cardiomegaly,binary_protonet_random,,10,brier,5,0.22257230579853057,0.004196270922499305,0.2188941121609226,0.22625049943613854
Edema__Cardiomegaly,Edema,Cardiomegaly,binary_protonet_random,,10,ece,5,0.06599430367350578,0.015582004360675653,0.05233607465084757,0.079652532696164
Edema__Cardiomegaly,Edema,Cardiomegaly,binary_protonet_random,,10,sms_raw_logit,5,0.013264288753271103,0.0005228423829408124,0.012805997198239839,0.013722580308302366
Edema__Cardiomegaly,Edema,Cardiomegaly,binary_protonet_random,,10,sms_fixed_reference,5,0.9069579362869262,0.03177812230909038,0.8791031839481982,0.9348126886256543
Edema__Cardiomegaly,Edema,Cardiomegaly,binary_protonet_random,,10,ranking_disagreement,5,0.38224310874938966,0.010608811977427399,0.37294407505050936,0.39154214244826996
Edema__Cardiomegaly,Edema,Cardiomegaly,binary_protonet_random,,10,support_swap_flip_rate,5,0.2689999997615814,0.020811659884755054,0.25075777556062967,0.2872422239625331
Edema__Cardiomegaly,Edema,Cardiomegaly,binary_protonet_random,,10,d0_auroc,5,0.7436599969863892,0.05070703745834071,0.6992133189701538,0.7881066750026245
Edema__Cardiomegaly,Edema,Cardiomegaly,binary_protonet_random,,10,d1_auroc,5,0.6481400012969971,0.028872266995812752,0.62283234344347,0.6734476591505242
Edema__Cardiomegaly,Edema,Cardiomegaly,binary_protonet_random,,10,worst_nuisance_auroc,5,0.6481400012969971,0.028872266995812752,0.62283234344347,0.6734476591505242
Pneumothorax__Support Devices,Pneumothorax,Support Devices,adapter_only,0.7,1,auroc,5,0.5146849989891052,0.017922472510787827,0.49897525918038005,0.5303947387978305
Pneumothorax__Support Devices,Pneumothorax,Support Devices,adapter_only,0.7,1,auprc,5,0.519204831123352,0.027628468237651572,0.4949874109506676,0.5434222512960365
Pneumothorax__Support Devices,Pneumothorax,Support Devices,adapter_only,0.7,1,f1,5,0.6668892741203308,0.0004977209720119962,0.6664530024528503,0.6673255457878113
Pneumothorax__Support Devices,Pneumothorax,Support Devices,adapter_only,0.7,1,brier,5,0.24981018900871277,0.0006665655887874363,0.24922591850926035,0.2503944595081652
Pneumothorax__Support Devices,Pneumothorax,Support Devices,adapter_only,0.7,1,ece,5,0.010814127139747142,0.010196867429110702,0.0018761787579614844,0.0197520755215328
Pneumothorax__Support Devices,Pneumothorax,Support Devices,adapter_only,0.7,1,sms_raw_logit,5,0.022668157517910004,0.0037148135101007407,0.01941197990924062,0.02592433512657939
Pneumothorax__Support Devices,Pneumothorax,Support Devices,adapter_only,0.7,1,sms_fixed_reference,5,0.5888266324996948,0.07184521275860366,0.5258515269019151,0.6518017380974745
Pneumothorax__Support Devices,Pneumothorax,Support Devices,adapter_only,0.7,1,ranking_disagreement,5,0.5113646745681762,0.018783464154380824,0.4949002423089428,0.5278291068274097
Pneumothorax__Support Devices,Pneumothorax,Support Devices,adapter_only,0.7,1,support_swap_flip_rate,5,0.0064999997615814206,0.014534441320628484,-0.006239999771118165,0.019239999294281006
Pneumothorax__Support Devices,Pneumothorax,Support Devices,adapter_only,0.7,1,d0_auroc,5,0.5192199885845185,0.04141209481874131,0.48292068701521246,0.5555192901538244
Pneumothorax__Support Devices,Pneumothorax,Support Devices,adapter_only,0.7,1,d1_auroc,5,0.5111599922180176,0.020885223640956737,0.49285328654172333,0.5294666978943118
Pneumothorax__Support Devices,Pneumothorax,Support Devices,adapter_only,0.7,1,worst_nuisance_auroc,5,0.4946199953556061,0.028435125317502776,0.46969550907741076,0.5195444816338014
Pneumothorax__Support Devices,Pneumothorax,Support Devices,adapter_only,0.7,3,auroc,5,0.5354774951934814,0.020023040279310022,0.517926526554626,0.5530284638323368
Pneumothorax__Support Devices,Pneumothorax,Support Devices,adapter_only,0.7,3,auprc,5,0.5334588527679444,0.021573446793644944,0.5145488929004349,0.5523688126354538
Pneumothorax__Support Devices,Pneumothorax,Support Devices,adapter_only,0.7,3,f1,5,0.6657740712165833,0.0012222702833265319,0.664702704075948,0.6668454383572185
Pneumothorax__Support Devices,Pneumothorax,Support Devices,adapter_only,0.7,3,brier,5,0.2496032804250717,0.0013775698148468466,0.24839578724316996,0.25081077360697346
Pneumothorax__Support Devices,Pneumothorax,Support Devices,adapter_only,0.7,3,ece,5,0.022495477832853793,0.01580739362379186,0.00863968641041482,0.036351269255292765
Pneumothorax__Support Devices,Pneumothorax,Support Devices,adapter_only,0.7,3,sms_raw_logit,5,0.01228849496692419,0.001980260832772648,0.010552719815502277,0.014024270118346104
Pneumothorax__Support Devices,Pneumothorax,Support Devices,adapter_only,0.7,3,sms_fixed_reference,5,0.587635588645935,0.1062156075975108,0.49453350365301996,0.6807376736388501
Pneumothorax__Support Devices,Pneumothorax,Support Devices,adapter_only,0.7,3,ranking_disagreement,5,0.49658148884773257,0.028707943945612095,0.47141786649832884,0.5217451111971363
Pneumothorax__Support Devices,Pneumothorax,Support Devices,adapter_only,0.7,3,support_swap_flip_rate,5,0.03350000083446503,0.046287148292010395,-0.0070724735112299986,0.07407247518016005
Pneumothorax__Support Devices,Pneumothorax,Support Devices,adapter_only,0.7,3,d0_auroc,5,0.5517599940299988,0.025924450263141156,0.5290362114674619,0.5744837765925356
Pneumothorax__Support Devices,Pneumothorax,Support Devices,adapter_only,0.7,3,d1_auroc,5,0.518479996919632,0.028583857269591804,0.49342514133736015,0.5435348525019038
Pneumothorax__Support Devices,Pneumothorax,Support Devices,adapter_only,0.7,3,worst_nuisance_auroc,5,0.516459995508194,0.028875643205451468,0.49114937827643756,0.5417706127399504
Pneumothorax__Support Devices,Pneumothorax,Support Devices,adapter_only,0.7,5,auroc,5,0.5437874913215637,0.03216290366536095,0.5155954632533502,0.5719795193897772
Pneumothorax__Support Devices,Pneumothorax,Support Devices,adapter_only,0.7,5,auprc,5,0.5325434923171997,0.025148357309788587,0.5104999852220804,0.5545869994123189
Pneumothorax__Support Devices,Pneumothorax,Support Devices,adapter_only,0.7,5,f1,5,0.6666666865348816,0.0,0.6666666865348816,0.6666666865348816
Pneumothorax__Support Devices,Pneumothorax,Support Devices,adapter_only,0.7,5,brier,5,0.2487799495458603,0.002030573561434117,0.24700007334332152,0.2505598257483991
Pneumothorax__Support Devices,Pneumothorax,Support Devices,adapter_only,0.7,5,ece,5,0.03149368781596422,0.015764388782328817,0.01767559179908345,0.04531178383284499
Pneumothorax__Support Devices,Pneumothorax,Support Devices,adapter_only,0.7,5,sms_raw_logit,5,0.009724493697285652,0.001240579884819019,0.008637077483327772,0.010811909911243532
Pneumothorax__Support Devices,Pneumothorax,Support Devices,adapter_only,0.7,5,sms_fixed_reference,5,0.6111499011516571,0.09343433402770127,0.5292510964028593,0.693048705900455
Pneumothorax__Support Devices,Pneumothorax,Support Devices,adapter_only,0.7,5,ranking_disagreement,5,0.49661900401115416,0.023556004151337184,0.47597125599937656,0.5172667520229318
Pneumothorax__Support Devices,Pneumothorax,Support Devices,adapter_only,0.7,5,support_swap_flip_rate,5,0.003999999910593033,0.008944271710079103,-0.0038399999141693108,0.011839999735355378
Pneumothorax__Support Devices,Pneumothorax,Support Devices,adapter_only,0.7,5,d0_auroc,5,0.5497499942779541,0.027866545309421554,0.5253238903508559,0.5741760982050523
Pneumothorax__Support Devices,Pneumothorax,Support Devices,adapter_only,0.7,5,d1_auroc,5,0.5381600022315979,0.039027011201883025,0.5039513186292238,0.5723686858339719
Pneumothorax__Support Devices,Pneumothorax,Support Devices,adapter_only,0.7,5,worst_nuisance_auroc,5,0.5343600034713745,0.03370575368474144,0.5048156077343717,0.5639043992083772
Pneumothorax__Support Devices,Pneumothorax,Support Devices,adapter_only,0.7,10,auroc,5,0.5627299904823303,0.027444682080226348,0.5386736659794458,0.5867863149852148
Pneumothorax__Support Devices,Pneumothorax,Support Devices,adapter_only,0.7,10,auprc,5,0.5542029023170472,0.02914250872846968,0.5286583671407654,0.5797474374933289
Pneumothorax__Support Devices,Pneumothorax,Support Devices,adapter_only,0.7,10,f1,5,0.6646418809890747,0.0035884632587211596,0.6614964542588204,0.667787307719329
Pneumothorax__Support Devices,Pneumothorax,Support Devices,adapter_only,0.7,10,brier,5,0.24720032811164855,0.0027366199482568155,0.24480157496435795,0.24959908125893915
Pneumothorax__Support Devices,Pneumothorax,Support Devices,adapter_only,0.7,10,ece,5,0.03644648864865303,0.019751631038592007,0.019133420698488727,0.05375955659881734
Pneumothorax__Support Devices,Pneumothorax,Support Devices,adapter_only,0.7,10,sms_raw_logit,5,0.007290943618863821,0.0011581137585640019,0.006275812151651681,0.00830607508607596
Pneumothorax__Support Devices,Pneumothorax,Support Devices,adapter_only,0.7,10,sms_fixed_reference,5,0.6094376027584076,0.10343740426326574,0.5187707203576825,0.7001044851591328
Pneumothorax__Support Devices,Pneumothorax,Support Devices,adapter_only,0.7,10,ranking_disagreement,5,0.48194859623909,0.014069194775587936,0.46961640328358534,0.4942807891945946
Pneumothorax__Support Devices,Pneumothorax,Support Devices,adapter_only,0.7,10,support_swap_flip_rate,5,0.09799999892711639,0.06512967632318693,0.04091132055152421,0.15508867730270856
Pneumothorax__Support Devices,Pneumothorax,Support Devices,adapter_only,0.7,10,d0_auroc,5,0.5718399882316589,0.023565081175969,0.5511842838569901,0.5924956926063277
Pneumothorax__Support Devices,Pneumothorax,Support Devices,adapter_only,0.7,10,d1_auroc,5,0.5543599963188172,0.05100992013377578,0.5096478299320018,0.5990721627056326
Pneumothorax__Support Devices,Pneumothorax,Support Devices,adapter_only,0.7,10,worst_nuisance_auroc,5,0.5415799975395202,0.03885822331111163,0.5075192630465833,0.5756407320324571
Edema__Cardiomegaly,Edema,Cardiomegaly,adapter_only,0.7,1,auroc,5,0.6255450010299682,0.011682773512664257,0.6153045985398682,0.6357854035200683
Edema__Cardiomegaly,Edema,Cardiomegaly,adapter_only,0.7,1,auprc,5,0.6113181471824646,0.019240925947206455,0.5944527319822113,0.6281835623827179
Edema__Cardiomegaly,Edema,Cardiomegaly,adapter_only,0.7,1,f1,5,0.6694406747817994,0.006248802287325288,0.6639633580783725,0.6749179914852262
Edema__Cardiomegaly,Edema,Cardiomegaly,adapter_only,0.7,1,brier,5,0.2406470537185669,0.0018923842822952544,0.23898830575981928,0.24230580167731453
Edema__Cardiomegaly,Edema,Cardiomegaly,adapter_only,0.7,1,ece,5,0.05492813363671303,0.01564052914468557,0.04121860537905227,0.06863766189437379
Edema__Cardiomegaly,Edema,Cardiomegaly,adapter_only,0.7,1,sms_raw_logit,5,0.02285495512187481,0.0033961407467632113,0.01987810650607439,0.025831803737675227
Edema__Cardiomegaly,Edema,Cardiomegaly,adapter_only,0.7,1,sms_fixed_reference,5,0.5628644287586212,0.08032728932631787,0.4924544552409007,0.6332744022763417
Edema__Cardiomegaly,Edema,Cardiomegaly,adapter_only,0.7,1,ranking_disagreement,5,0.4715186595916748,0.013506460936885014,0.45967972459386924,0.4833575945894804
Edema__Cardiomegaly,Edema,Cardiomegaly,adapter_only,0.7,1,support_swap_flip_rate,5,0.1784999966621399,0.07579989961142407,0.11205845520036868,0.24494153812391112
Edema__Cardiomegaly,Edema,Cardiomegaly,adapter_only,0.7,1,d0_auroc,5,0.649399995803833,0.019437723251736923,0.6323620801604979,0.6664379114471681
Edema__Cardiomegaly,Edema,Cardiomegaly,adapter_only,0.7,1,d1_auroc,5,0.6046000003814698,0.026435284908202638,0.5814284515102182,0.6277715492527214
Edema__Cardiomegaly,Edema,Cardiomegaly,adapter_only,0.7,1,worst_nuisance_auroc,5,0.6042200088500976,0.025965011991768247,0.5814606723648228,0.6269793453353725
Edema__Cardiomegaly,Edema,Cardiomegaly,adapter_only,0.7,3,auroc,5,0.6492775082588196,0.021660909866072324,0.6302908836281265,0.6682641328895127
Edema__Cardiomegaly,Edema,Cardiomegaly,adapter_only,0.7,3,auprc,5,0.6335113763809204,0.02866611479330652,0.6083844189000912,0.6586383338617495
Edema__Cardiomegaly,Edema,Cardiomegaly,adapter_only,0.7,3,f1,5,0.6785619616508484,0.007770698761491424,0.671750643870808,0.6853732794308888
Edema__Cardiomegaly,Edema,Cardiomegaly,adapter_only,0.7,3,brier,5,0.23452297151088713,0.003924852305222149,0.23108268678088673,0.23796325624088754
Edema__Cardiomegaly,Edema,Cardiomegaly,adapter_only,0.7,3,ece,5,0.05376597940921783,0.012916527299723344,0.04244414404365586,0.0650878147747798
Edema__Cardiomegaly,Edema,Cardiomegaly,adapter_only,0.7,3,sms_raw_logit,5,0.012756659090518952,0.002242255304749863,0.010791235659061513,0.01472208252197639
Edema__Cardiomegaly,Edema,Cardiomegaly,adapter_only,0.7,3,sms_fixed_reference,5,0.5524148583412171,0.09053289527234425,0.4730592767939153,0.6317704398885189
Edema__Cardiomegaly,Edema,Cardiomegaly,adapter_only,0.7,3,ranking_disagreement,5,0.45115144848823546,0.016375933720886283,0.4367973096982218,0.46550558727824914
Edema__Cardiomegaly,Edema,Cardiomegaly,adapter_only,0.7,3,support_swap_flip_rate,5,0.24899999797344208,0.06795219233191513,0.18943727523391563,0.30856272071296853
Edema__Cardiomegaly,Edema,Cardiomegaly,adapter_only,0.7,3,d0_auroc,5,0.6855999946594238,0.044836819732333555,0.6462987893473943,0.7249011999714533
Edema__Cardiomegaly,Edema,Cardiomegaly,adapter_only,0.7,3,d1_auroc,5,0.6133000016212463,0.019915437599263296,0.595843350889992,0.6307566523525007
Edema__Cardiomegaly,Edema,Cardiomegaly,adapter_only,0.7,3,worst_nuisance_auroc,5,0.6133000016212463,0.019915437599263296,0.595843350889992,0.6307566523525007
Edema__Cardiomegaly,Edema,Cardiomegaly,adapter_only,0.7,5,auroc,5,0.6807199954986572,0.01993012542122228,0.663250470323813,0.6981895206735015
Edema__Cardiomegaly,Edema,Cardiomegaly,adapter_only,0.7,5,auprc,5,0.6533275246620178,0.02288616635402868,0.633266915366923,0.6733881339571126
Edema__Cardiomegaly,Edema,Cardiomegaly,adapter_only,0.7,5,f1,5,0.6937726140022278,0.012152283419203293,0.6831206679338124,0.7044245600706431
Edema__Cardiomegaly,Edema,Cardiomegaly,adapter_only,0.7,5,brier,5,0.23039501905441284,0.002719078070862091,0.2280116420406028,0.23277839606822287
Edema__Cardiomegaly,Edema,Cardiomegaly,adapter_only,0.7,5,ece,5,0.07238753065466881,0.012589062192292695,0.061352731111372724,0.0834223301979649
Edema__Cardiomegaly,Edema,Cardiomegaly,adapter_only,0.7,5,sms_raw_logit,5,0.009867894276976586,0.001971880883875691,0.008139464474624249,0.011596324079328924
Edema__Cardiomegaly,Edema,Cardiomegaly,adapter_only,0.7,5,sms_fixed_reference,5,0.5408851504325867,0.09388817039473261,0.45858854056859016,0.6231817602965832
Edema__Cardiomegaly,Edema,Cardiomegaly,adapter_only,0.7,5,ranking_disagreement,5,0.40509985089302064,0.018638403139332668,0.3887625702196761,0.4214371315663652
Edema__Cardiomegaly,Edema,Cardiomegaly,adapter_only,0.7,5,support_swap_flip_rate,5,0.28700000047683716,0.05060262296177144,0.24264484580217058,0.3313551551515037
Edema__Cardiomegaly,Edema,Cardiomegaly,adapter_only,0.7,5,d0_auroc,5,0.7249199986457825,0.05079560037439424,0.6803956918109193,0.7694443054806457
Edema__Cardiomegaly,Edema,Cardiomegaly,adapter_only,0.7,5,d1_auroc,5,0.6375399947166442,0.027410546557559545,0.6135135913186188,0.6615663981146697
Edema__Cardiomegaly,Edema,Cardiomegaly,adapter_only,0.7,5,worst_nuisance_auroc,5,0.6336599946022033,0.021067703686462724,0.6151933381136839,0.6521266510907228
Edema__Cardiomegaly,Edema,Cardiomegaly,adapter_only,0.7,10,auroc,5,0.7126649856567383,0.0258649432122479,0.6899933633240891,0.7353366079893875
Edema__Cardiomegaly,Edema,Cardiomegaly,adapter_only,0.7,10,auprc,5,0.6774863123893737,0.03642155247438132,0.6455614140552871,0.7094112107234604
Edema__Cardiomegaly,Edema,Cardiomegaly,adapter_only,0.7,10,f1,5,0.7096593260765076,0.014486417889427696,0.6969614209372257,0.7223572312157895
Edema__Cardiomegaly,Edema,Cardiomegaly,adapter_only,0.7,10,brier,5,0.2282804697751999,0.003381426482466297,0.22531651878072054,0.23124442076967924
Edema__Cardiomegaly,Edema,Cardiomegaly,adapter_only,0.7,10,ece,5,0.09246122986078262,0.017940530137166854,0.07673566184465985,0.10818679787690538
Edema__Cardiomegaly,Edema,Cardiomegaly,adapter_only,0.7,10,sms_raw_logit,5,0.007684906013309956,0.0015591067886542018,0.006318288657973976,0.009051523368645936
Edema__Cardiomegaly,Edema,Cardiomegaly,adapter_only,0.7,10,sms_fixed_reference,5,0.524114578962326,0.09585648783185967,0.44009266279476955,0.6081364951298825
Edema__Cardiomegaly,Edema,Cardiomegaly,adapter_only,0.7,10,ranking_disagreement,5,0.3708213269710541,0.018386278609449684,0.354705043192054,0.3869376107500542
Edema__Cardiomegaly,Edema,Cardiomegaly,adapter_only,0.7,10,support_swap_flip_rate,5,0.25350000262260436,0.04942165688518755,0.210180010355072,0.2968199948901367
Edema__Cardiomegaly,Edema,Cardiomegaly,adapter_only,0.7,10,d0_auroc,5,0.7648800134658813,0.05418833485434944,0.7173818437397175,0.8123781831920451
Edema__Cardiomegaly,Edema,Cardiomegaly,adapter_only,0.7,10,d1_auroc,5,0.6590199947357178,0.028317077315017813,0.634198982093923,0.6838410073775126
Edema__Cardiomegaly,Edema,Cardiomegaly,adapter_only,0.7,10,worst_nuisance_auroc,5,0.6590199947357178,0.028317077315017813,0.634198982093923,0.6838410073775126
Pneumothorax__Support Devices,Pneumothorax,Support Devices,full_iera,0.7,1,auroc,5,0.517280000448227,0.018631160262245372,0.5009490684365662,0.5336109324598878
Pneumothorax__Support Devices,Pneumothorax,Support Devices,full_iera,0.7,1,auprc,5,0.523481261730194,0.02869454151701763,0.4983293871274194,0.5486331363329686
Pneumothorax__Support Devices,Pneumothorax,Support Devices,full_iera,0.7,1,f1,5,0.6668892741203308,0.0004977209720119962,0.6664530024528503,0.6673255457878113
Pneumothorax__Support Devices,Pneumothorax,Support Devices,full_iera,0.7,1,brier,5,0.2497022867202759,0.0005599829686336559,0.24921144000650594,0.2501931334340458
Pneumothorax__Support Devices,Pneumothorax,Support Devices,full_iera,0.7,1,ece,5,0.012384295510128141,0.019427164216742898,-0.0046443647309577785,0.02941295575121406
Pneumothorax__Support Devices,Pneumothorax,Support Devices,full_iera,0.7,1,sms_raw_logit,5,0.015772753208875657,0.0010435184437906121,0.01485806896384814,0.01668743745390317
Pneumothorax__Support Devices,Pneumothorax,Support Devices,full_iera,0.7,1,sms_fixed_reference,5,0.412038516998291,0.03228120030249712,0.38374279735579625,0.4403342366407858
Pneumothorax__Support Devices,Pneumothorax,Support Devices,full_iera,0.7,1,ranking_disagreement,5,0.5038984656333924,0.014867653315952072,0.49086639290908773,0.516930538357697
Pneumothorax__Support Devices,Pneumothorax,Support Devices,full_iera,0.7,1,support_swap_flip_rate,5,0.00949999988079071,0.021242645519687926,-0.009119999885559078,0.028119999647140497
Pneumothorax__Support Devices,Pneumothorax,Support Devices,full_iera,0.7,1,d0_auroc,5,0.5181199908256531,0.038957938806170406,0.48397185184757446,0.5522681298037317
Pneumothorax__Support Devices,Pneumothorax,Support Devices,full_iera,0.7,1,d1_auroc,5,0.5177200078964234,0.01606945291458169,0.5036345113777545,0.5318055044150922
Pneumothorax__Support Devices,Pneumothorax,Support Devices,full_iera,0.7,1,worst_nuisance_auroc,5,0.5022000074386597,0.029425079931497133,0.4764077876823442,0.5279922271949751
Pneumothorax__Support Devices,Pneumothorax,Support Devices,full_iera,0.7,3,auroc,5,0.5402399897575378,0.02060011677439837,0.5221831912683583,0.5582967882467174
Pneumothorax__Support Devices,Pneumothorax,Support Devices,full_iera,0.7,3,auprc,5,0.5382816314697265,0.025934150894983167,0.5155493459284781,0.5610139170109749
Pneumothorax__Support Devices,Pneumothorax,Support Devices,full_iera,0.7,3,f1,5,0.6650406718254089,0.0036358794227954305,0.6618536829948425,0.6682276606559754
Pneumothorax__Support Devices,Pneumothorax,Support Devices,full_iera,0.7,3,brier,5,0.24926012456417085,0.0008773776183985319,0.24849106917347386,0.25002917995486784
Pneumothorax__Support Devices,Pneumothorax,Support Devices,full_iera,0.7,3,ece,5,0.01384073831140995,0.004099751944254271,0.010247147288420074,0.017434329334399826
Pneumothorax__Support Devices,Pneumothorax,Support Devices,full_iera,0.7,3,sms_raw_logit,5,0.009858768247067929,0.0012647449074549913,0.008750170456859642,0.010967366037276216
Pneumothorax__Support Devices,Pneumothorax,Support Devices,full_iera,0.7,3,sms_fixed_reference,5,0.469505774974823,0.05286494170817457,0.42316761048669443,0.5158439394629515
Pneumothorax__Support Devices,Pneumothorax,Support Devices,full_iera,0.7,3,ranking_disagreement,5,0.49811779260635375,0.03178268006090399,0.47025904522201684,0.5259765399906907
Pneumothorax__Support Devices,Pneumothorax,Support Devices,full_iera,0.7,3,support_swap_flip_rate,5,0.0449999988079071,0.1006230563218898,-0.043199998855590824,0.133199996471405
Pneumothorax__Support Devices,Pneumothorax,Support Devices,full_iera,0.7,3,d0_auroc,5,0.5538800001144409,0.028121573937231126,0.5292303537389303,0.5785296464899515
Pneumothorax__Support Devices,Pneumothorax,Support Devices,full_iera,0.7,3,d1_auroc,5,0.5262599945068359,0.02412681702549836,0.5051119069505482,0.5474080820631236
Pneumothorax__Support Devices,Pneumothorax,Support Devices,full_iera,0.7,3,worst_nuisance_auroc,5,0.5231399893760681,0.025616468217801395,0.500686164978909,0.5455938137732271
Pneumothorax__Support Devices,Pneumothorax,Support Devices,full_iera,0.7,5,auroc,5,0.5475100040435791,0.029267759783223234,0.5218556814772057,0.5731643266099524
Pneumothorax__Support Devices,Pneumothorax,Support Devices,full_iera,0.7,5,auprc,5,0.535120302438736,0.031164311030524323,0.507803579407746,0.562437025469726
Pneumothorax__Support Devices,Pneumothorax,Support Devices,full_iera,0.7,5,f1,5,0.6666666865348816,0.0,0.6666666865348816,0.6666666865348816
Pneumothorax__Support Devices,Pneumothorax,Support Devices,full_iera,0.7,5,brier,5,0.24930824637413024,0.0025182478493202256,0.24710090481102334,0.2515155879372371
Pneumothorax__Support Devices,Pneumothorax,Support Devices,full_iera,0.7,5,ece,5,0.03786529563367367,0.012094171118445738,0.027264287242748812,0.048466304024598526
Pneumothorax__Support Devices,Pneumothorax,Support Devices,full_iera,0.7,5,sms_raw_logit,5,0.007821349240839482,0.0007647937574053288,0.007150977955351769,0.008491720526327195
Pneumothorax__Support Devices,Pneumothorax,Support Devices,full_iera,0.7,5,sms_fixed_reference,5,0.48953868746757506,0.04246829880027576,0.45231358228914886,0.5267637926460013
Pneumothorax__Support Devices,Pneumothorax,Support Devices,full_iera,0.7,5,ranking_disagreement,5,0.5018271028995513,0.02403041200364544,0.48076351807069995,0.5228906877284027
Pneumothorax__Support Devices,Pneumothorax,Support Devices,full_iera,0.7,5,support_swap_flip_rate,5,0.0,0.0,0.0,0.0
Pneumothorax__Support Devices,Pneumothorax,Support Devices,full_iera,0.7,5,d0_auroc,5,0.5505399942398072,0.02649411612025626,0.5273168775375301,0.5737631109420842
Pneumothorax__Support Devices,Pneumothorax,Support Devices,full_iera,0.7,5,d1_auroc,5,0.5445799946784973,0.03543644567106058,0.5135185805291211,0.5756414088278734
Pneumothorax__Support Devices,Pneumothorax,Support Devices,full_iera,0.7,5,worst_nuisance_auroc,5,0.5398399949073791,0.029281525992121124,0.5141736057268816,0.5655063840878766
Pneumothorax__Support Devices,Pneumothorax,Support Devices,full_iera,0.7,10,auroc,5,0.567870020866394,0.029788655483657306,0.5417591130874404,0.5939809286453477
Pneumothorax__Support Devices,Pneumothorax,Support Devices,full_iera,0.7,10,auprc,5,0.5559723138809204,0.03474742123099688,0.5255148562821116,0.5864297714797292
Pneumothorax__Support Devices,Pneumothorax,Support Devices,full_iera,0.7,10,f1,5,0.6662024855613708,0.0024800266006139065,0.6640286463998986,0.6683763247228431
Pneumothorax__Support Devices,Pneumothorax,Support Devices,full_iera,0.7,10,brier,5,0.24694097340106963,0.0022294780209375785,0.24498674975267964,0.24889519704945962
Pneumothorax__Support Devices,Pneumothorax,Support Devices,full_iera,0.7,10,ece,5,0.021831724047660827,0.004527172311401498,0.017863482554274578,0.025799965541047076
Pneumothorax__Support Devices,Pneumothorax,Support Devices,full_iera,0.7,10,sms_raw_logit,5,0.005841552838683128,0.0004241007361329278,0.005469812153165165,0.006213293524201091
Pneumothorax__Support Devices,Pneumothorax,Support Devices,full_iera,0.7,10,sms_fixed_reference,5,0.48823114633560183,0.04895632408071283,0.4453190362549922,0.5311432564162115
Pneumothorax__Support Devices,Pneumothorax,Support Devices,full_iera,0.7,10,ranking_disagreement,5,0.4835273683071136,0.016965034246466698,0.46865686013935476,0.4983978764748725
Pneumothorax__Support Devices,Pneumothorax,Support Devices,full_iera,0.7,10,support_swap_flip_rate,5,0.04949999898672104,0.07310950471110786,-0.014583307368747245,0.11358330534218933
Pneumothorax__Support Devices,Pneumothorax,Support Devices,full_iera,0.7,10,d0_auroc,5,0.5694599986076355,0.017222886698670805,0.5543634728002497,0.5845565244150214
Pneumothorax__Support Devices,Pneumothorax,Support Devices,full_iera,0.7,10,d1_auroc,5,0.5664800047874451,0.05563441181421321,0.5177142927191642,0.6152457168557259
Pneumothorax__Support Devices,Pneumothorax,Support Devices,full_iera,0.7,10,worst_nuisance_auroc,5,0.5478600025177002,0.03716292354969068,0.5152852637842036,0.5804347412511968
Edema__Cardiomegaly,Edema,Cardiomegaly,full_iera,0.7,1,auroc,5,0.6271225094795227,0.008011967554105492,0.6200997102783977,0.6341453086806478
Edema__Cardiomegaly,Edema,Cardiomegaly,full_iera,0.7,1,auprc,5,0.6128725647926331,0.01846376979829314,0.5966883569917958,0.6290567725934704
Edema__Cardiomegaly,Edema,Cardiomegaly,full_iera,0.7,1,f1,5,0.6711411595344543,0.006945695544597623,0.6650529889580691,0.6772293301108395
Edema__Cardiomegaly,Edema,Cardiomegaly,full_iera,0.7,1,brier,5,0.24067600071430206,0.0022518789481684415,0.23870214178746157,0.24264985964114255
Edema__Cardiomegaly,Edema,Cardiomegaly,full_iera,0.7,1,ece,5,0.05473258495330811,0.013517852215809928,0.042883665059284024,0.06658150484733219
Edema__Cardiomegaly,Edema,Cardiomegaly,full_iera,0.7,1,sms_raw_logit,5,0.01625293679535389,0.0013867873842180137,0.015037364057665255,0.017468509533042523
Edema__Cardiomegaly,Edema,Cardiomegaly,full_iera,0.7,1,sms_fixed_reference,5,0.4008269369602203,0.033490753948731904,0.37147099680096335,0.4301828771194773
Edema__Cardiomegaly,Edema,Cardiomegaly,full_iera,0.7,1,ranking_disagreement,5,0.4666575908660889,0.011509522072354717,0.4565690499590997,0.47674613177307806
Edema__Cardiomegaly,Edema,Cardiomegaly,full_iera,0.7,1,support_swap_flip_rate,5,0.13199999704957008,0.10329568903880852,0.04145733351997542,0.22254266057916472
Edema__Cardiomegaly,Edema,Cardiomegaly,full_iera,0.7,1,d0_auroc,5,0.6474799990653992,0.015689720408789864,0.6337273527636474,0.661232645367151
Edema__Cardiomegaly,Edema,Cardiomegaly,full_iera,0.7,1,d1_auroc,5,0.6101199984550476,0.026083178673692056,0.5872570843062574,0.6329829126038378
Edema__Cardiomegaly,Edema,Cardiomegaly,full_iera,0.7,1,worst_nuisance_auroc,5,0.6064399957656861,0.020734226464697542,0.588265644949998,0.6246143465813742
Edema__Cardiomegaly,Edema,Cardiomegaly,full_iera,0.7,3,auroc,5,0.650992500782013,0.022397852966324627,0.6313599170431761,0.6706250845208499
Edema__Cardiomegaly,Edema,Cardiomegaly,full_iera,0.7,3,auprc,5,0.6331476449966431,0.02602557705895441,0.6103352208893105,0.6559600691039758
Edema__Cardiomegaly,Edema,Cardiomegaly,full_iera,0.7,3,f1,5,0.6811584591865539,0.013535864832801812,0.6692937505375997,0.6930231678355082
Edema__Cardiomegaly,Edema,Cardiomegaly,full_iera,0.7,3,brier,5,0.2344972610473633,0.003201976799021525,0.23169060463564747,0.2373039174590791
Edema__Cardiomegaly,Edema,Cardiomegaly,full_iera,0.7,3,ece,5,0.05922042950987816,0.012451653655463945,0.04830607385956492,0.07013478516019139
Edema__Cardiomegaly,Edema,Cardiomegaly,full_iera,0.7,3,sms_raw_logit,5,0.010114733129739761,0.000636944355764171,0.009556426785809351,0.010673039473670171
Edema__Cardiomegaly,Edema,Cardiomegaly,full_iera,0.7,3,sms_fixed_reference,5,0.43855403661727904,0.02328647954869065,0.4181425373360869,0.45896553589847117
Edema__Cardiomegaly,Edema,Cardiomegaly,full_iera,0.7,3,ranking_disagreement,5,0.4437176764011383,0.01700850527255328,0.42880906419898196,0.45862628860329463
Edema__Cardiomegaly,Edema,Cardiomegaly,full_iera,0.7,3,support_swap_flip_rate,5,0.24549999833106995,0.06328012797691394,0.19003252056081374,0.3009674761013261
Edema__Cardiomegaly,Edema,Cardiomegaly,full_iera,0.7,3,d0_auroc,5,0.685320007801056,0.036211567841487706,0.6535791691130145,0.7170608464890974
Edema__Cardiomegaly,Edema,Cardiomegaly,full_iera,0.7,3,d1_auroc,5,0.6176799893379211,0.03335374676760376,0.5884441412678642,0.6469158374079781
Edema__Cardiomegaly,Edema,Cardiomegaly,full_iera,0.7,3,worst_nuisance_auroc,5,0.6176799893379211,0.03335374676760376,0.5884441412678642,0.6469158374079781
Edema__Cardiomegaly,Edema,Cardiomegaly,full_iera,0.7,5,auroc,5,0.6852750062942505,0.010954928604949931,0.6756725879949151,0.6948774245935859
Edema__Cardiomegaly,Edema,Cardiomegaly,full_iera,0.7,5,auprc,5,0.6592533588409424,0.015667585653031616,0.6455201145080586,0.6729866031738262
Edema__Cardiomegaly,Edema,Cardiomegaly,full_iera,0.7,5,f1,5,0.6914740681648255,0.01837606260162238,0.6753667391115059,0.7075813972181451
Edema__Cardiomegaly,Edema,Cardiomegaly,full_iera,0.7,5,brier,5,0.23146405220031738,0.0018752058534665774,0.22982036179833593,0.23310774260229883
Edema__Cardiomegaly,Edema,Cardiomegaly,full_iera,0.7,5,ece,5,0.07883446216583252,0.014631763677897607,0.0660091558257519,0.09165976850591315
Edema__Cardiomegaly,Edema,Cardiomegaly,full_iera,0.7,5,sms_raw_logit,5,0.007712630834430456,0.000538145459334146,0.007240925541519688,0.008184336127341223
Edema__Cardiomegaly,Edema,Cardiomegaly,full_iera,0.7,5,sms_fixed_reference,5,0.42410388588905334,0.02076892276294458,0.4058991224270377,0.442308649351069
Edema__Cardiomegaly,Edema,Cardiomegaly,full_iera,0.7,5,ranking_disagreement,5,0.39388821721076966,0.019540304684353412,0.3767603849772631,0.4110160494442762
Edema__Cardiomegaly,Edema,Cardiomegaly,full_iera,0.7,5,support_swap_flip_rate,5,0.24249999821186066,0.057200306425178635,0.19236171899965784,0.2926382774240635
Edema__Cardiomegaly,Edema,Cardiomegaly,full_iera,0.7,5,d0_auroc,5,0.7241600155830383,0.03467669378373952,0.6937645533251671,0.7545554778409096
Edema__Cardiomegaly,Edema,Cardiomegaly,full_iera,0.7,5,d1_auroc,5,0.6454800009727478,0.036122735525036,0.6138170272431949,0.6771429747023008
Edema__Cardiomegaly,Edema,Cardiomegaly,full_iera,0.7,5,worst_nuisance_auroc,5,0.6407600045204163,0.026385762831190103,0.6176318636635547,0.6638881453772778
Edema__Cardiomegaly,Edema,Cardiomegaly,full_iera,0.7,10,auroc,5,0.7126824855804443,0.021612699286304,0.6937381193861211,0.7316268517747676
Edema__Cardiomegaly,Edema,Cardiomegaly,full_iera,0.7,10,auprc,5,0.6760365724563598,0.02834798115536726,0.6511884714041525,0.7008846735085672
Edema__Cardiomegaly,Edema,Cardiomegaly,full_iera,0.7,10,f1,5,0.7010617136955262,0.013539009032830824,0.6891942490337319,0.7129291783573204
Edema__Cardiomegaly,Edema,Cardiomegaly,full_iera,0.7,10,brier,5,0.23052560687065124,0.002774936510491112,0.2280932677757352,0.2329579459655673
Edema__Cardiomegaly,Edema,Cardiomegaly,full_iera,0.7,10,ece,5,0.10616376250982285,0.013046540119856252,0.09472796588278552,0.11759955913686017
Edema__Cardiomegaly,Edema,Cardiomegaly,full_iera,0.7,10,sms_raw_logit,5,0.006103079952299595,0.00023516497992694859,0.005896948758930335,0.006309211145668855
Edema__Cardiomegaly,Edema,Cardiomegaly,full_iera,0.7,10,sms_fixed_reference,5,0.4179496467113495,0.030235328228795287,0.3914472130086405,0.4444520804140585
Edema__Cardiomegaly,Edema,Cardiomegaly,full_iera,0.7,10,ranking_disagreement,5,0.3638607621192932,0.01216498957807424,0.3531976786115702,0.3745238456270162
Edema__Cardiomegaly,Edema,Cardiomegaly,full_iera,0.7,10,support_swap_flip_rate,5,0.26299999952316283,0.052630789919349844,0.21686707812724548,0.3091329209190802
Edema__Cardiomegaly,Edema,Cardiomegaly,full_iera,0.7,10,d0_auroc,5,0.7632299900054932,0.04196365308627298,0.7264472262985241,0.8000127537124623
Edema__Cardiomegaly,Edema,Cardiomegaly,full_iera,0.7,10,d1_auroc,5,0.6585800051689148,0.02824077539032574,0.6338258741129668,0.6833341362248628
Edema__Cardiomegaly,Edema,Cardiomegaly,full_iera,0.7,10,worst_nuisance_auroc,5,0.6585800051689148,0.02824077539032574,0.6338258741129668,0.6833341362248628
Pneumothorax__Support Devices,Pneumothorax,Support Devices,adapter_only,0.9,1,auroc,5,0.5169275104999542,0.015688526424919302,0.503175910771209,0.5306791102286994
Pneumothorax__Support Devices,Pneumothorax,Support Devices,adapter_only,0.9,1,auprc,5,0.5169197082519531,0.02664079893721532,0.4935680183917342,0.540271398112172
Pneumothorax__Support Devices,Pneumothorax,Support Devices,adapter_only,0.9,1,f1,5,0.6666666865348816,0.0,0.6666666865348816,0.6666666865348816
Pneumothorax__Support Devices,Pneumothorax,Support Devices,adapter_only,0.9,1,brier,5,0.24969952404499055,0.0004851980279268964,0.24927422922197714,0.250124818868004
Pneumothorax__Support Devices,Pneumothorax,Support Devices,adapter_only,0.9,1,ece,5,0.012880768906325103,0.01742138015726884,-0.002389744088734387,0.028151281901384592
Pneumothorax__Support Devices,Pneumothorax,Support Devices,adapter_only,0.9,1,sms_raw_logit,5,0.031025132164359093,0.005179104967347675,0.02648544650267737,0.03556481782604082
Pneumothorax__Support Devices,Pneumothorax,Support Devices,adapter_only,0.9,1,sms_fixed_reference,5,0.8110419869422912,0.13903307096613743,0.6891741270043636,0.9329098468802188
Pneumothorax__Support Devices,Pneumothorax,Support Devices,adapter_only,0.9,1,ranking_disagreement,5,0.5126980364322662,0.013747548933749625,0.5006477784878376,0.5247482943766948
Pneumothorax__Support Devices,Pneumothorax,Support Devices,adapter_only,0.9,1,support_swap_flip_rate,5,0.0,0.0,0.0,0.0
Pneumothorax__Support Devices,Pneumothorax,Support Devices,adapter_only,0.9,1,d0_auroc,5,0.5195000112056732,0.03468458980319165,0.48909762778159327,0.5499023946297532
Pneumothorax__Support Devices,Pneumothorax,Support Devices,adapter_only,0.9,1,d1_auroc,5,0.5131599962711334,0.027643140330258983,0.48892971544224356,0.5373902771000232
Pneumothorax__Support Devices,Pneumothorax,Support Devices,adapter_only,0.9,1,worst_nuisance_auroc,5,0.4938199996948242,0.022923297612968234,0.4737268434162504,0.513913155973398
Pneumothorax__Support Devices,Pneumothorax,Support Devices,adapter_only,0.9,3,auroc,5,0.5307825207710266,0.021930871670941973,0.5115592641851028,0.5500057773569504
Pneumothorax__Support Devices,Pneumothorax,Support Devices,adapter_only,0.9,3,auprc,5,0.5322602272033692,0.026419062507753364,0.5091028978930614,0.555417556513677
Pneumothorax__Support Devices,Pneumothorax,Support Devices,adapter_only,0.9,3,f1,5,0.6666666865348816,0.0,0.6666666865348816,0.6666666865348816
Pneumothorax__Support Devices,Pneumothorax,Support Devices,adapter_only,0.9,3,brier,5,0.24939318597316742,0.0009033892109370086,0.24860133041633575,0.2501850415299991
Pneumothorax__Support Devices,Pneumothorax,Support Devices,adapter_only,0.9,3,ece,5,0.019526049308478833,0.01429434743795411,0.006996501342894819,0.03205559727406285
Pneumothorax__Support Devices,Pneumothorax,Support Devices,adapter_only,0.9,3,sms_raw_logit,5,0.017098253592848778,0.0028410264795306357,0.01460798408587867,0.019588523099818886
Pneumothorax__Support Devices,Pneumothorax,Support Devices,adapter_only,0.9,3,sms_fixed_reference,5,0.8150594830513,0.13419517164454214,0.6974322288399163,0.9326867372626838
Pneumothorax__Support Devices,Pneumothorax,Support Devices,adapter_only,0.9,3,ranking_disagreement,5,0.4921415448188782,0.027069314744677074,0.46841424429249157,0.5158688453452648
Pneumothorax__Support Devices,Pneumothorax,Support Devices,adapter_only,0.9,3,support_swap_flip_rate,5,0.015000000596046448,0.03354102099529722,-0.014400000572204585,0.04440000176429748
Pneumothorax__Support Devices,Pneumothorax,Support Devices,adapter_only,0.9,3,d0_auroc,5,0.5461499929428101,0.020404580790563707,0.528264589300376,0.5640353965852442
Pneumothorax__Support Devices,Pneumothorax,Support Devices,adapter_only,0.9,3,d1_auroc,5,0.5130799949169159,0.03507030799422968,0.4823395145914708,0.543820475242361
Pneumothorax__Support Devices,Pneumothorax,Support Devices,adapter_only,0.9,3,worst_nuisance_auroc,5,0.5109499990940094,0.03131129996360759,0.4835044345824642,0.5383955636055546
Pneumothorax__Support Devices,Pneumothorax,Support Devices,adapter_only,0.9,5,auroc,5,0.5406274914741516,0.029382554157531982,0.5148725472022179,0.5663824357460853
Pneumothorax__Support Devices,Pneumothorax,Support Devices,adapter_only,0.9,5,auprc,5,0.5310092270374298,0.03202393031943577,0.5029390144778476,0.559079439597012
Pneumothorax__Support Devices,Pneumothorax,Support Devices,adapter_only,0.9,5,f1,5,0.6662078976631165,0.003782965702831741,0.6628919820236283,0.6695238133026047
Pneumothorax__Support Devices,Pneumothorax,Support Devices,adapter_only,0.9,5,brier,5,0.24865573942661284,0.0015658621470834892,0.24728320073853804,0.25002827811468764
Pneumothorax__Support Devices,Pneumothorax,Support Devices,adapter_only,0.9,5,ece,5,0.025561401247978212,0.012558896906978655,0.01455304274306309,0.03656975975289333
Pneumothorax__Support Devices,Pneumothorax,Support Devices,adapter_only,0.9,5,sms_raw_logit,5,0.013174914941191673,0.0022878800157197948,0.011169499687302676,0.01518033019508067
Pneumothorax__Support Devices,Pneumothorax,Support Devices,adapter_only,0.9,5,sms_fixed_reference,5,0.8234553098678589,0.1332409381582792,0.7066644781856177,0.9402461415501
Pneumothorax__Support Devices,Pneumothorax,Support Devices,adapter_only,0.9,5,ranking_disagreement,5,0.48948737382888796,0.02412748403056534,0.4683387016168812,0.5106360460408947
Pneumothorax__Support Devices,Pneumothorax,Support Devices,adapter_only,0.9,5,support_swap_flip_rate,5,0.075,0.07280109803313582,0.011187024016822575,0.13881297598317743
Pneumothorax__Support Devices,Pneumothorax,Support Devices,adapter_only,0.9,5,d0_auroc,5,0.5476600050926208,0.02202936148932019,0.5283504183745347,0.5669695918107069
Pneumothorax__Support Devices,Pneumothorax,Support Devices,adapter_only,0.9,5,d1_auroc,5,0.534360009431839,0.03975705316292876,0.4995114158365454,0.5692086030271327
Pneumothorax__Support Devices,Pneumothorax,Support Devices,adapter_only,0.9,5,worst_nuisance_auroc,5,0.5314800083637238,0.03576432753543917,0.5001311930885105,0.562828823638937
Pneumothorax__Support Devices,Pneumothorax,Support Devices,adapter_only,0.9,10,auroc,5,0.5578825116157532,0.03212449115488414,0.5297241535975078,0.5860408696339986
Pneumothorax__Support Devices,Pneumothorax,Support Devices,adapter_only,0.9,10,auprc,5,0.5481713294982911,0.03599704625176265,0.5166185272742981,0.579724131722284
Pneumothorax__Support Devices,Pneumothorax,Support Devices,adapter_only,0.9,10,f1,5,0.6664437174797058,0.0004985739642519482,0.6660066981315612,0.6668807368278503
Pneumothorax__Support Devices,Pneumothorax,Support Devices,adapter_only,0.9,10,brier,5,0.2478410243988037,0.002899996018473885,0.24529906581194347,0.25038298298566397
Pneumothorax__Support Devices,Pneumothorax,Support Devices,adapter_only,0.9,10,ece,5,0.03936833143234253,0.022144949670857932,0.019957427205981357,0.0587792356587037
Pneumothorax__Support Devices,Pneumothorax,Support Devices,adapter_only,0.9,10,sms_raw_logit,5,0.009751056507229804,0.0013082435490070767,0.008604330476601287,0.010897782537858322
Pneumothorax__Support Devices,Pneumothorax,Support Devices,adapter_only,0.9,10,sms_fixed_reference,5,0.8132007122039795,0.1057716293103997,0.720487791338226,0.9059136330697329
Pneumothorax__Support Devices,Pneumothorax,Support Devices,adapter_only,0.9,10,ranking_disagreement,5,0.47934956550598146,0.007180055471431956,0.47305596939637573,0.4856431616155872
Pneumothorax__Support Devices,Pneumothorax,Support Devices,adapter_only,0.9,10,support_swap_flip_rate,5,0.04800000116229057,0.03479403754991395,0.017501682558361747,0.07849831976621939
Pneumothorax__Support Devices,Pneumothorax,Support Devices,adapter_only,0.9,10,d0_auroc,5,0.5611999988555908,0.01826841624162193,0.5451870259970398,0.5772129717141418
Pneumothorax__Support Devices,Pneumothorax,Support Devices,adapter_only,0.9,10,d1_auroc,5,0.5555799901485443,0.05699076521954507,0.5056253819012559,0.6055345983958327
Pneumothorax__Support Devices,Pneumothorax,Support Devices,adapter_only,0.9,10,worst_nuisance_auroc,5,0.5387399971485138,0.043123179931987186,0.5009408633488336,0.5765391309481941
Edema__Cardiomegaly,Edema,Cardiomegaly,adapter_only,0.9,1,auroc,5,0.6176524996757508,0.016323488593032114,0.6033443310671576,0.6319606682843439
Edema__Cardiomegaly,Edema,Cardiomegaly,adapter_only,0.9,1,auprc,5,0.5956737160682678,0.014692428456658649,0.5827952347050805,0.608552197431455
Edema__Cardiomegaly,Edema,Cardiomegaly,adapter_only,0.9,1,f1,5,0.6704481482505799,0.007821837483763827,0.6635920054041003,0.6773042910970594
Edema__Cardiomegaly,Edema,Cardiomegaly,adapter_only,0.9,1,brier,5,0.2416096568107605,0.002504292462091185,0.23941454768389622,0.24380476593762476
Edema__Cardiomegaly,Edema,Cardiomegaly,adapter_only,0.9,1,ece,5,0.04804202802479267,0.019649683510084337,0.03081832102334981,0.06526573502623553
Edema__Cardiomegaly,Edema,Cardiomegaly,adapter_only,0.9,1,sms_raw_logit,5,0.03166579082608223,0.003900082976871435,0.028247217369645916,0.03508436428251854
Edema__Cardiomegaly,Edema,Cardiomegaly,adapter_only,0.9,1,sms_fixed_reference,5,0.7794284701347352,0.08419941744620574,0.7056244266731009,0.8532325135963694
Edema__Cardiomegaly,Edema,Cardiomegaly,adapter_only,0.9,1,ranking_disagreement,5,0.4711979925632477,0.015394815974255417,0.45770384139559006,0.4846921437309053
Edema__Cardiomegaly,Edema,Cardiomegaly,adapter_only,0.9,1,support_swap_flip_rate,5,0.22900000363588333,0.11748138273142042,0.12602303134765797,0.3319769759241087
Edema__Cardiomegaly,Edema,Cardiomegaly,adapter_only,0.9,1,d0_auroc,5,0.6309099912643432,0.01030294373790827,0.6218790628983463,0.6399409196303402
Edema__Cardiomegaly,Edema,Cardiomegaly,adapter_only,0.9,1,d1_auroc,5,0.6068600058555603,0.032423652094403656,0.5784394217120994,0.6352805899990213
Edema__Cardiomegaly,Edema,Cardiomegaly,adapter_only,0.9,1,worst_nuisance_auroc,5,0.6019799947738648,0.02396906617680503,0.5809701819330821,0.6229898076146474
Edema__Cardiomegaly,Edema,Cardiomegaly,adapter_only,0.9,3,auroc,5,0.6385650038719177,0.019600770603416563,0.6213841709235151,0.6557458368203204
Edema__Cardiomegaly,Edema,Cardiomegaly,adapter_only,0.9,3,auprc,5,0.616627287864685,0.02535932910315851,0.5943988558392121,0.6388557198901579
Edema__Cardiomegaly,Edema,Cardiomegaly,adapter_only,0.9,3,f1,5,0.6772050976753234,0.005085197750965601,0.6727477253180497,0.6816624700325972
Edema__Cardiomegaly,Edema,Cardiomegaly,adapter_only,0.9,3,brier,5,0.23700136840343475,0.0025026379954263293,0.2348077094805427,0.2391950273263268
Edema__Cardiomegaly,Edema,Cardiomegaly,adapter_only,0.9,3,ece,5,0.05393315777182579,0.010236229125595277,0.04496070734185284,0.06290560820179875
Edema__Cardiomegaly,Edema,Cardiomegaly,adapter_only,0.9,3,sms_raw_logit,5,0.017775201797485353,0.00236750489109904,0.015699992263049564,0.01985041133192114
Edema__Cardiomegaly,Edema,Cardiomegaly,adapter_only,0.9,3,sms_fixed_reference,5,0.7708629488945007,0.10028890075052223,0.6829558515034769,0.8587700462855244
Edema__Cardiomegaly,Edema,Cardiomegaly,adapter_only,0.9,3,ranking_disagreement,5,0.449715393781662,0.015392326714076627,0.43622342454675395,0.46320736301657
Edema__Cardiomegaly,Edema,Cardiomegaly,adapter_only,0.9,3,support_swap_flip_rate,5,0.2665000021457672,0.0669094551290659,0.2078512788633904,0.325148725428144
Edema__Cardiomegaly,Edema,Cardiomegaly,adapter_only,0.9,3,d0_auroc,5,0.6713799953460693,0.03231598108202046,0.6430537890061433,0.6997062016859953
Edema__Cardiomegaly,Edema,Cardiomegaly,adapter_only,0.9,3,d1_auroc,5,0.6083800196647644,0.029964095222602113,0.5821153321743745,0.6346447071551543
Edema__Cardiomegaly,Edema,Cardiomegaly,adapter_only,0.9,3,worst_nuisance_auroc,5,0.6083800196647644,0.029964095222602113,0.5821153321743745,0.6346447071551543
Edema__Cardiomegaly,Edema,Cardiomegaly,adapter_only,0.9,5,auroc,5,0.6742599964141845,0.009143548013439199,0.66624532320806,0.6822746696203091
Edema__Cardiomegaly,Edema,Cardiomegaly,adapter_only,0.9,5,auprc,5,0.6406912684440613,0.019533922616952408,0.6235690303392807,0.657813506548842
Edema__Cardiomegaly,Edema,Cardiomegaly,adapter_only,0.9,5,f1,5,0.6912457942962646,0.006082137541851143,0.6859145656833683,0.696577022909161
Edema__Cardiomegaly,Edema,Cardiomegaly,adapter_only,0.9,5,brier,5,0.22885066270828247,0.0010354452327300883,0.22794305494475633,0.2297582704718086
Edema__Cardiomegaly,Edema,Cardiomegaly,adapter_only,0.9,5,ece,5,0.06489562168717385,0.018473235750052656,0.048703116613787,0.0810881267605607
Edema__Cardiomegaly,Edema,Cardiomegaly,adapter_only,0.9,5,sms_raw_logit,5,0.013352083042263985,0.0015956480058117119,0.011953435897874454,0.014750730186653516
Edema__Cardiomegaly,Edema,Cardiomegaly,adapter_only,0.9,5,sms_fixed_reference,5,0.7343375563621521,0.07980023557204205,0.6643895658291957,0.8042855468951086
Edema__Cardiomegaly,Edema,Cardiomegaly,adapter_only,0.9,5,ranking_disagreement,5,0.40868266224861144,0.016421441130858496,0.3942886344550241,0.4230766900421988
Edema__Cardiomegaly,Edema,Cardiomegaly,adapter_only,0.9,5,support_swap_flip_rate,5,0.2719999969005585,0.03663161045281839,0.23989097463022332,0.3041090191708936
Edema__Cardiomegaly,Edema,Cardiomegaly,adapter_only,0.9,5,d0_auroc,5,0.715120005607605,0.0414693470865855,0.6787705202128949,0.7514694910023152
Edema__Cardiomegaly,Edema,Cardiomegaly,adapter_only,0.9,5,d1_auroc,5,0.6351199984550476,0.029868495829264236,0.6089391075275653,0.66130088938253
Edema__Cardiomegaly,Edema,Cardiomegaly,adapter_only,0.9,5,worst_nuisance_auroc,5,0.6292000055313111,0.020407246740172347,0.6113122650810137,0.6470877459816085
Edema__Cardiomegaly,Edema,Cardiomegaly,adapter_only,0.9,10,auroc,5,0.7023400068283081,0.016067653795284388,0.6882560873072343,0.7164239263493819
Edema__Cardiomegaly,Edema,Cardiomegaly,adapter_only,0.9,10,auprc,5,0.6615902066230774,0.02574095729133355,0.6390272627418159,0.684153150504339
Edema__Cardiomegaly,Edema,Cardiomegaly,adapter_only,0.9,10,f1,5,0.709580373764038,0.009653900731458548,0.7011183566768762,0.7180423908511999
Edema__Cardiomegaly,Edema,Cardiomegaly,adapter_only,0.9,10,brier,5,0.2249393343925476,0.0026316896172773243,0.2226325567356219,0.2272461120494733
Edema__Cardiomegaly,Edema,Cardiomegaly,adapter_only,0.9,10,ece,5,0.08928804248571395,0.010210565908966072,0.08033808685692745,0.09823799811450046
Edema__Cardiomegaly,Edema,Cardiomegaly,adapter_only,0.9,10,sms_raw_logit,5,0.010320166684687137,0.0009631679048043293,0.009475912792402836,0.011164420576971439
Edema__Cardiomegaly,Edema,Cardiomegaly,adapter_only,0.9,10,sms_fixed_reference,5,0.7058007717132568,0.06540110169701738,0.648474178507677,0.7631273649188367
Edema__Cardiomegaly,Edema,Cardiomegaly,adapter_only,0.9,10,ranking_disagreement,5,0.37796240448951723,0.01437538013859036,0.3653618282301402,0.3905629807488943
Edema__Cardiomegaly,Edema,Cardiomegaly,adapter_only,0.9,10,support_swap_flip_rate,5,0.2764999955892563,0.033800891091324975,0.24687220823859057,0.30612778293992204
Edema__Cardiomegaly,Edema,Cardiomegaly,adapter_only,0.9,10,d0_auroc,5,0.7522799968719482,0.04454993912308985,0.7132302535010474,0.7913297402428491
Edema__Cardiomegaly,Edema,Cardiomegaly,adapter_only,0.9,10,d1_auroc,5,0.649779999256134,0.03199002762823324,0.6217395037156344,0.6778204947966338
Edema__Cardiomegaly,Edema,Cardiomegaly,adapter_only,0.9,10,worst_nuisance_auroc,5,0.649779999256134,0.03199002762823324,0.6217395037156344,0.6778204947966338
Pneumothorax__Support Devices,Pneumothorax,Support Devices,adapter_only,0.8,1,auroc,5,0.5206199884414673,0.019050455356944086,0.5039215280747301,0.5373184488082045
Pneumothorax__Support Devices,Pneumothorax,Support Devices,adapter_only,0.8,1,auprc,5,0.5175260066986084,0.022813358309265123,0.4975292164685744,0.5375227969286424
Pneumothorax__Support Devices,Pneumothorax,Support Devices,adapter_only,0.8,1,f1,5,0.6666666865348816,0.0,0.6666666865348816,0.6666666865348816
Pneumothorax__Support Devices,Pneumothorax,Support Devices,adapter_only,0.8,1,brier,5,0.24967639446258544,0.000504113951457377,0.24923451910155048,0.2501182698236204
Pneumothorax__Support Devices,Pneumothorax,Support Devices,adapter_only,0.8,1,ece,5,0.006859422009438276,0.006732537570789274,0.0009580926350506776,0.012760751383825875
Pneumothorax__Support Devices,Pneumothorax,Support Devices,adapter_only,0.8,1,sms_raw_logit,5,0.025902727246284486,0.0015632763722737747,0.024532455089763303,0.02727299940280567
Pneumothorax__Support Devices,Pneumothorax,Support Devices,adapter_only,0.8,1,sms_fixed_reference,5,0.6777404069900512,0.06594477994840758,0.6199372587854967,0.7355435551946058
Pneumothorax__Support Devices,Pneumothorax,Support Devices,adapter_only,0.8,1,ranking_disagreement,5,0.5123082637786865,0.009960840671702475,0.5035772019715378,0.5210393255858353
Pneumothorax__Support Devices,Pneumothorax,Support Devices,adapter_only,0.8,1,support_swap_flip_rate,5,0.0,0.0,0.0,0.0
Pneumothorax__Support Devices,Pneumothorax,Support Devices,adapter_only,0.8,1,d0_auroc,5,0.5253199934959412,0.03680124787371506,0.49306227747018216,0.5575777095217002
Pneumothorax__Support Devices,Pneumothorax,Support Devices,adapter_only,0.8,1,d1_auroc,5,0.5160399854183197,0.026626543575451588,0.4927007909336163,0.5393791799030232
Pneumothorax__Support Devices,Pneumothorax,Support Devices,adapter_only,0.8,1,worst_nuisance_auroc,5,0.49923998713493345,0.026272753893810695,0.4762109029791617,0.5222690712907052
Pneumothorax__Support Devices,Pneumothorax,Support Devices,adapter_only,0.8,3,auroc,5,0.5321974873542785,0.02182467294785277,0.5130673180534235,0.5513276566551335
Pneumothorax__Support Devices,Pneumothorax,Support Devices,adapter_only,0.8,3,auprc,5,0.5323872089385986,0.02592323488770527,0.5096644916996022,0.555109926177595
Pneumothorax__Support Devices,Pneumothorax,Support Devices,adapter_only,0.8,3,f1,5,0.667792809009552,0.002518086404353322,0.6655856089591979,0.670000009059906
Pneumothorax__Support Devices,Pneumothorax,Support Devices,adapter_only,0.8,3,brier,5,0.2495252639055252,0.0010199965508124584,0.24863119750874788,0.25041933030230257
Pneumothorax__Support Devices,Pneumothorax,Support Devices,adapter_only,0.8,3,ece,5,0.013798503018915654,0.00552427487472312,0.00895626259357584,0.018640743444255467
Pneumothorax__Support Devices,Pneumothorax,Support Devices,adapter_only,0.8,3,sms_raw_logit,5,0.014143572002649308,0.0016643759965363847,0.012684682118246578,0.015602461887052037
Pneumothorax__Support Devices,Pneumothorax,Support Devices,adapter_only,0.8,3,sms_fixed_reference,5,0.6727080702781677,0.058746784394068226,0.6212142433592208,0.7242018971971146
Pneumothorax__Support Devices,Pneumothorax,Support Devices,adapter_only,0.8,3,ranking_disagreement,5,0.48775439262390136,0.024772214775718112,0.46604058899674305,0.5094681962510597
Pneumothorax__Support Devices,Pneumothorax,Support Devices,adapter_only,0.8,3,support_swap_flip_rate,5,0.03949999958276749,0.05613599472144385,-0.009705369288465895,0.08870536845400087
Pneumothorax__Support Devices,Pneumothorax,Support Devices,adapter_only,0.8,3,d0_auroc,5,0.5499799966812133,0.024107492706994707,0.5288488476369244,0.5711111457255023
Pneumothorax__Support Devices,Pneumothorax,Support Devices,adapter_only,0.8,3,d1_auroc,5,0.5133300065994263,0.03393219115189422,0.4835871296712946,0.543072883527558
Pneumothorax__Support Devices,Pneumothorax,Support Devices,adapter_only,0.8,3,worst_nuisance_auroc,5,0.5132000088691712,0.033837026105031295,0.48354054778247546,0.5428594699558669
Pneumothorax__Support Devices,Pneumothorax,Support Devices,adapter_only,0.8,5,auroc,5,0.5432775020599365,0.03191681020880933,0.5153011844172086,0.5712538197026644
Pneumothorax__Support Devices,Pneumothorax,Support Devices,adapter_only,0.8,5,auprc,5,0.5329011678695679,0.028040348727407433,0.508322718529593,0.5574796172095428
Pneumothorax__Support Devices,Pneumothorax,Support Devices,adapter_only,0.8,5,f1,5,0.666442596912384,0.0005010796289568072,0.6660033812522889,0.6668818125724792
Pneumothorax__Support Devices,Pneumothorax,Support Devices,adapter_only,0.8,5,brier,5,0.24874610006809234,0.0018550628692442085,0.2471200657702513,0.25037213436593336
Pneumothorax__Support Devices,Pneumothorax,Support Devices,adapter_only,0.8,5,ece,5,0.01912297457456589,0.010263084089029728,0.010126984731274035,0.028118964417857745
Pneumothorax__Support Devices,Pneumothorax,Support Devices,adapter_only,0.8,5,sms_raw_logit,5,0.010992269217967986,0.001348321002800424,0.009810413750209033,0.01217412468572694
Pneumothorax__Support Devices,Pneumothorax,Support Devices,adapter_only,0.8,5,sms_fixed_reference,5,0.686837089061737,0.06441450120695785,0.6303752893150211,0.743298888808453
Pneumothorax__Support Devices,Pneumothorax,Support Devices,adapter_only,0.8,5,ranking_disagreement,5,0.4914661645889282,0.018453105895364166,0.47529130411113796,0.5076410250667185
Pneumothorax__Support Devices,Pneumothorax,Support Devices,adapter_only,0.8,5,support_swap_flip_rate,5,0.01900000050663948,0.026960620057092332,-0.004632024925335983,0.04263202593861494
Pneumothorax__Support Devices,Pneumothorax,Support Devices,adapter_only,0.8,5,d0_auroc,5,0.549750006198883,0.027168133339600685,0.5259360873549859,0.5735639250427802
Pneumothorax__Support Devices,Pneumothorax,Support Devices,adapter_only,0.8,5,d1_auroc,5,0.5370800018310546,0.0386403638800591,0.5032102295490879,0.5709497741130214
Pneumothorax__Support Devices,Pneumothorax,Support Devices,adapter_only,0.8,5,worst_nuisance_auroc,5,0.534060001373291,0.034437531275063535,0.5038741742972307,0.5642458284493513
Pneumothorax__Support Devices,Pneumothorax,Support Devices,adapter_only,0.8,10,auroc,5,0.5603600144386292,0.030400696937178246,0.5337126286719883,0.58700740020527
Pneumothorax__Support Devices,Pneumothorax,Support Devices,adapter_only,0.8,10,auprc,5,0.550290322303772,0.03504923962977471,0.5195683092140044,0.5810123353935395
Pneumothorax__Support Devices,Pneumothorax,Support Devices,adapter_only,0.8,10,f1,5,0.6655507326126099,0.0019309444852131912,0.6638581851457616,0.6672432800794582
Pneumothorax__Support Devices,Pneumothorax,Support Devices,adapter_only,0.8,10,brier,5,0.2471934288740158,0.0024633574689747885,0.2450342008506401,0.2493526568973915
Pneumothorax__Support Devices,Pneumothorax,Support Devices,adapter_only,0.8,10,ece,5,0.03215670101344585,0.014344298766564146,0.019583368777857157,0.044730033249034545
Pneumothorax__Support Devices,Pneumothorax,Support Devices,adapter_only,0.8,10,sms_raw_logit,5,0.008174529951065778,0.0006530058482495228,0.007602145088240567,0.008746914813890989
Pneumothorax__Support Devices,Pneumothorax,Support Devices,adapter_only,0.8,10,sms_fixed_reference,5,0.681678307056427,0.04898829503226855,0.6387381732011916,0.7246184409116623
Pneumothorax__Support Devices,Pneumothorax,Support Devices,adapter_only,0.8,10,ranking_disagreement,5,0.481113988161087,0.004199154017647591,0.4774332673791581,0.48479470894301596
Pneumothorax__Support Devices,Pneumothorax,Support Devices,adapter_only,0.8,10,support_swap_flip_rate,5,0.04499999918043614,0.05199158455006835,-0.0005726340058210821,0.09057263236669336
Pneumothorax__Support Devices,Pneumothorax,Support Devices,adapter_only,0.8,10,d0_auroc,5,0.567140007019043,0.02323710945754011,0.5467717825307591,0.5875082315073269
Pneumothorax__Support Devices,Pneumothorax,Support Devices,adapter_only,0.8,10,d1_auroc,5,0.5545200049877167,0.053990574965074443,0.5071951794473644,0.601844830528069
Pneumothorax__Support Devices,Pneumothorax,Support Devices,adapter_only,0.8,10,worst_nuisance_auroc,5,0.5421000063419342,0.04496259872313525,0.5026885508834638,0.5815114618004047
Edema__Cardiomegaly,Edema,Cardiomegaly,adapter_only,0.8,1,auroc,5,0.6242150068283081,0.01258824107385135,0.6131809270270597,0.6352490866295565
Edema__Cardiomegaly,Edema,Cardiomegaly,adapter_only,0.8,1,auprc,5,0.6042447924613953,0.013252648689329214,0.5926283337077,0.6158612512150906
Edema__Cardiomegaly,Edema,Cardiomegaly,adapter_only,0.8,1,f1,5,0.671082055568695,0.007263286819729636,0.6647155039656495,0.6774486071717406
Edema__Cardiomegaly,Edema,Cardiomegaly,adapter_only,0.8,1,brier,5,0.2406538188457489,0.0020786006253012083,0.23883184506562005,0.24247579262587776
Edema__Cardiomegaly,Edema,Cardiomegaly,adapter_only,0.8,1,ece,5,0.06316008940339088,0.015367249515017112,0.04969010130262154,0.07663007750416022
Edema__Cardiomegaly,Edema,Cardiomegaly,adapter_only,0.8,1,sms_raw_logit,5,0.02597448006272316,0.0022540140018793365,0.023998749678791256,0.027950210446655067
Edema__Cardiomegaly,Edema,Cardiomegaly,adapter_only,0.8,1,sms_fixed_reference,5,0.6418052554130554,0.0712596386164799,0.5793434281816363,0.7042670826444746
Edema__Cardiomegaly,Edema,Cardiomegaly,adapter_only,0.8,1,ranking_disagreement,5,0.46921303272247317,0.012597511788077612,0.45817082678191856,0.4802552386630278
Edema__Cardiomegaly,Edema,Cardiomegaly,adapter_only,0.8,1,support_swap_flip_rate,5,0.22650000005960463,0.13408952274106867,0.10896535119514751,0.34403464892406177
Edema__Cardiomegaly,Edema,Cardiomegaly,adapter_only,0.8,1,d0_auroc,5,0.6429399967193603,0.008259117835306943,0.6357005607451008,0.6501794326936198
Edema__Cardiomegaly,Edema,Cardiomegaly,adapter_only,0.8,1,d1_auroc,5,0.6073400139808655,0.02816882735398484,0.582648948159359,0.6320310798023719
Edema__Cardiomegaly,Edema,Cardiomegaly,adapter_only,0.8,1,worst_nuisance_auroc,5,0.6063000082969665,0.026812579509824734,0.5827977461260208,0.6298022704679123
Edema__Cardiomegaly,Edema,Cardiomegaly,adapter_only,0.8,3,auroc,5,0.6468950033187866,0.01571378245592999,0.6331212657027862,0.660668740934787
Edema__Cardiomegaly,Edema,Cardiomegaly,adapter_only,0.8,3,auprc,5,0.6258743524551391,0.023535575112422765,0.6052445112854947,0.6465041936247835
Edema__Cardiomegaly,Edema,Cardiomegaly,adapter_only,0.8,3,f1,5,0.6749040961265564,0.011099982622924458,0.6651745323745376,0.6846336598785753
Edema__Cardiomegaly,Edema,Cardiomegaly,adapter_only,0.8,3,brier,5,0.23531248271465302,0.0024226152487467015,0.23318896682187915,0.2374359986074269
Edema__Cardiomegaly,Edema,Cardiomegaly,adapter_only,0.8,3,ece,5,0.06391856670379639,0.00864021347040323,0.056345085677103446,0.07149204773048934
Edema__Cardiomegaly,Edema,Cardiomegaly,adapter_only,0.8,3,sms_raw_logit,5,0.014440367370843888,0.0007615573615316637,0.013772832911417015,0.01510790183027076
Edema__Cardiomegaly,Edema,Cardiomegaly,adapter_only,0.8,3,sms_fixed_reference,5,0.6267568588256835,0.04120420582938284,0.5906397799898735,0.6628739376614936
Edema__Cardiomegaly,Edema,Cardiomegaly,adapter_only,0.8,3,ranking_disagreement,5,0.44757729172706606,0.012732388255125904,0.4364168613505485,0.4587377221035836
Edema__Cardiomegaly,Edema,Cardiomegaly,adapter_only,0.8,3,support_swap_flip_rate,5,0.2659999966621399,0.056446874732867865,0.21652212944625765,0.3154778638780222
Edema__Cardiomegaly,Edema,Cardiomegaly,adapter_only,0.8,3,d0_auroc,5,0.6807600021362304,0.03107253321745204,0.653523725905352,0.7079962783671089
Edema__Cardiomegaly,Edema,Cardiomegaly,adapter_only,0.8,3,d1_auroc,5,0.6157599925994873,0.025594581368182937,0.5933253528718839,0.6381946323270907
Edema__Cardiomegaly,Edema,Cardiomegaly,adapter_only,0.8,3,worst_nuisance_auroc,5,0.6157599925994873,0.025594581368182937,0.5933253528718839,0.6381946323270907
Edema__Cardiomegaly,Edema,Cardiomegaly,adapter_only,0.8,5,auroc,5,0.6827900052070618,0.011802395457458596,0.6724447494592987,0.6931352609548249
Edema__Cardiomegaly,Edema,Cardiomegaly,adapter_only,0.8,5,auprc,5,0.648865795135498,0.0189752737341715,0.6322332343666787,0.6654983559043174
Edema__Cardiomegaly,Edema,Cardiomegaly,adapter_only,0.8,5,f1,5,0.6937389612197876,0.015608502847918395,0.6800575052489694,0.7074204171906059
Edema__Cardiomegaly,Edema,Cardiomegaly,adapter_only,0.8,5,brier,5,0.2282211035490036,0.0025285349095765294,0.2260047449800162,0.23043746211799102
Edema__Cardiomegaly,Edema,Cardiomegaly,adapter_only,0.8,5,ece,5,0.06207473427057266,0.01046029346493595,0.05290588278771277,0.07124358575343255
Edema__Cardiomegaly,Edema,Cardiomegaly,adapter_only,0.8,5,sms_raw_logit,5,0.010837174020707607,0.0005879332088620738,0.010321827841179496,0.011352520200235718
Edema__Cardiomegaly,Edema,Cardiomegaly,adapter_only,0.8,5,sms_fixed_reference,5,0.5968749284744262,0.03957207992619971,0.5621884710698196,0.6315613858790329
Edema__Cardiomegaly,Edema,Cardiomegaly,adapter_only,0.8,5,ranking_disagreement,5,0.4047087490558624,0.016599070128843367,0.39015902258068147,0.41925847553104334
Edema__Cardiomegaly,Edema,Cardiomegaly,adapter_only,0.8,5,support_swap_flip_rate,5,0.2729999989271164,0.03718197838077414,0.2404085578977597,0.3055914399564731
Edema__Cardiomegaly,Edema,Cardiomegaly,adapter_only,0.8,5,d0_auroc,5,0.7241400003433227,0.04074031905869335,0.6884295361899374,0.759850464496708
Edema__Cardiomegaly,Edema,Cardiomegaly,adapter_only,0.8,5,d1_auroc,5,0.6436199903488159,0.034965230102017186,0.6129716148568592,0.6742683658407725
Edema__Cardiomegaly,Edema,Cardiomegaly,adapter_only,0.8,5,worst_nuisance_auroc,5,0.6373599886894226,0.023854204808100833,0.6164508562773772,0.658269121101468
Edema__Cardiomegaly,Edema,Cardiomegaly,adapter_only,0.8,10,auroc,5,0.7097100019454956,0.021059238761909488,0.6912507652904926,0.7281692386004986
Edema__Cardiomegaly,Edema,Cardiomegaly,adapter_only,0.8,10,auprc,5,0.6734101295471191,0.030456038035251716,0.6467142351692394,0.7001060239249988
Edema__Cardiomegaly,Edema,Cardiomegaly,adapter_only,0.8,10,f1,5,0.7097665190696716,0.015583336463382908,0.6961071224075085,0.7234259157318347
Edema__Cardiomegaly,Edema,Cardiomegaly,adapter_only,0.8,10,brier,5,0.22569217383861542,0.003927501521950969,0.22224956696776746,0.2291347807094634
Edema__Cardiomegaly,Edema,Cardiomegaly,adapter_only,0.8,10,ece,5,0.09126503765583038,0.007223250450455063,0.08493357947774677,0.097596495833914
Edema__Cardiomegaly,Edema,Cardiomegaly,adapter_only,0.8,10,sms_raw_logit,5,0.00832743477076292,0.0005240105936634363,0.007868119233885227,0.008786750307640614
Edema__Cardiomegaly,Edema,Cardiomegaly,adapter_only,0.8,10,sms_fixed_reference,5,0.5702095746994018,0.04840291556729901,0.5277825485684777,0.6126366008303259
Edema__Cardiomegaly,Edema,Cardiomegaly,adapter_only,0.8,10,ranking_disagreement,5,0.3707261323928833,0.008693022897657004,0.363106361862267,0.3783459029234996
Edema__Cardiomegaly,Edema,Cardiomegaly,adapter_only,0.8,10,support_swap_flip_rate,5,0.22450000047683716,0.051913396124944396,0.17899590246696323,0.2700040984867111
Edema__Cardiomegaly,Edema,Cardiomegaly,adapter_only,0.8,10,d0_auroc,5,0.7583999991416931,0.04750361677284221,0.7167612431594728,0.8000387551239134
Edema__Cardiomegaly,Edema,Cardiomegaly,adapter_only,0.8,10,d1_auroc,5,0.659060001373291,0.03304124573799251,0.6300980725329719,0.6880219302136101
Edema__Cardiomegaly,Edema,Cardiomegaly,adapter_only,0.8,10,worst_nuisance_auroc,5,0.659060001373291,0.03304124573799251,0.6300980725329719,0.6880219302136101
Pneumothorax__Support Devices,Pneumothorax,Support Devices,adapter_only,0.5,1,auroc,5,0.5214499950408935,0.020619065114202893,0.5033765875995755,0.5395234024822115
Pneumothorax__Support Devices,Pneumothorax,Support Devices,adapter_only,0.5,1,auprc,5,0.5215140581130981,0.027628010315058495,0.497297039327264,0.5457310768989323
Pneumothorax__Support Devices,Pneumothorax,Support Devices,adapter_only,0.5,1,f1,5,0.6666666865348816,0.0,0.6666666865348816,0.6666666865348816
Pneumothorax__Support Devices,Pneumothorax,Support Devices,adapter_only,0.5,1,brier,5,0.24943418502807618,0.0008754268012764509,0.24866683960398028,0.2502015304521721
Pneumothorax__Support Devices,Pneumothorax,Support Devices,adapter_only,0.5,1,ece,5,0.016167915612459182,0.013709021015740173,0.004151428877161233,0.028184402347757133
Pneumothorax__Support Devices,Pneumothorax,Support Devices,adapter_only,0.5,1,sms_raw_logit,5,0.013535951264202595,0.0016966639575629503,0.012048759734121442,0.015023142794283748
Pneumothorax__Support Devices,Pneumothorax,Support Devices,adapter_only,0.5,1,sms_fixed_reference,5,0.3535871088504791,0.04695064812826155,0.3124330512559124,0.3947411664450458
Pneumothorax__Support Devices,Pneumothorax,Support Devices,adapter_only,0.5,1,ranking_disagreement,5,0.5027142882347106,0.014635202587499625,0.4898859675574597,0.5155426089119616
Pneumothorax__Support Devices,Pneumothorax,Support Devices,adapter_only,0.5,1,support_swap_flip_rate,5,0.0,0.0,0.0,0.0
Pneumothorax__Support Devices,Pneumothorax,Support Devices,adapter_only,0.5,1,d0_auroc,5,0.5233800113201141,0.04559536234232509,0.48341391409489437,0.563346108545334
Pneumothorax__Support Devices,Pneumothorax,Support Devices,adapter_only,0.5,1,d1_auroc,5,0.5189999997615814,0.019634019962684334,0.5017900224647865,0.5362099770583763
Pneumothorax__Support Devices,Pneumothorax,Support Devices,adapter_only,0.5,1,worst_nuisance_auroc,5,0.5016200065612793,0.03483750619854795,0.47108358600688205,0.5321564271156765
Pneumothorax__Support Devices,Pneumothorax,Support Devices,adapter_only,0.5,3,auroc,5,0.539442491531372,0.019638901606345047,0.5222282352852469,0.5566567477774972
Pneumothorax__Support Devices,Pneumothorax,Support Devices,adapter_only,0.5,3,auprc,5,0.5405007600784302,0.021981622310717302,0.5212330185953742,0.5597685015614862
Pneumothorax__Support Devices,Pneumothorax,Support Devices,adapter_only,0.5,3,f1,5,0.6668892741203308,0.0004977209720119962,0.6664530024528503,0.6673255457878113
Pneumothorax__Support Devices,Pneumothorax,Support Devices,adapter_only,0.5,3,brier,5,0.24930233657360076,0.0014454611138673779,0.24803533404430028,0.25056933910290125
Pneumothorax__Support Devices,Pneumothorax,Support Devices,adapter_only,0.5,3,ece,5,0.03618316426873207,0.024487442556618225,0.014718974497257988,0.05764735404020615
Pneumothorax__Support Devices,Pneumothorax,Support Devices,adapter_only,0.5,3,sms_raw_logit,5,0.007593612186610699,0.0014821266693983584,0.006294470880866985,0.008892753492354412
Pneumothorax__Support Devices,Pneumothorax,Support Devices,adapter_only,0.5,3,sms_fixed_reference,5,0.36168195605278014,0.06631389940545253,0.3035552603786996,0.41980865172686066
Pneumothorax__Support Devices,Pneumothorax,Support Devices,adapter_only,0.5,3,ranking_disagreement,5,0.49032687544822695,0.033093469773155755,0.4613191702227755,0.5193345806736784
Pneumothorax__Support Devices,Pneumothorax,Support Devices,adapter_only,0.5,3,support_swap_flip_rate,5,0.003500000014901161,0.007826237954569272,-0.0033600000143051132,0.010360000044107436
Pneumothorax__Support Devices,Pneumothorax,Support Devices,adapter_only,0.5,3,d0_auroc,5,0.5576600074768067,0.027868227645114214,0.5332324289174563,0.5820875860361571
Pneumothorax__Support Devices,Pneumothorax,Support Devices,adapter_only,0.5,3,d1_auroc,5,0.5226799964904785,0.027568586839929948,0.4985150646771442,0.5468449283038127
Pneumothorax__Support Devices,Pneumothorax,Support Devices,adapter_only,0.5,3,worst_nuisance_auroc,5,0.519980001449585,0.027761339309321967,0.49564611464748926,0.5443138882516807
Pneumothorax__Support Devices,Pneumothorax,Support Devices,adapter_only,0.5,5,auroc,5,0.5493149995803833,0.034278684088928896,0.5192684082019658,0.5793615909588008
Pneumothorax__Support Devices,Pneumothorax,Support Devices,adapter_only,0.5,5,auprc,5,0.5426000118255615,0.03391838815076879,0.5128692337613633,0.5723307898897597
Pneumothorax__Support Devices,Pneumothorax,Support Devices,adapter_only,0.5,5,f1,5,0.665770697593689,0.0026695030466857873,0.6634307750045044,0.6681106201828736
Pneumothorax__Support Devices,Pneumothorax,Support Devices,adapter_only,0.5,5,brier,5,0.24849886894226075,0.0024545786979788577,0.2463473358509377,0.2506504020335838
Pneumothorax__Support Devices,Pneumothorax,Support Devices,adapter_only,0.5,5,ece,5,0.026796048134565355,0.013304703407149426,0.015133961408932558,0.038458134860198154
Pneumothorax__Support Devices,Pneumothorax,Support Devices,adapter_only,0.5,5,sms_raw_logit,5,0.005979288835078478,0.0008573427004001585,0.0052277948243001455,0.00673078284585681
Pneumothorax__Support Devices,Pneumothorax,Support Devices,adapter_only,0.5,5,sms_fixed_reference,5,0.37431554198265077,0.051088095563712965,0.32953485181023545,0.4190962321550661
Pneumothorax__Support Devices,Pneumothorax,Support Devices,adapter_only,0.5,5,ranking_disagreement,5,0.4958407521247864,0.020619652746886714,0.47776682960071065,0.5139146746488622
Pneumothorax__Support Devices,Pneumothorax,Support Devices,adapter_only,0.5,5,support_swap_flip_rate,5,0.025999999791383743,0.047749345297157256,-0.015854146739113232,0.06785414632188072
Pneumothorax__Support Devices,Pneumothorax,Support Devices,adapter_only,0.5,5,d0_auroc,5,0.5560200095176697,0.03156931132825,0.5283482880736038,0.5836917309617357
Pneumothorax__Support Devices,Pneumothorax,Support Devices,adapter_only,0.5,5,d1_auroc,5,0.5427000045776367,0.036632987943444835,0.5105897748835313,0.574810234271742
Pneumothorax__Support Devices,Pneumothorax,Support Devices,adapter_only,0.5,5,worst_nuisance_auroc,5,0.5417400002479553,0.035005474493727845,0.511056348991332,0.5724236515045786
Pneumothorax__Support Devices,Pneumothorax,Support Devices,adapter_only,0.5,10,auroc,5,0.565957510471344,0.028790263552798116,0.5407217318048211,0.591193289137867
Pneumothorax__Support Devices,Pneumothorax,Support Devices,adapter_only,0.5,10,auprc,5,0.5573150873184204,0.030141717825715633,0.5308947067517888,0.5837354678850519
Pneumothorax__Support Devices,Pneumothorax,Support Devices,adapter_only,0.5,10,f1,5,0.6659932851791381,0.0015057712075827792,0.6646734185218811,0.6673131518363952
Pneumothorax__Support Devices,Pneumothorax,Support Devices,adapter_only,0.5,10,brier,5,0.24742070138454436,0.001808668398955884,0.2458353336329265,0.24900606913616222
Pneumothorax__Support Devices,Pneumothorax,Support Devices,adapter_only,0.5,10,ece,5,0.02382529340684414,0.011328921826980615,0.013895055594615513,0.033755531219072765
Pneumothorax__Support Devices,Pneumothorax,Support Devices,adapter_only,0.5,10,sms_raw_logit,5,0.004439030960202217,0.0005346219708767589,0.003970414141097242,0.004907647779307193
Pneumothorax__Support Devices,Pneumothorax,Support Devices,adapter_only,0.5,10,sms_fixed_reference,5,0.3715425252914429,0.05581994462940551,0.32261418654032586,0.4204708640425599
Pneumothorax__Support Devices,Pneumothorax,Support Devices,adapter_only,0.5,10,ranking_disagreement,5,0.4785438418388367,0.011094396744536206,0.46881917432510367,0.4882685093525697
Pneumothorax__Support Devices,Pneumothorax,Support Devices,adapter_only,0.5,10,support_swap_flip_rate,5,0.04350000023841858,0.04846390397605844,0.001019515410186897,0.08598048506665026
Pneumothorax__Support Devices,Pneumothorax,Support Devices,adapter_only,0.5,10,d0_auroc,5,0.5728400111198425,0.02417835510097568,0.5516467484485976,0.5940332737910874
Pneumothorax__Support Devices,Pneumothorax,Support Devices,adapter_only,0.5,10,d1_auroc,5,0.5583599865436554,0.051536665644564654,0.513186107359405,0.6035338657279058
Pneumothorax__Support Devices,Pneumothorax,Support Devices,adapter_only,0.5,10,worst_nuisance_auroc,5,0.5470199882984161,0.04145813736530273,0.5106803286576345,0.5833596479391978
Edema__Cardiomegaly,Edema,Cardiomegaly,adapter_only,0.5,1,auroc,5,0.636614990234375,0.006242166431265047,0.631143490115242,0.642086490353508
Edema__Cardiomegaly,Edema,Cardiomegaly,adapter_only,0.5,1,auprc,5,0.6205815672874451,0.012942411109651069,0.6092370437621452,0.631926090812745
Edema__Cardiomegaly,Edema,Cardiomegaly,adapter_only,0.5,1,f1,5,0.6727154016494751,0.008138141206982093,0.6655820063653478,0.6798487969336023
Edema__Cardiomegaly,Edema,Cardiomegaly,adapter_only,0.5,1,brier,5,0.2372195154428482,0.0020523234097949115,0.2354205746576509,0.2390184562280455
Edema__Cardiomegaly,Edema,Cardiomegaly,adapter_only,0.5,1,ece,5,0.05863731056451797,0.018272958718714316,0.04262035604924165,0.0746542650797943
Edema__Cardiomegaly,Edema,Cardiomegaly,adapter_only,0.5,1,sms_raw_logit,5,0.013568228483200074,0.002163662619084054,0.011671694578114379,0.015464762388285768
Edema__Cardiomegaly,Edema,Cardiomegaly,adapter_only,0.5,1,sms_fixed_reference,5,0.33400821685791016,0.047668132913188166,0.2922252561205917,0.3757911775952286
Edema__Cardiomegaly,Edema,Cardiomegaly,adapter_only,0.5,1,ranking_disagreement,5,0.46832193732261657,0.012010116090027981,0.4577946064125897,0.47884926823264345
Edema__Cardiomegaly,Edema,Cardiomegaly,adapter_only,0.5,1,support_swap_flip_rate,5,0.20299999713897704,0.12539188957586822,0.09308915988281191,0.31291083439514217
Edema__Cardiomegaly,Edema,Cardiomegaly,adapter_only,0.5,1,d0_auroc,5,0.6583400011062622,0.020874210897646964,0.6400429485250905,0.676637053687434
Edema__Cardiomegaly,Edema,Cardiomegaly,adapter_only,0.5,1,d1_auroc,5,0.6175000071525574,0.029083242351088723,0.5920074212465284,0.6429925930585864
Edema__Cardiomegaly,Edema,Cardiomegaly,adapter_only,0.5,1,worst_nuisance_auroc,5,0.6125800132751464,0.02283872586679777,0.5925609874005505,0.6325990391497424
Edema__Cardiomegaly,Edema,Cardiomegaly,adapter_only,0.5,3,auroc,5,0.6661050081253052,0.016950065574676612,0.6512476205768672,0.6809623956737431
Edema__Cardiomegaly,Edema,Cardiomegaly,adapter_only,0.5,3,auprc,5,0.644580852985382,0.024415629138992496,0.6231796104498429,0.6659820955209211
Edema__Cardiomegaly,Edema,Cardiomegaly,adapter_only,0.5,3,f1,5,0.6842885375022888,0.01220120110953782,0.6735937131877644,0.6949833618168132
Edema__Cardiomegaly,Edema,Cardiomegaly,adapter_only,0.5,3,brier,5,0.23480287492275237,0.002330863792983734,0.23275978272688977,0.23684596711861497
Edema__Cardiomegaly,Edema,Cardiomegaly,adapter_only,0.5,3,ece,5,0.06753666847944259,0.010346670589762097,0.05846741183787628,0.0766059251210089
Edema__Cardiomegaly,Edema,Cardiomegaly,adapter_only,0.5,3,sms_raw_logit,5,0.007592139486223459,0.000974969050836046,0.006737541433361343,0.008446737539085576
Edema__Cardiomegaly,Edema,Cardiomegaly,adapter_only,0.5,3,sms_fixed_reference,5,0.3292402446269989,0.041934889615852164,0.2924826932134807,0.36599779604051713
Edema__Cardiomegaly,Edema,Cardiomegaly,adapter_only,0.5,3,ranking_disagreement,5,0.43865357637405394,0.0173078610881315,0.4234825672302852,0.4538245855178227
Edema__Cardiomegaly,Edema,Cardiomegaly,adapter_only,0.5,3,support_swap_flip_rate,5,0.23499999642372132,0.061517268316592086,0.1810777332752917,0.28892225957215095
Edema__Cardiomegaly,Edema,Cardiomegaly,adapter_only,0.5,3,d0_auroc,5,0.7062999963760376,0.036433300471397485,0.6743648004685394,0.7382351922835357
Edema__Cardiomegaly,Edema,Cardiomegaly,adapter_only,0.5,3,d1_auroc,5,0.6277199983596802,0.027781942633770706,0.6033680519474447,0.6520719447719157
Edema__Cardiomegaly,Edema,Cardiomegaly,adapter_only,0.5,3,worst_nuisance_auroc,5,0.6277199983596802,0.027781942633770706,0.6033680519474447,0.6520719447719157
Edema__Cardiomegaly,Edema,Cardiomegaly,adapter_only,0.5,5,auroc,5,0.6989724993705749,0.012273064543909903,0.6882146839785044,0.7097303147626455
Edema__Cardiomegaly,Edema,Cardiomegaly,adapter_only,0.5,5,auprc,5,0.6677867412567139,0.01595085744218134,0.6538051982529846,0.6817682842604432
Edema__Cardiomegaly,Edema,Cardiomegaly,adapter_only,0.5,5,f1,5,0.6975998640060425,0.01328278762257916,0.6859569873125688,0.7092427406995161
Edema__Cardiomegaly,Edema,Cardiomegaly,adapter_only,0.5,5,brier,5,0.2330024927854538,0.0019346331148560286,0.2313067120921684,0.23469827347873917
Edema__Cardiomegaly,Edema,Cardiomegaly,adapter_only,0.5,5,ece,5,0.09860891550779342,0.01465236678961388,0.08576554974404133,0.11145228127154552
Edema__Cardiomegaly,Edema,Cardiomegaly,adapter_only,0.5,5,sms_raw_logit,5,0.005954277981072664,0.0008611827026181061,0.0051994180599450445,0.006709137902200284
Edema__Cardiomegaly,Edema,Cardiomegaly,adapter_only,0.5,5,sms_fixed_reference,5,0.3270808577537537,0.041485092085283955,0.29071757125918457,0.3634441442483228
Edema__Cardiomegaly,Edema,Cardiomegaly,adapter_only,0.5,5,ranking_disagreement,5,0.39723057150840757,0.018405719187958396,0.38109724731102107,0.41336389570579407
Edema__Cardiomegaly,Edema,Cardiomegaly,adapter_only,0.5,5,support_swap_flip_rate,5,0.2790000021457672,0.08117497146178337,0.2078470024757872,0.3501530018157472
Edema__Cardiomegaly,Edema,Cardiomegaly,adapter_only,0.5,5,d0_auroc,5,0.7434999942779541,0.04060388516008671,0.707909119709483,0.7790908688464252
Edema__Cardiomegaly,Edema,Cardiomegaly,adapter_only,0.5,5,d1_auroc,5,0.6543999910354614,0.042758685978772124,0.6169203502724376,0.6918796317984852
Edema__Cardiomegaly,Edema,Cardiomegaly,adapter_only,0.5,5,worst_nuisance_auroc,5,0.6487799882888794,0.032367992622781346,0.620408191823377,0.6771517847543818
Edema__Cardiomegaly,Edema,Cardiomegaly,adapter_only,0.5,10,auroc,5,0.7286599993705749,0.021055781750750093,0.7102037929194568,0.747116205821693
Edema__Cardiomegaly,Edema,Cardiomegaly,adapter_only,0.5,10,auprc,5,0.6917519211769104,0.030974051715043294,0.6646019677889256,0.7189018745648953
Edema__Cardiomegaly,Edema,Cardiomegaly,adapter_only,0.5,10,f1,5,0.7096008062362671,0.00846535830225771,0.7021805925221128,0.7170210199504213
Edema__Cardiomegaly,Edema,Cardiomegaly,adapter_only,0.5,10,brier,5,0.23251697719097136,0.002786436308245932,0.23007455807888846,0.23495939630305426
Edema__Cardiomegaly,Edema,Cardiomegaly,adapter_only,0.5,10,ece,5,0.11321037262678146,0.011742424561056954,0.10291768368742037,0.12350306156614256
Edema__Cardiomegaly,Edema,Cardiomegaly,adapter_only,0.5,10,sms_raw_logit,5,0.00461048549041152,0.000457735209937685,0.004209262888726126,0.0050117080920969136
Edema__Cardiomegaly,Edema,Cardiomegaly,adapter_only,0.5,10,sms_fixed_reference,5,0.31598281264305117,0.03974598156982038,0.28114392372700286,0.3508217015590995
Edema__Cardiomegaly,Edema,Cardiomegaly,adapter_only,0.5,10,ranking_disagreement,5,0.3543921113014221,0.00795375827354538,0.3474203347843326,0.36136388781851164
Edema__Cardiomegaly,Edema,Cardiomegaly,adapter_only,0.5,10,support_swap_flip_rate,5,0.25349999964237213,0.038754028157090635,0.2195305962287835,0.2874694030559608
Edema__Cardiomegaly,Edema,Cardiomegaly,adapter_only,0.5,10,d0_auroc,5,0.7815200090408325,0.04347548235881097,0.743412068548546,0.819627949533119
Edema__Cardiomegaly,Edema,Cardiomegaly,adapter_only,0.5,10,d1_auroc,5,0.6741999983787537,0.03288928331979866,0.6453712704709004,0.703028726286607
Edema__Cardiomegaly,Edema,Cardiomegaly,adapter_only,0.5,10,worst_nuisance_auroc,5,0.6741999983787537,0.03288928331979866,0.6453712704709004,0.703028726286607
Pneumothorax__Support Devices,Pneumothorax,Support Devices,adapter_only,0.3,1,auroc,5,0.5217999994754792,0.02130161880545305,0.503128307345005,0.5404716916059533
Pneumothorax__Support Devices,Pneumothorax,Support Devices,adapter_only,0.3,1,auprc,5,0.5231453597545623,0.028050914202574086,0.4985576493672781,0.5477330701418466
Pneumothorax__Support Devices,Pneumothorax,Support Devices,adapter_only,0.3,1,f1,5,0.6666666865348816,0.0,0.6666666865348816,0.6666666865348816
Pneumothorax__Support Devices,Pneumothorax,Support Devices,adapter_only,0.3,1,brier,5,0.2494616836309433,0.0009483374397431239,0.24863042921444078,0.2502929380474458
Pneumothorax__Support Devices,Pneumothorax,Support Devices,adapter_only,0.3,1,ece,5,0.014586789812892676,0.012721881388586055,0.003435569110958086,0.025738010514827266
Pneumothorax__Support Devices,Pneumothorax,Support Devices,adapter_only,0.3,1,sms_raw_logit,5,0.009395435079932212,0.0006711993948843403,0.008807102870352313,0.009983767289512111
Pneumothorax__Support Devices,Pneumothorax,Support Devices,adapter_only,0.3,1,sms_fixed_reference,5,0.245542311668396,0.022176757992048823,0.2261035262192091,0.2649810971175829
Pneumothorax__Support Devices,Pneumothorax,Support Devices,adapter_only,0.3,1,ranking_disagreement,5,0.49900503158569337,0.013736228488500339,0.48696469644902907,0.5110453667223577
Pneumothorax__Support Devices,Pneumothorax,Support Devices,adapter_only,0.3,1,support_swap_flip_rate,5,0.003500000014901161,0.007826237954569272,-0.0033600000143051132,0.010360000044107436
Pneumothorax__Support Devices,Pneumothorax,Support Devices,adapter_only,0.3,1,d0_auroc,5,0.5278200030326843,0.04264940143847432,0.4904361543927708,0.5652038516725978
Pneumothorax__Support Devices,Pneumothorax,Support Devices,adapter_only,0.3,1,d1_auroc,5,0.5165799856185913,0.025561133296463437,0.4941746644185237,0.538985306818659
Pneumothorax__Support Devices,Pneumothorax,Support Devices,adapter_only,0.3,1,worst_nuisance_auroc,5,0.5014999985694886,0.03306365120072039,0.47251843047518044,0.5304815666637966
Pneumothorax__Support Devices,Pneumothorax,Support Devices,adapter_only,0.3,3,auroc,5,0.5411550164222717,0.017867628003651038,0.5254933499436374,0.556816682900906
Pneumothorax__Support Devices,Pneumothorax,Support Devices,adapter_only,0.3,3,auprc,5,0.5415263175964355,0.021681015651905194,0.522522069467428,0.5605305657254431
Pneumothorax__Support Devices,Pneumothorax,Support Devices,adapter_only,0.3,3,f1,5,0.6655473589897156,0.0019406746756445263,0.6638462826349099,0.6672484353445214
Pneumothorax__Support Devices,Pneumothorax,Support Devices,adapter_only,0.3,3,brier,5,0.24924732446670533,0.0011618273314336625,0.24822893790935383,0.25026571102405687
Pneumothorax__Support Devices,Pneumothorax,Support Devices,adapter_only,0.3,3,ece,5,0.033833570778369904,0.011192513122344984,0.02402290046756616,0.04364424108917365
Pneumothorax__Support Devices,Pneumothorax,Support Devices,adapter_only,0.3,3,sms_raw_logit,5,0.005391235835850239,0.0006997171234568062,0.004777906735046787,0.006004564936653692
Pneumothorax__Support Devices,Pneumothorax,Support Devices,adapter_only,0.3,3,sms_fixed_reference,5,0.257106739282608,0.03292224446233925,0.22824911965946265,0.2859643589057534
Pneumothorax__Support Devices,Pneumothorax,Support Devices,adapter_only,0.3,3,ranking_disagreement,5,0.48873562812805177,0.032827803604629766,0.45996078956656156,0.5175104666895419
Pneumothorax__Support Devices,Pneumothorax,Support Devices,adapter_only,0.3,3,support_swap_flip_rate,5,0.06000000089406967,0.056981357093806445,0.010053639232588778,0.10994636255555057
Pneumothorax__Support Devices,Pneumothorax,Support Devices,adapter_only,0.3,3,d0_auroc,5,0.5607299923896789,0.025959093362558756,0.5379758438116444,0.5834841409677134
Pneumothorax__Support Devices,Pneumothorax,Support Devices,adapter_only,0.3,3,d1_auroc,5,0.5231399893760681,0.02227470717033773,0.5036153476866515,0.5426646310654847
Pneumothorax__Support Devices,Pneumothorax,Support Devices,adapter_only,0.3,3,worst_nuisance_auroc,5,0.5222799897193908,0.02221478335555587,0.502807873569517,0.5417521058692647
Pneumothorax__Support Devices,Pneumothorax,Support Devices,adapter_only,0.3,5,auroc,5,0.5481449961662292,0.03508751126273608,0.5173894365110805,0.578900555821378
Pneumothorax__Support Devices,Pneumothorax,Support Devices,adapter_only,0.3,5,auprc,5,0.5421806097030639,0.03445316930867404,0.5119810752861781,0.5723801441199498
Pneumothorax__Support Devices,Pneumothorax,Support Devices,adapter_only,0.3,5,f1,5,0.664620578289032,0.0034675534399079603,0.661581133687791,0.6676600228902729
Pneumothorax__Support Devices,Pneumothorax,Support Devices,adapter_only,0.3,5,brier,5,0.24860450327396394,0.0018654024700612403,0.2469694059164104,0.2502396006315175
Pneumothorax__Support Devices,Pneumothorax,Support Devices,adapter_only,0.3,5,ece,5,0.027636561915278433,0.011443519332763911,0.017605874960360323,0.03766724887019654
Pneumothorax__Support Devices,Pneumothorax,Support Devices,adapter_only,0.3,5,sms_raw_logit,5,0.004251682013273239,0.00040417655825424997,0.0038974056396792237,0.004605958386867255
Pneumothorax__Support Devices,Pneumothorax,Support Devices,adapter_only,0.3,5,sms_fixed_reference,5,0.2661016970872879,0.02165514206485303,0.24712012815727272,0.2850832660173031
Pneumothorax__Support Devices,Pneumothorax,Support Devices,adapter_only,0.3,5,ranking_disagreement,5,0.4959424793720245,0.023121304840953736,0.47567576210570045,0.5162091966383486
Pneumothorax__Support Devices,Pneumothorax,Support Devices,adapter_only,0.3,5,support_swap_flip_rate,5,0.049000000953674315,0.09247635101528794,-0.03205909466140137,0.13005909656875
Pneumothorax__Support Devices,Pneumothorax,Support Devices,adapter_only,0.3,5,d0_auroc,5,0.5577100038528442,0.03479073907180122,0.5272145764924581,0.5882054312132303
Pneumothorax__Support Devices,Pneumothorax,Support Devices,adapter_only,0.3,5,d1_auroc,5,0.5387500047683715,0.037095962763114186,0.5062339597521548,0.5712660497845883
Pneumothorax__Support Devices,Pneumothorax,Support Devices,adapter_only,0.3,5,worst_nuisance_auroc,5,0.5387500047683715,0.037095962763114186,0.5062339597521548,0.5712660497845883
Pneumothorax__Support Devices,Pneumothorax,Support Devices,adapter_only,0.3,10,auroc,5,0.5644924998283386,0.02677433244447854,0.54102376268831,0.5879612369683672
Pneumothorax__Support Devices,Pneumothorax,Support Devices,adapter_only,0.3,10,auprc,5,0.5605434656143189,0.03154667921250754,0.5328915820943687,0.5881953491342691
Pneumothorax__Support Devices,Pneumothorax,Support Devices,adapter_only,0.3,10,f1,5,0.6682448267936707,0.0023348141227648627,0.6661982719810858,0.6702913816062556
Pneumothorax__Support Devices,Pneumothorax,Support Devices,adapter_only,0.3,10,brier,5,0.24790512025356293,0.0012059147929760101,0.24684808933231348,0.24896215117481238
Pneumothorax__Support Devices,Pneumothorax,Support Devices,adapter_only,0.3,10,ece,5,0.0171750504989177,0.010283287201013182,0.008161351847179045,0.026188749150656353
Pneumothorax__Support Devices,Pneumothorax,Support Devices,adapter_only,0.3,10,sms_raw_logit,5,0.0031795830465853213,0.00025503860118904,0.0029560318561204215,0.003403134237050221
Pneumothorax__Support Devices,Pneumothorax,Support Devices,adapter_only,0.3,10,sms_fixed_reference,5,0.26588562726974485,0.029220315638456954,0.24027289132984161,0.2914983632096481
Pneumothorax__Support Devices,Pneumothorax,Support Devices,adapter_only,0.3,10,ranking_disagreement,5,0.4857704699039459,0.00891841208681471,0.47795313703837633,0.49358780276951547
Pneumothorax__Support Devices,Pneumothorax,Support Devices,adapter_only,0.3,10,support_swap_flip_rate,5,0.0739999994635582,0.0859251102363735,-0.0013166804218179146,0.14931667934893433
Pneumothorax__Support Devices,Pneumothorax,Support Devices,adapter_only,0.3,10,d0_auroc,5,0.5717000007629395,0.02582866003818046,0.5490601820346028,0.5943398194912761
Pneumothorax__Support Devices,Pneumothorax,Support Devices,adapter_only,0.3,10,d1_auroc,5,0.5584100008010864,0.04899013158254401,0.5154682571385572,0.6013517444636156
Pneumothorax__Support Devices,Pneumothorax,Support Devices,adapter_only,0.3,10,worst_nuisance_auroc,5,0.546370005607605,0.03690021028737831,0.5140255452016519,0.578714466013558
Edema__Cardiomegaly,Edema,Cardiomegaly,adapter_only,0.3,1,auroc,5,0.6371799945831299,0.003997604158584674,0.6336759400420032,0.6406840491242566
Edema__Cardiomegaly,Edema,Cardiomegaly,adapter_only,0.3,1,auprc,5,0.6209385395050049,0.021862656751288952,0.6017750759324711,0.6401020030775386
Edema__Cardiomegaly,Edema,Cardiomegaly,adapter_only,0.3,1,f1,5,0.6764806270599365,0.01019740117048507,0.6675422108332086,0.6854190432866644
Edema__Cardiomegaly,Edema,Cardiomegaly,adapter_only,0.3,1,brier,5,0.23899032473564147,0.0022336492723374116,0.23703244482419242,0.24094820464709052
Edema__Cardiomegaly,Edema,Cardiomegaly,adapter_only,0.3,1,ece,5,0.055031316354870796,0.01951859405475339,0.037922514327263276,0.07214011838247832
Edema__Cardiomegaly,Edema,Cardiomegaly,adapter_only,0.3,1,sms_raw_logit,5,0.009394027851521968,0.0009275113524955612,0.008581028305361494,0.010207027397682443
Edema__Cardiomegaly,Edema,Cardiomegaly,adapter_only,0.3,1,sms_fixed_reference,5,0.2313336491584778,0.018265318896150903,0.2153233912429359,0.24734390707401968
Edema__Cardiomegaly,Edema,Cardiomegaly,adapter_only,0.3,1,ranking_disagreement,5,0.4706413447856903,0.013685842698878422,0.4586451747408983,0.48263751483048234
Edema__Cardiomegaly,Edema,Cardiomegaly,adapter_only,0.3,1,support_swap_flip_rate,5,0.2685000002384186,0.08590692961983568,0.19319925636606744,0.3438007441107697
Edema__Cardiomegaly,Edema,Cardiomegaly,adapter_only,0.3,1,d0_auroc,5,0.6598399996757507,0.023083391613875754,0.6396065148181997,0.6800734845333016
Edema__Cardiomegaly,Edema,Cardiomegaly,adapter_only,0.3,1,d1_auroc,5,0.6164399981498718,0.024721606420946934,0.5947705547015406,0.638109441598203
Edema__Cardiomegaly,Edema,Cardiomegaly,adapter_only,0.3,1,worst_nuisance_auroc,5,0.6119799971580505,0.018432767602305108,0.5958229639801442,0.6281370303359568
Edema__Cardiomegaly,Edema,Cardiomegaly,adapter_only,0.3,3,auroc,5,0.6684450030326843,0.019067026241215205,0.6517320176454655,0.685157988419903
Edema__Cardiomegaly,Edema,Cardiomegaly,adapter_only,0.3,3,auprc,5,0.6458701014518737,0.02959900499836477,0.6199254296527354,0.671814773251012
Edema__Cardiomegaly,Edema,Cardiomegaly,adapter_only,0.3,3,f1,5,0.6762283205986023,0.014774311939539181,0.6632780651981045,0.6891785759991
Edema__Cardiomegaly,Edema,Cardiomegaly,adapter_only,0.3,3,brier,5,0.23776739239692687,0.0015708021247615059,0.23639052362750107,0.23914426116635268
Edema__Cardiomegaly,Edema,Cardiomegaly,adapter_only,0.3,3,ece,5,0.07654770836234093,0.013750591608444078,0.06449478339595183,0.08860063332873003
Edema__Cardiomegaly,Edema,Cardiomegaly,adapter_only,0.3,3,sms_raw_logit,5,0.005366267170757055,0.0004499637108339577,0.004971856588382602,0.005760677753131508
Edema__Cardiomegaly,Edema,Cardiomegaly,adapter_only,0.3,3,sms_fixed_reference,5,0.2329289585351944,0.022329548865186837,0.2133562459807657,0.2525016710896231
Edema__Cardiomegaly,Edema,Cardiomegaly,adapter_only,0.3,3,ranking_disagreement,5,0.4382110059261322,0.017023095210761507,0.4232896050792764,0.45313240677298805
Edema__Cardiomegaly,Edema,Cardiomegaly,adapter_only,0.3,3,support_swap_flip_rate,5,0.24749999791383742,0.08923284108500597,0.16928396410516572,0.3257160317225091
Edema__Cardiomegaly,Edema,Cardiomegaly,adapter_only,0.3,3,d0_auroc,5,0.7082200050354004,0.03954968728049548,0.673553175650166,0.7428868344206347
Edema__Cardiomegaly,Edema,Cardiomegaly,adapter_only,0.3,3,d1_auroc,5,0.6291200041770935,0.026125589396993342,0.6062199153902749,0.6520200929639121
Edema__Cardiomegaly,Edema,Cardiomegaly,adapter_only,0.3,3,worst_nuisance_auroc,5,0.6291200041770935,0.026125589396993342,0.6062199153902749,0.6520200929639121
Edema__Cardiomegaly,Edema,Cardiomegaly,adapter_only,0.3,5,auroc,5,0.7048725008964538,0.008490440704660046,0.6974303014872298,0.7123147003056778
Edema__Cardiomegaly,Edema,Cardiomegaly,adapter_only,0.3,5,auprc,5,0.6748718380928039,0.01656049217080635,0.6603559266887717,0.6893877494968361
Edema__Cardiomegaly,Edema,Cardiomegaly,adapter_only,0.3,5,f1,5,0.6890666484832764,0.013141762572524088,0.6775473856963964,0.7005859112701563
Edema__Cardiomegaly,Edema,Cardiomegaly,adapter_only,0.3,5,brier,5,0.23663451969623567,0.0014019753003484607,0.23540563416308857,0.23786340522938276
Edema__Cardiomegaly,Edema,Cardiomegaly,adapter_only,0.3,5,ece,5,0.08881647735834122,0.009319518270933488,0.08064755942076866,0.09698539529591378
Edema__Cardiomegaly,Edema,Cardiomegaly,adapter_only,0.3,5,sms_raw_logit,5,0.004247282724827528,0.0005659457994228946,0.0037512093594242266,0.004743356090230829
Edema__Cardiomegaly,Edema,Cardiomegaly,adapter_only,0.3,5,sms_fixed_reference,5,0.23306199610233308,0.02316600718246408,0.21275609550605576,0.2533678966986104
Edema__Cardiomegaly,Edema,Cardiomegaly,adapter_only,0.3,5,ranking_disagreement,5,0.3944531619548798,0.024489312140876088,0.3729873334205495,0.41591899048921005
Edema__Cardiomegaly,Edema,Cardiomegaly,adapter_only,0.3,5,support_swap_flip_rate,5,0.22350000143051146,0.06316150357896554,0.16813650252955548,0.27886350033146745
Edema__Cardiomegaly,Edema,Cardiomegaly,adapter_only,0.3,5,d0_auroc,5,0.746340012550354,0.04193730567639615,0.709580343366395,0.783099681734313
Edema__Cardiomegaly,Edema,Cardiomegaly,adapter_only,0.3,5,d1_auroc,5,0.6636500000953675,0.041305341545430425,0.6274442718958314,0.6998557282949035
Edema__Cardiomegaly,Edema,Cardiomegaly,adapter_only,0.3,5,worst_nuisance_auroc,5,0.6551699995994568,0.02640497706923238,0.632025016720375,0.6783149824785385
Edema__Cardiomegaly,Edema,Cardiomegaly,adapter_only,0.3,10,auroc,5,0.7347224950790405,0.023662005053148093,0.7139818331801897,0.7554631569778913
Edema__Cardiomegaly,Edema,Cardiomegaly,adapter_only,0.3,10,auprc,5,0.7029391646385192,0.030465112213158254,0.6762353163930132,0.7296430128840253
Edema__Cardiomegaly,Edema,Cardiomegaly,adapter_only,0.3,10,f1,5,0.6987689733505249,0.016389852143341148,0.6844026345253218,0.713135312175728
Edema__Cardiomegaly,Edema,Cardiomegaly,adapter_only,0.3,10,brier,5,0.2365598887205124,0.0020434851479632227,0.23476869501338446,0.23835108242764033
Edema__Cardiomegaly,Edema,Cardiomegaly,adapter_only,0.3,10,ece,5,0.09688331335783004,0.018747742115096864,0.08045019284658507,0.11331643386907501
Edema__Cardiomegaly,Edema,Cardiomegaly,adapter_only,0.3,10,sms_raw_logit,5,0.003316358756273985,0.0002644127283115146,0.003084590781102659,0.003548126731445311
Edema__Cardiomegaly,Edema,Cardiomegaly,adapter_only,0.3,10,sms_fixed_reference,5,0.22678140699863433,0.01788894054472579,0.2111010592540784,0.24246175474319026
Edema__Cardiomegaly,Edema,Cardiomegaly,adapter_only,0.3,10,ranking_disagreement,5,0.35868620276451113,0.016264671975910795,0.3444295891939212,0.37294281633510107
Edema__Cardiomegaly,Edema,Cardiomegaly,adapter_only,0.3,10,support_swap_flip_rate,5,0.27499999701976774,0.0811056360958548,0.20390777247764047,0.346092221561895
Edema__Cardiomegaly,Edema,Cardiomegaly,adapter_only,0.3,10,d0_auroc,5,0.7863200068473816,0.04720955224633601,0.7449390097874086,0.8277010039073546
Edema__Cardiomegaly,Edema,Cardiomegaly,adapter_only,0.3,10,d1_auroc,5,0.6800300002098083,0.03462970360087888,0.6496757266632525,0.7103842737563641
Edema__Cardiomegaly,Edema,Cardiomegaly,adapter_only,0.3,10,worst_nuisance_auroc,5,0.6800300002098083,0.03462970360087888,0.6496757266632525,0.7103842737563641
Pneumothorax__Support Devices,Pneumothorax,Support Devices,full_iera,0.9,1,auroc,5,0.5164049863815308,0.018321860150168536,0.5003451678716824,0.5324648048913792
Pneumothorax__Support Devices,Pneumothorax,Support Devices,full_iera,0.9,1,auprc,5,0.518022108078003,0.023446824478477322,0.4974700602689735,0.5385741558870325
Pneumothorax__Support Devices,Pneumothorax,Support Devices,full_iera,0.9,1,f1,5,0.6666666865348816,0.0,0.6666666865348816,0.6666666865348816
Pneumothorax__Support Devices,Pneumothorax,Support Devices,full_iera,0.9,1,brier,5,0.2496641159057617,0.00047980592177883266,0.24924354747217678,0.25008468433934666
Pneumothorax__Support Devices,Pneumothorax,Support Devices,full_iera,0.9,1,ece,5,0.006234294781461358,0.011399025268103396,-0.003757391406211689,0.016225980969134406
Pneumothorax__Support Devices,Pneumothorax,Support Devices,full_iera,0.9,1,sms_raw_logit,5,0.02585449293255806,0.004876292321538627,0.02158023425778277,0.030128751607333346
Pneumothorax__Support Devices,Pneumothorax,Support Devices,full_iera,0.9,1,sms_fixed_reference,5,0.6775013685226441,0.14125813093763598,0.553683157527405,0.8013195795178831
Pneumothorax__Support Devices,Pneumothorax,Support Devices,full_iera,0.9,1,ranking_disagreement,5,0.5162281036376953,0.01585819043355278,0.5023277868483474,0.5301284204270432
Pneumothorax__Support Devices,Pneumothorax,Support Devices,full_iera,0.9,1,support_swap_flip_rate,5,0.0,0.0,0.0,0.0
Pneumothorax__Support Devices,Pneumothorax,Support Devices,full_iera,0.9,1,d0_auroc,5,0.5194299936294555,0.03874299421606273,0.4854702618916085,0.5533897253673025
Pneumothorax__Support Devices,Pneumothorax,Support Devices,full_iera,0.9,1,d1_auroc,5,0.5132300019264221,0.01673984187904753,0.49855688357175604,0.5279031202810881
Pneumothorax__Support Devices,Pneumothorax,Support Devices,full_iera,0.9,1,worst_nuisance_auroc,5,0.49805999994277955,0.029249695837646125,0.47242151112282516,0.523698488762734
Pneumothorax__Support Devices,Pneumothorax,Support Devices,full_iera,0.9,3,auroc,5,0.5329549908638,0.022642426330737722,0.5131080291189842,0.5528019526086159
Pneumothorax__Support Devices,Pneumothorax,Support Devices,full_iera,0.9,3,auprc,5,0.5304487586021424,0.027556673911676405,0.5062942689308234,0.5546032482734613
Pneumothorax__Support Devices,Pneumothorax,Support Devices,full_iera,0.9,3,f1,5,0.6666666865348816,0.0,0.6666666865348816,0.6666666865348816
Pneumothorax__Support Devices,Pneumothorax,Support Devices,full_iera,0.9,3,brier,5,0.24950308501720428,0.0008421936813918148,0.2487648697070536,0.2502413003273549
Pneumothorax__Support Devices,Pneumothorax,Support Devices,full_iera,0.9,3,ece,5,0.012241593329235911,0.010756135106908826,0.0028134252137416334,0.02166976144473019
Pneumothorax__Support Devices,Pneumothorax,Support Devices,full_iera,0.9,3,sms_raw_logit,5,0.01640408579260111,0.0033250699954012817,0.013489533437053534,0.019318638148148683
Pneumothorax__Support Devices,Pneumothorax,Support Devices,full_iera,0.9,3,sms_fixed_reference,5,0.7838795423507691,0.17068804176093622,0.6342648771358488,0.9334942075656893
Pneumothorax__Support Devices,Pneumothorax,Support Devices,full_iera,0.9,3,ranking_disagreement,5,0.4969649136066437,0.022831612500851386,0.47695212287221134,0.516977704341076
Pneumothorax__Support Devices,Pneumothorax,Support Devices,full_iera,0.9,3,support_swap_flip_rate,5,0.0,0.0,0.0,0.0
Pneumothorax__Support Devices,Pneumothorax,Support Devices,full_iera,0.9,3,d0_auroc,5,0.5450199961662292,0.02658159781646502,0.5217201983763043,0.5683197939561541
Pneumothorax__Support Devices,Pneumothorax,Support Devices,full_iera,0.9,3,d1_auroc,5,0.5198000013828278,0.03353459906218641,0.490405629287138,0.5491943734785176
Pneumothorax__Support Devices,Pneumothorax,Support Devices,full_iera,0.9,3,worst_nuisance_auroc,5,0.5129400074481965,0.023827989246461546,0.4920538539890854,0.5338261609073075
Pneumothorax__Support Devices,Pneumothorax,Support Devices,full_iera,0.9,5,auroc,5,0.5388399958610535,0.029360011496713415,0.5131048111025375,0.5645751806195695
Pneumothorax__Support Devices,Pneumothorax,Support Devices,full_iera,0.9,5,auprc,5,0.5300280630588532,0.02304464098391574,0.5098285446260649,0.5502275814916415
Pneumothorax__Support Devices,Pneumothorax,Support Devices,full_iera,0.9,5,f1,5,0.6650574922561645,0.0035982677962150466,0.6619034714698792,0.6682115130424499
Pneumothorax__Support Devices,Pneumothorax,Support Devices,full_iera,0.9,5,brier,5,0.24920862317085266,0.0011533855659905056,0.2481976361471625,0.2502196101945428
Pneumothorax__Support Devices,Pneumothorax,Support Devices,full_iera,0.9,5,ece,5,0.019632701575756074,0.01513164197691311,0.006369232587701803,0.03289617056381035
Pneumothorax__Support Devices,Pneumothorax,Support Devices,full_iera,0.9,5,sms_raw_logit,5,0.013277857191860675,0.0029590398458003873,0.010684144408471333,0.015871569975250018
Pneumothorax__Support Devices,Pneumothorax,Support Devices,full_iera,0.9,5,sms_fixed_reference,5,0.8276032328605651,0.16512260821902797,0.6828668852334389,0.9723395804876914
Pneumothorax__Support Devices,Pneumothorax,Support Devices,full_iera,0.9,5,ranking_disagreement,5,0.5033420979976654,0.01349722486863835,0.49151125877062596,0.5151729372247048
Pneumothorax__Support Devices,Pneumothorax,Support Devices,full_iera,0.9,5,support_swap_flip_rate,5,0.05049999952316284,0.11292143179749908,-0.04847999954223633,0.149479998588562
Pneumothorax__Support Devices,Pneumothorax,Support Devices,full_iera,0.9,5,d0_auroc,5,0.5391199946403503,0.02402595359919026,0.5180603177753086,0.560179671505392
Pneumothorax__Support Devices,Pneumothorax,Support Devices,full_iera,0.9,5,d1_auroc,5,0.5386599898338318,0.034612603851874965,0.5083207048781349,0.5689992747895287
Pneumothorax__Support Devices,Pneumothorax,Support Devices,full_iera,0.9,5,worst_nuisance_auroc,5,0.5334999918937683,0.02991027257089404,0.5072824820376942,0.5597175017498424
Pneumothorax__Support Devices,Pneumothorax,Support Devices,full_iera,0.9,10,auroc,5,0.5627175092697143,0.03268722970814096,0.5340658891612812,0.5913691293781475
Pneumothorax__Support Devices,Pneumothorax,Support Devices,full_iera,0.9,10,auprc,5,0.5487075924873352,0.027410774812712663,0.5246809890148467,0.5727341959598238
Pneumothorax__Support Devices,Pneumothorax,Support Devices,full_iera,0.9,10,f1,5,0.6657740712165833,0.0012222702833265319,0.664702704075948,0.6668454383572185
Pneumothorax__Support Devices,Pneumothorax,Support Devices,full_iera,0.9,10,brier,5,0.24761370718479156,0.0017742117932772752,0.24605854197970164,0.24916887238988147
Pneumothorax__Support Devices,Pneumothorax,Support Devices,full_iera,0.9,10,ece,5,0.027506360691040753,0.018423971255696604,0.011357037850890764,0.043655683531190745
Pneumothorax__Support Devices,Pneumothorax,Support Devices,full_iera,0.9,10,sms_raw_logit,5,0.010323645919561386,0.00225658846099955,0.008345658922715028,0.012301632916407745
Pneumothorax__Support Devices,Pneumothorax,Support Devices,full_iera,0.9,10,sms_fixed_reference,5,0.8612302899360657,0.1882206257842898,0.6962476372397468,1.0262129426323845
Pneumothorax__Support Devices,Pneumothorax,Support Devices,full_iera,0.9,10,ranking_disagreement,5,0.49565414190292356,0.016173658208213516,0.48147730541714573,0.5098309783887014
Pneumothorax__Support Devices,Pneumothorax,Support Devices,full_iera,0.9,10,support_swap_flip_rate,5,0.021000000089406966,0.0292403829541635,-0.004630325628258228,0.04663032580707216
Pneumothorax__Support Devices,Pneumothorax,Support Devices,full_iera,0.9,10,d0_auroc,5,0.5648399949073791,0.01863055884663734,0.5485095900597418,0.5811703997550165
Pneumothorax__Support Devices,Pneumothorax,Support Devices,full_iera,0.9,10,d1_auroc,5,0.5612800061702728,0.059137870886716085,0.5094433768261301,0.6131166355144156
Pneumothorax__Support Devices,Pneumothorax,Support Devices,full_iera,0.9,10,worst_nuisance_auroc,5,0.543259996175766,0.043271728750012776,0.5053306535960935,0.5811893387554385
Edema__Cardiomegaly,Edema,Cardiomegaly,full_iera,0.9,1,auroc,5,0.617929995059967,0.015916187405328363,0.6039788416834385,0.6318811484364956
Edema__Cardiomegaly,Edema,Cardiomegaly,full_iera,0.9,1,auprc,5,0.6081770896911621,0.01606833214039002,0.5940925755743871,0.6222616038079372
Edema__Cardiomegaly,Edema,Cardiomegaly,full_iera,0.9,1,f1,5,0.6668930768966674,0.001703404971085438,0.6653999766077127,0.6683861771856222
Edema__Cardiomegaly,Edema,Cardiomegaly,full_iera,0.9,1,brier,5,0.24185602068901063,0.002482172598691309,0.2396803004772867,0.24403174090073457
Edema__Cardiomegaly,Edema,Cardiomegaly,full_iera,0.9,1,ece,5,0.0568344347178936,0.017535733996252217,0.041463686163511794,0.0722051832722754
Edema__Cardiomegaly,Edema,Cardiomegaly,full_iera,0.9,1,sms_raw_logit,5,0.026159242913126945,0.004964354104918127,0.02180779468187994,0.03051069114437395
Edema__Cardiomegaly,Edema,Cardiomegaly,full_iera,0.9,1,sms_fixed_reference,5,0.6425155699253082,0.10647513084098295,0.5491860027796484,0.7358451370709681
Edema__Cardiomegaly,Edema,Cardiomegaly,full_iera,0.9,1,ranking_disagreement,5,0.4711315333843231,0.009587343450532006,0.46272785632614455,0.4795352104425017
Edema__Cardiomegaly,Edema,Cardiomegaly,full_iera,0.9,1,support_swap_flip_rate,5,0.09749999940395356,0.11107429909204324,0.00013908354135644396,0.19486091526655067
Edema__Cardiomegaly,Edema,Cardiomegaly,full_iera,0.9,1,d0_auroc,5,0.6339800000190735,0.01178291918166708,0.6236518159797447,0.6443081840584023
Edema__Cardiomegaly,Edema,Cardiomegaly,full_iera,0.9,1,d1_auroc,5,0.6025799989700318,0.03243134828433926,0.5741526688186563,0.6310073291214072
Edema__Cardiomegaly,Edema,Cardiomegaly,full_iera,0.9,1,worst_nuisance_auroc,5,0.5992599964141846,0.028263195641430518,0.5744862131416637,0.6240337796867055
Edema__Cardiomegaly,Edema,Cardiomegaly,full_iera,0.9,3,auroc,5,0.6364000082015991,0.013292233469612376,0.6247488518581454,0.6480511645450528
Edema__Cardiomegaly,Edema,Cardiomegaly,full_iera,0.9,3,auprc,5,0.617906141281128,0.02846723069572123,0.5929535133981418,0.6428587691641141
Edema__Cardiomegaly,Edema,Cardiomegaly,full_iera,0.9,3,f1,5,0.6729622125625611,0.011722503199856292,0.6626869854661968,0.6832374396589254
Edema__Cardiomegaly,Edema,Cardiomegaly,full_iera,0.9,3,brier,5,0.23795081675052643,0.0028958748470822773,0.23541247052966258,0.24048916297139028
Edema__Cardiomegaly,Edema,Cardiomegaly,full_iera,0.9,3,ece,5,0.05581082329154015,0.021296855693084163,0.03714330621313823,0.07447834036994207
Edema__Cardiomegaly,Edema,Cardiomegaly,full_iera,0.9,3,sms_raw_logit,5,0.016274993680417536,0.0030653740277887757,0.013588074876999107,0.018961912483835965
Edema__Cardiomegaly,Edema,Cardiomegaly,full_iera,0.9,3,sms_fixed_reference,5,0.7073147654533386,0.14223289370323466,0.5826421372222202,0.831987393684457
Edema__Cardiomegaly,Edema,Cardiomegaly,full_iera,0.9,3,ranking_disagreement,5,0.4508707523345947,0.017176206903847215,0.4358151431714141,0.46592636149777533
Edema__Cardiomegaly,Edema,Cardiomegaly,full_iera,0.9,3,support_swap_flip_rate,5,0.21050000041723252,0.08311137349167384,0.13764966953157587,0.28335033130288917
Edema__Cardiomegaly,Edema,Cardiomegaly,full_iera,0.9,3,d0_auroc,5,0.6702399969100952,0.037745906380797674,0.637154251194491,0.7033257426256994
Edema__Cardiomegaly,Edema,Cardiomegaly,full_iera,0.9,3,d1_auroc,5,0.6044199943542481,0.027109269458017518,0.5806576719774815,0.6281823167310147
Edema__Cardiomegaly,Edema,Cardiomegaly,full_iera,0.9,3,worst_nuisance_auroc,5,0.6039199948310852,0.026465779695873097,0.5807217160999029,0.6271182735622675
Edema__Cardiomegaly,Edema,Cardiomegaly,full_iera,0.9,5,auroc,5,0.6654299974441529,0.007473242914224961,0.6588794112100712,0.6719805836782345
Edema__Cardiomegaly,Edema,Cardiomegaly,full_iera,0.9,5,auprc,5,0.6393839120864868,0.02075911410121936,0.6211877462955504,0.6575800778774232
Edema__Cardiomegaly,Edema,Cardiomegaly,full_iera,0.9,5,f1,5,0.6799131035804749,0.0195267147624705,0.6627971834387109,0.6970290237222388
Edema__Cardiomegaly,Edema,Cardiomegaly,full_iera,0.9,5,brier,5,0.23229400515556337,0.0026068721535280385,0.2300089809647389,0.23457902934638783
Edema__Cardiomegaly,Edema,Cardiomegaly,full_iera,0.9,5,ece,5,0.06684490144252778,0.01089017528938705,0.057299241926816284,0.07639056095823926
Edema__Cardiomegaly,Edema,Cardiomegaly,full_iera,0.9,5,sms_raw_logit,5,0.01270094495266676,0.0030686368422727737,0.01001116616625453,0.015390723739078991
Edema__Cardiomegaly,Edema,Cardiomegaly,full_iera,0.9,5,sms_fixed_reference,5,0.6952896237373352,0.14365077731912101,0.5693741657196892,0.8212050817549811
Edema__Cardiomegaly,Edema,Cardiomegaly,full_iera,0.9,5,ranking_disagreement,5,0.40156694054603576,0.024196517701360817,0.38035775765362,0.4227761234384515
Edema__Cardiomegaly,Edema,Cardiomegaly,full_iera,0.9,5,support_swap_flip_rate,5,0.30750000178813935,0.04398153040921132,0.2689484906223468,0.3460515129539319
Edema__Cardiomegaly,Edema,Cardiomegaly,full_iera,0.9,5,d0_auroc,5,0.7035800099372864,0.03510937411799581,0.6728052866445647,0.7343547332300081
Edema__Cardiomegaly,Edema,Cardiomegaly,full_iera,0.9,5,d1_auroc,5,0.6246999979019165,0.028160616435239726,0.600016129268019,0.6493838665358141
Edema__Cardiomegaly,Edema,Cardiomegaly,full_iera,0.9,5,worst_nuisance_auroc,5,0.6215799927711487,0.022793680374785432,0.6016004510111829,0.6415595345311146
Edema__Cardiomegaly,Edema,Cardiomegaly,full_iera,0.9,10,auroc,5,0.6918375015258789,0.014654363907738902,0.6789923852109072,0.7046826178408505
Edema__Cardiomegaly,Edema,Cardiomegaly,full_iera,0.9,10,auprc,5,0.6519631147384644,0.02437757461359631,0.6305952284651352,0.6733310010117936
Edema__Cardiomegaly,Edema,Cardiomegaly,full_iera,0.9,10,f1,5,0.7000527739524841,0.01841578857357163,0.6839106235494542,0.716194924355514
Edema__Cardiomegaly,Edema,Cardiomegaly,full_iera,0.9,10,brier,5,0.2276376813650131,0.004881245450257178,0.22335908108149155,0.23191628164853467
Edema__Cardiomegaly,Edema,Cardiomegaly,full_iera,0.9,10,ece,5,0.07595372647047043,0.020356753171587076,0.058110245584471996,0.09379720735646885
Edema__Cardiomegaly,Edema,Cardiomegaly,full_iera,0.9,10,sms_raw_logit,5,0.010083359107375145,0.0021222332121998274,0.008223139678553218,0.011943578536197073
Edema__Cardiomegaly,Edema,Cardiomegaly,full_iera,0.9,10,sms_fixed_reference,5,0.6892982482910156,0.14042482177293836,0.5662104649836832,0.812386031598348
Edema__Cardiomegaly,Edema,Cardiomegaly,full_iera,0.9,10,ranking_disagreement,5,0.3782866060733795,0.013110302243627246,0.36679491948063064,0.38977829266612835
Edema__Cardiomegaly,Edema,Cardiomegaly,full_iera,0.9,10,support_swap_flip_rate,5,0.2770000010728836,0.038826539579065636,0.24296703859557187,0.3110329635501953
Edema__Cardiomegaly,Edema,Cardiomegaly,full_iera,0.9,10,d0_auroc,5,0.7396099925041199,0.0391587148736317,0.7052858655434826,0.7739341194647571
Edema__Cardiomegaly,Edema,Cardiomegaly,full_iera,0.9,10,d1_auroc,5,0.6415800094604492,0.022856008326397385,0.6215458348420959,0.6616141840788026
Edema__Cardiomegaly,Edema,Cardiomegaly,full_iera,0.9,10,worst_nuisance_auroc,5,0.6415800094604492,0.022856008326397385,0.6215458348420959,0.6616141840788026
Pneumothorax__Support Devices,Pneumothorax,Support Devices,full_iera,0.8,1,auroc,5,0.5168600022792816,0.01976946544744398,0.499531301780509,0.5341887027780543
Pneumothorax__Support Devices,Pneumothorax,Support Devices,full_iera,0.8,1,auprc,5,0.5205355167388916,0.024530545596496138,0.4990335454871536,0.5420374879906297
Pneumothorax__Support Devices,Pneumothorax,Support Devices,full_iera,0.8,1,f1,5,0.6666666865348816,0.0,0.6666666865348816,0.6666666865348816
Pneumothorax__Support Devices,Pneumothorax,Support Devices,full_iera,0.8,1,brier,5,0.2495743602514267,0.0005392052808704193,0.24910172598398028,0.25004699451887313
Pneumothorax__Support Devices,Pneumothorax,Support Devices,full_iera,0.8,1,ece,5,0.007903650542721153,0.013871098868592743,-0.004254903694454014,0.02006220477989632
Pneumothorax__Support Devices,Pneumothorax,Support Devices,full_iera,0.8,1,sms_raw_logit,5,0.020726553350687026,0.004689985823400416,0.016615599521750634,0.02483750717962342
Pneumothorax__Support Devices,Pneumothorax,Support Devices,full_iera,0.8,1,sms_fixed_reference,5,0.5442897319793701,0.1416794275680901,0.4201022382056113,0.668477225753129
Pneumothorax__Support Devices,Pneumothorax,Support Devices,full_iera,0.8,1,ranking_disagreement,5,0.5064875483512878,0.012147385980335879,0.4958398950773119,0.5171352016252637
Pneumothorax__Support Devices,Pneumothorax,Support Devices,full_iera,0.8,1,support_swap_flip_rate,5,0.0,0.0,0.0,0.0
Pneumothorax__Support Devices,Pneumothorax,Support Devices,full_iera,0.8,1,d0_auroc,5,0.5194799900054932,0.04217483389576038,0.48251211815746564,0.5564478618535207
Pneumothorax__Support Devices,Pneumothorax,Support Devices,full_iera,0.8,1,d1_auroc,5,0.5146600008010864,0.014269294126111285,0.5021524130315725,0.5271675885706003
Pneumothorax__Support Devices,Pneumothorax,Support Devices,full_iera,0.8,1,worst_nuisance_auroc,5,0.49908000230789185,0.03203493616601744,0.47100014269843593,0.5271598619173478
Pneumothorax__Support Devices,Pneumothorax,Support Devices,full_iera,0.8,3,auroc,5,0.5371399879455566,0.025206333657410564,0.5150456623411244,0.5592343135499889
Pneumothorax__Support Devices,Pneumothorax,Support Devices,full_iera,0.8,3,auprc,5,0.5351641416549683,0.026685604460594013,0.5117731780219008,0.5585551052880358
Pneumothorax__Support Devices,Pneumothorax,Support Devices,full_iera,0.8,3,f1,5,0.6666666865348816,0.0,0.6666666865348816,0.6666666865348816
Pneumothorax__Support Devices,Pneumothorax,Support Devices,full_iera,0.8,3,brier,5,0.24947834610939026,0.0006945493044821893,0.2488695468016397,0.25008714541714083
Pneumothorax__Support Devices,Pneumothorax,Support Devices,full_iera,0.8,3,ece,5,0.014226272236555815,0.009596539343995805,0.0058145346223608795,0.022638009850750748
Pneumothorax__Support Devices,Pneumothorax,Support Devices,full_iera,0.8,3,sms_raw_logit,5,0.013243282213807106,0.0036282192478289082,0.010063007822643017,0.016423556604971197
Pneumothorax__Support Devices,Pneumothorax,Support Devices,full_iera,0.8,3,sms_fixed_reference,5,0.6313483655452728,0.17671080804797842,0.4764545129168277,0.786242218173718
Pneumothorax__Support Devices,Pneumothorax,Support Devices,full_iera,0.8,3,ranking_disagreement,5,0.49560150504112244,0.024682199786095857,0.47396660303119353,0.5172364070510513
Pneumothorax__Support Devices,Pneumothorax,Support Devices,full_iera,0.8,3,support_swap_flip_rate,5,0.0,0.0,0.0,0.0
Pneumothorax__Support Devices,Pneumothorax,Support Devices,full_iera,0.8,3,d0_auroc,5,0.550440001487732,0.030369610323377268,0.5238198643394976,0.5770601386359664
Pneumothorax__Support Devices,Pneumothorax,Support Devices,full_iera,0.8,3,d1_auroc,5,0.523580002784729,0.030693012620933182,0.49667639102410016,0.550483614545358
Pneumothorax__Support Devices,Pneumothorax,Support Devices,full_iera,0.8,3,worst_nuisance_auroc,5,0.5206400036811829,0.03209147441024407,0.49251058611561865,0.5487694212467472
Pneumothorax__Support Devices,Pneumothorax,Support Devices,full_iera,0.8,5,auroc,5,0.5398275017738342,0.027392641161558446,0.5158167931473968,0.5638382104002716
Pneumothorax__Support Devices,Pneumothorax,Support Devices,full_iera,0.8,5,auprc,5,0.5317572951316833,0.028954160581909392,0.5063778543849864,0.5571367358783803
Pneumothorax__Support Devices,Pneumothorax,Support Devices,full_iera,0.8,5,f1,5,0.6666666865348816,0.0,0.6666666865348816,0.6666666865348816
Pneumothorax__Support Devices,Pneumothorax,Support Devices,full_iera,0.8,5,brier,5,0.24982849061489104,0.0027141791946472924,0.247449407655411,0.25220757357437107
Pneumothorax__Support Devices,Pneumothorax,Support Devices,full_iera,0.8,5,ece,5,0.025341143645346165,0.015273704031599389,0.011953151776061585,0.038729135514630746
Pneumothorax__Support Devices,Pneumothorax,Support Devices,full_iera,0.8,5,sms_raw_logit,5,0.010575862787663936,0.0029532952806752616,0.007987185337618007,0.013164540237709865
Pneumothorax__Support Devices,Pneumothorax,Support Devices,full_iera,0.8,5,sms_fixed_reference,5,0.6596491158008575,0.16866810243309016,0.5118050054717529,0.8074932261299621
Pneumothorax__Support Devices,Pneumothorax,Support Devices,full_iera,0.8,5,ranking_disagreement,5,0.493548846244812,0.022262607840594785,0.47403481008552,0.5130628824041039
Pneumothorax__Support Devices,Pneumothorax,Support Devices,full_iera,0.8,5,support_swap_flip_rate,5,0.0,0.0,0.0,0.0
Pneumothorax__Support Devices,Pneumothorax,Support Devices,full_iera,0.8,5,d0_auroc,5,0.5403899908065796,0.02527381144741376,0.5182365183113832,0.562543463301776
Pneumothorax__Support Devices,Pneumothorax,Support Devices,full_iera,0.8,5,d1_auroc,5,0.540040010213852,0.03286280226508518,0.5112344939738731,0.5688455264538308
Pneumothorax__Support Devices,Pneumothorax,Support Devices,full_iera,0.8,5,worst_nuisance_auroc,5,0.5332199990749359,0.02730919307698195,0.5092824359196629,0.5571575622302088
Pneumothorax__Support Devices,Pneumothorax,Support Devices,full_iera,0.8,10,auroc,5,0.5588199973106385,0.030552984271868488,0.5320391258096656,0.5856008688116113
Pneumothorax__Support Devices,Pneumothorax,Support Devices,full_iera,0.8,10,auprc,5,0.5502265214920044,0.030417148201310456,0.5235647155565566,0.5768883274274521
Pneumothorax__Support Devices,Pneumothorax,Support Devices,full_iera,0.8,10,f1,5,0.6662147045135498,0.001010662524305636,0.6653288197517395,0.6671005892753601
Pneumothorax__Support Devices,Pneumothorax,Support Devices,full_iera,0.8,10,brier,5,0.24723100960254668,0.00233417761246861,0.2451850127158358,0.24927700648925757
Pneumothorax__Support Devices,Pneumothorax,Support Devices,full_iera,0.8,10,ece,5,0.029983627377077937,0.018827560542903864,0.01348054292910299,0.04648671182505289
Pneumothorax__Support Devices,Pneumothorax,Support Devices,full_iera,0.8,10,sms_raw_logit,5,0.008061654958873987,0.002227868072720135,0.006108842492316549,0.010014467425431424
Pneumothorax__Support Devices,Pneumothorax,Support Devices,full_iera,0.8,10,sms_fixed_reference,5,0.6742442607879638,0.19409481201218928,0.504112656842159,0.8443758647337687
Pneumothorax__Support Devices,Pneumothorax,Support Devices,full_iera,0.8,10,ranking_disagreement,5,0.48772924542427065,0.012490304130464055,0.47678101113888793,0.49867747970965337
Pneumothorax__Support Devices,Pneumothorax,Support Devices,full_iera,0.8,10,support_swap_flip_rate,5,0.027000001072883605,0.060373837791535,-0.025920001029968255,0.07992000317573547
Pneumothorax__Support Devices,Pneumothorax,Support Devices,full_iera,0.8,10,d0_auroc,5,0.561080002784729,0.014585999870425624,0.5482948101905397,0.5738651953789183
Pneumothorax__Support Devices,Pneumothorax,Support Devices,full_iera,0.8,10,d1_auroc,5,0.5570200085639954,0.056313829997785905,0.5076587602002163,0.6063812569277744
Pneumothorax__Support Devices,Pneumothorax,Support Devices,full_iera,0.8,10,worst_nuisance_auroc,5,0.5409600019454956,0.03882759715673425,0.506926112460485,0.5749938914305063
Edema__Cardiomegaly,Edema,Cardiomegaly,full_iera,0.8,1,auroc,5,0.6212175011634826,0.01405891530514965,0.6088943185610897,0.6335406837658756
Edema__Cardiomegaly,Edema,Cardiomegaly,full_iera,0.8,1,auprc,5,0.6068928003311157,0.01603769185327002,0.592835143610162,0.6209504570520694
Edema__Cardiomegaly,Edema,Cardiomegaly,full_iera,0.8,1,f1,5,0.6692849397659302,0.008673699491217352,0.6616821069478533,0.676887772584007
Edema__Cardiomegaly,Edema,Cardiomegaly,full_iera,0.8,1,brier,5,0.2409256249666214,0.003326174562552438,0.23801010441527742,0.24384114551796537
Edema__Cardiomegaly,Edema,Cardiomegaly,full_iera,0.8,1,ece,5,0.05065978467464447,0.018732606869252686,0.03423993079131649,0.06707963855797244
Edema__Cardiomegaly,Edema,Cardiomegaly,full_iera,0.8,1,sms_raw_logit,5,0.021384671702980994,0.005230694835175592,0.0167997655283452,0.02596957787761679
Edema__Cardiomegaly,Edema,Cardiomegaly,full_iera,0.8,1,sms_fixed_reference,5,0.5269245564937591,0.12324126532310867,0.41889882451070015,0.6349502884768181
Edema__Cardiomegaly,Edema,Cardiomegaly,full_iera,0.8,1,ranking_disagreement,5,0.4707468688488007,0.014265217775026304,0.4582428541585522,0.48325088353904916
Edema__Cardiomegaly,Edema,Cardiomegaly,full_iera,0.8,1,support_swap_flip_rate,5,0.17000000178813934,0.10450777622058871,0.07839489699996297,0.26160510657631575
Edema__Cardiomegaly,Edema,Cardiomegaly,full_iera,0.8,1,d0_auroc,5,0.6412299990653991,0.015912005540226228,0.6272825112552499,0.6551774868755483
Edema__Cardiomegaly,Edema,Cardiomegaly,full_iera,0.8,1,d1_auroc,5,0.6043799877166748,0.029941633171691122,0.5781349890820033,0.6306249863513462
Edema__Cardiomegaly,Edema,Cardiomegaly,full_iera,0.8,1,worst_nuisance_auroc,5,0.6025199890136719,0.027572750232932496,0.5783514078254675,0.6266885702018763
Edema__Cardiomegaly,Edema,Cardiomegaly,full_iera,0.8,3,auroc,5,0.6433149933815002,0.016570235333796066,0.6287905417185617,0.6578394450444387
Edema__Cardiomegaly,Edema,Cardiomegaly,full_iera,0.8,3,auprc,5,0.6261625170707703,0.02256213255026812,0.6063859359276643,0.6459390982138763
Edema__Cardiomegaly,Edema,Cardiomegaly,full_iera,0.8,3,f1,5,0.6783191323280334,0.018308665834032855,0.6622708791462011,0.6943673855098658
Edema__Cardiomegaly,Edema,Cardiomegaly,full_iera,0.8,3,brier,5,0.23664394915103912,0.0033058295508461887,0.233746261788733,0.23954163651334523
Edema__Cardiomegaly,Edema,Cardiomegaly,full_iera,0.8,3,ece,5,0.04415623210370541,0.018180929594831287,0.028219944672178667,0.06009251953523215
Edema__Cardiomegaly,Edema,Cardiomegaly,full_iera,0.8,3,sms_raw_logit,5,0.013278228417038917,0.0029162350200637585,0.010722035717693531,0.015834421116384303
Edema__Cardiomegaly,Edema,Cardiomegaly,full_iera,0.8,3,sms_fixed_reference,5,0.5776113331317901,0.13870241593274696,0.4560333051095139,0.6991893611540664
Edema__Cardiomegaly,Edema,Cardiomegaly,full_iera,0.8,3,ranking_disagreement,5,0.4437994956970215,0.0166251771608621,0.429226885399313,0.45837210599473
Edema__Cardiomegaly,Edema,Cardiomegaly,full_iera,0.8,3,support_swap_flip_rate,5,0.2054999977350235,0.12560353942253025,0.0954036412085894,0.3155963542614576
Edema__Cardiomegaly,Edema,Cardiomegaly,full_iera,0.8,3,d0_auroc,5,0.6763800024986267,0.034725747262225506,0.6459415429710839,0.7068184620261696
Edema__Cardiomegaly,Edema,Cardiomegaly,full_iera,0.8,3,d1_auroc,5,0.6107999920845032,0.02491033243922226,0.5889651229874253,0.6326348611815811
Edema__Cardiomegaly,Edema,Cardiomegaly,full_iera,0.8,3,worst_nuisance_auroc,5,0.6107999920845032,0.02491033243922226,0.5889651229874253,0.6326348611815811
Edema__Cardiomegaly,Edema,Cardiomegaly,full_iera,0.8,5,auroc,5,0.6731724977493286,0.01512377677220691,0.6599159229171674,0.6864290725814899
Edema__Cardiomegaly,Edema,Cardiomegaly,full_iera,0.8,5,auprc,5,0.6461550116539001,0.01534158650622095,0.6327075181721435,0.6596025051356567
Edema__Cardiomegaly,Edema,Cardiomegaly,full_iera,0.8,5,f1,5,0.6836977481842041,0.018816629287678056,0.6672042454038968,0.7001912509645115
Edema__Cardiomegaly,Edema,Cardiomegaly,full_iera,0.8,5,brier,5,0.23228717744350433,0.0026445271680963765,0.22996914717715058,0.23460520770985807
Edema__Cardiomegaly,Edema,Cardiomegaly,full_iera,0.8,5,ece,5,0.06449158936738968,0.00529507695587652,0.059850249775772114,0.06913292895900723
Edema__Cardiomegaly,Edema,Cardiomegaly,full_iera,0.8,5,sms_raw_logit,5,0.010181055776774884,0.0029043319123078287,0.007635296611399117,0.01272681494215065
Edema__Cardiomegaly,Edema,Cardiomegaly,full_iera,0.8,5,sms_fixed_reference,5,0.5570541799068451,0.1375865775064903,0.43645422738919126,0.677654132424499
Edema__Cardiomegaly,Edema,Cardiomegaly,full_iera,0.8,5,ranking_disagreement,5,0.4006034791469574,0.023832142059249283,0.3797136855869434,0.42149327270697134
Edema__Cardiomegaly,Edema,Cardiomegaly,full_iera,0.8,5,support_swap_flip_rate,5,0.2775000035762787,0.0472691774215557,0.23606674274588074,0.31893326440667663
Edema__Cardiomegaly,Edema,Cardiomegaly,full_iera,0.8,5,d0_auroc,5,0.7111199975013733,0.033468166492030604,0.6817838561208566,0.7404561388818901
Edema__Cardiomegaly,Edema,Cardiomegaly,full_iera,0.8,5,d1_auroc,5,0.6353799939155579,0.03897032412629168,0.6012209987257353,0.6695389891053805
Edema__Cardiomegaly,Edema,Cardiomegaly,full_iera,0.8,5,worst_nuisance_auroc,5,0.6309399962425232,0.029683373908121275,0.6049213718333629,0.6569586206516834
Edema__Cardiomegaly,Edema,Cardiomegaly,full_iera,0.8,10,auroc,5,0.7015200018882751,0.019707000460004113,0.6842460543650891,0.7187939494114611
Edema__Cardiomegaly,Edema,Cardiomegaly,full_iera,0.8,10,auprc,5,0.6626259922981262,0.02645648788859088,0.6394358581951289,0.6858161264011235
Edema__Cardiomegaly,Edema,Cardiomegaly,full_iera,0.8,10,f1,5,0.6955313801765441,0.013515375120974267,0.6836846315518762,0.7073781288012121
Edema__Cardiomegaly,Edema,Cardiomegaly,full_iera,0.8,10,brier,5,0.228273406624794,0.004537593492001262,0.22429603056386282,0.2322507826857252
Edema__Cardiomegaly,Edema,Cardiomegaly,full_iera,0.8,10,ece,5,0.09073705449700356,0.019403530962765845,0.07372910971638715,0.10774499927761998
Edema__Cardiomegaly,Edema,Cardiomegaly,full_iera,0.8,10,sms_raw_logit,5,0.007986200600862503,0.0017159535566082006,0.006482100991729582,0.009490300209995422
Edema__Cardiomegaly,Edema,Cardiomegaly,full_iera,0.8,10,sms_fixed_reference,5,0.5472615122795105,0.12210417391023431,0.4402324848652123,0.6542905396938087
Edema__Cardiomegaly,Edema,Cardiomegaly,full_iera,0.8,10,ranking_disagreement,5,0.3744404375553131,0.00720331142322798,0.3681264567051812,0.380754418405445
Edema__Cardiomegaly,Edema,Cardiomegaly,full_iera,0.8,10,support_swap_flip_rate,5,0.27549999952316284,0.04192253928666064,0.23875327365048638,0.3122467253958393
Edema__Cardiomegaly,Edema,Cardiomegaly,full_iera,0.8,10,d0_auroc,5,0.7514400005340576,0.03678629955309145,0.7191953872890355,0.7836846137790796
Edema__Cardiomegaly,Edema,Cardiomegaly,full_iera,0.8,10,d1_auroc,5,0.6498800158500672,0.030307788125387904,0.623314068247624,0.6764459634525103
Edema__Cardiomegaly,Edema,Cardiomegaly,full_iera,0.8,10,worst_nuisance_auroc,5,0.6498800158500672,0.030307788125387904,0.623314068247624,0.6764459634525103
Pneumothorax__Support Devices,Pneumothorax,Support Devices,full_iera,0.5,1,auroc,5,0.5197100043296814,0.02258811157450286,0.4999106515678176,0.5395093570915451
Pneumothorax__Support Devices,Pneumothorax,Support Devices,full_iera,0.5,1,auprc,5,0.5255418479442596,0.029060369720300464,0.5000693107830793,0.55101438510544
Pneumothorax__Support Devices,Pneumothorax,Support Devices,full_iera,0.5,1,f1,5,0.6664437174797058,0.0004985739642519482,0.6660066981315612,0.6668807368278503
Pneumothorax__Support Devices,Pneumothorax,Support Devices,full_iera,0.5,1,brier,5,0.24945912659168243,0.0007540178190229833,0.24879820083264648,0.2501200523507184
Pneumothorax__Support Devices,Pneumothorax,Support Devices,full_iera,0.5,1,ece,5,0.019478057650849222,0.017441271005791622,0.004190109558334314,0.03476600574336413
Pneumothorax__Support Devices,Pneumothorax,Support Devices,full_iera,0.5,1,sms_raw_logit,5,0.01234156209975481,0.0014726869107841549,0.011050695107256496,0.013632429092253125
Pneumothorax__Support Devices,Pneumothorax,Support Devices,full_iera,0.5,1,sms_fixed_reference,5,0.32269449830055236,0.04300465171508605,0.28499925906376733,0.3603897375373374
Pneumothorax__Support Devices,Pneumothorax,Support Devices,full_iera,0.5,1,ranking_disagreement,5,0.5071052610874176,0.020237898325247583,0.48936596106764035,0.5248445611071948
Pneumothorax__Support Devices,Pneumothorax,Support Devices,full_iera,0.5,1,support_swap_flip_rate,5,0.010000000149011612,0.02236068010819799,-0.009600000143051146,0.029600000441074373
Pneumothorax__Support Devices,Pneumothorax,Support Devices,full_iera,0.5,1,d0_auroc,5,0.5233999967575074,0.047471833192849165,0.48178910031149663,0.565010893203518
Pneumothorax__Support Devices,Pneumothorax,Support Devices,full_iera,0.5,1,d1_auroc,5,0.5171799957752228,0.0178044045768578,0.5015737470735799,0.5327862444768656
Pneumothorax__Support Devices,Pneumothorax,Support Devices,full_iera,0.5,1,worst_nuisance_auroc,5,0.5005599915981293,0.03527595011325297,0.4696392580078722,0.5314807251883863
Pneumothorax__Support Devices,Pneumothorax,Support Devices,full_iera,0.5,3,auroc,5,0.5390549898147583,0.021343050926696736,0.5203469808287795,0.5577629988007371
Pneumothorax__Support Devices,Pneumothorax,Support Devices,full_iera,0.5,3,auprc,5,0.5417626738548279,0.021712990958387454,0.5227303981339332,0.5607949495757226
Pneumothorax__Support Devices,Pneumothorax,Support Devices,full_iera,0.5,3,f1,5,0.6673504471778869,0.0015289352780989759,0.6660102763175965,0.6686906180381774
Pneumothorax__Support Devices,Pneumothorax,Support Devices,full_iera,0.5,3,brier,5,0.2493882417678833,0.0012989937259833778,0.24824962356461464,0.250526859971152
Pneumothorax__Support Devices,Pneumothorax,Support Devices,full_iera,0.5,3,ece,5,0.023511806689202785,0.024603362819074284,0.0019460083276947315,0.04507760505071084
Pneumothorax__Support Devices,Pneumothorax,Support Devices,full_iera,0.5,3,sms_raw_logit,5,0.007424939330667258,0.0014705985897364698,0.006135902832274958,0.008713975829059558
Pneumothorax__Support Devices,Pneumothorax,Support Devices,full_iera,0.5,3,sms_fixed_reference,5,0.353067672252655,0.06226127346972204,0.298493259833806,0.40764208467150403
Pneumothorax__Support Devices,Pneumothorax,Support Devices,full_iera,0.5,3,ranking_disagreement,5,0.4911703586578369,0.03875131640654874,0.45720333219839976,0.5251373851172741
Pneumothorax__Support Devices,Pneumothorax,Support Devices,full_iera,0.5,3,support_swap_flip_rate,5,0.06899999976158142,0.10027462246250038,-0.018894582158175632,0.15689458168133846
Pneumothorax__Support Devices,Pneumothorax,Support Devices,full_iera,0.5,3,d0_auroc,5,0.5566600084304809,0.02995762042276052,0.5304009963523849,0.5829190205085769
Pneumothorax__Support Devices,Pneumothorax,Support Devices,full_iera,0.5,3,d1_auroc,5,0.5224200069904328,0.02526612654110441,0.5002732706126165,0.5445667433682491
Pneumothorax__Support Devices,Pneumothorax,Support Devices,full_iera,0.5,3,worst_nuisance_auroc,5,0.5199400007724762,0.026179636039038,0.4969925380151552,0.5428874635297971
Pneumothorax__Support Devices,Pneumothorax,Support Devices,full_iera,0.5,5,auroc,5,0.5465375006198883,0.03194981358105094,0.5185322542459033,0.5745427469938732
Pneumothorax__Support Devices,Pneumothorax,Support Devices,full_iera,0.5,5,auprc,5,0.538931280374527,0.031818649161632885,0.5110410046832968,0.5668215560657571
Pneumothorax__Support Devices,Pneumothorax,Support Devices,full_iera,0.5,5,f1,5,0.6662192583084107,0.001000479929441209,0.6653422989845276,0.6670962176322938
Pneumothorax__Support Devices,Pneumothorax,Support Devices,full_iera,0.5,5,brier,5,0.24901312589645386,0.0019245982663169978,0.24732614113573154,0.2507001106571762
Pneumothorax__Support Devices,Pneumothorax,Support Devices,full_iera,0.5,5,ece,5,0.02951939944177866,0.018081022760801934,0.013670684211396035,0.045368114672161286
Pneumothorax__Support Devices,Pneumothorax,Support Devices,full_iera,0.5,5,sms_raw_logit,5,0.005879337899386883,0.0007936243981302812,0.00518369544308079,0.006574980355692975
Pneumothorax__Support Devices,Pneumothorax,Support Devices,full_iera,0.5,5,sms_fixed_reference,5,0.36782692074775697,0.04559697368603333,0.327859411117503,0.40779443037801094
Pneumothorax__Support Devices,Pneumothorax,Support Devices,full_iera,0.5,5,ranking_disagreement,5,0.4969773948192596,0.026574655663851348,0.4736836820943952,0.520271107544124
Pneumothorax__Support Devices,Pneumothorax,Support Devices,full_iera,0.5,5,support_swap_flip_rate,5,0.007500000298023224,0.01677051049764861,-0.007200000286102293,0.02220000088214874
Pneumothorax__Support Devices,Pneumothorax,Support Devices,full_iera,0.5,5,d0_auroc,5,0.5508600056171418,0.03223108398985223,0.5226082148595343,0.5791117963747492
Pneumothorax__Support Devices,Pneumothorax,Support Devices,full_iera,0.5,5,d1_auroc,5,0.5427400052547455,0.03460849933974778,0.5124043180625559,0.5730756924469351
Pneumothorax__Support Devices,Pneumothorax,Support Devices,full_iera,0.5,5,worst_nuisance_auroc,5,0.539980000257492,0.031869371944943284,0.5120452640863978,0.5679147364285863
Pneumothorax__Support Devices,Pneumothorax,Support Devices,full_iera,0.5,10,auroc,5,0.5657950043678284,0.028905358572740354,0.5404583404682282,0.5911316682674286
Pneumothorax__Support Devices,Pneumothorax,Support Devices,full_iera,0.5,10,auprc,5,0.5557350158691406,0.03159436048372194,0.5280413378722244,0.5834286938660569
Pneumothorax__Support Devices,Pneumothorax,Support Devices,full_iera,0.5,10,f1,5,0.666442596912384,0.0005010796289568072,0.6660033812522889,0.6668818125724792
Pneumothorax__Support Devices,Pneumothorax,Support Devices,full_iera,0.5,10,brier,5,0.24744070768356324,0.0016885770265145715,0.24596060466108308,0.2489208107060434
Pneumothorax__Support Devices,Pneumothorax,Support Devices,full_iera,0.5,10,ece,5,0.023170456290245056,0.009816100189213505,0.014566265109809318,0.031774647470680796
Pneumothorax__Support Devices,Pneumothorax,Support Devices,full_iera,0.5,10,sms_raw_logit,5,0.004418419441208243,0.0005137657917141518,0.003968083869171801,0.0048687550132446855
Pneumothorax__Support Devices,Pneumothorax,Support Devices,full_iera,0.5,10,sms_fixed_reference,5,0.3695604562759399,0.05289897404265213,0.32319246113138805,0.4159284514204918
Pneumothorax__Support Devices,Pneumothorax,Support Devices,full_iera,0.5,10,ranking_disagreement,5,0.48548484444618223,0.010139126953982872,0.47659750782235266,0.4943721810700118
Pneumothorax__Support Devices,Pneumothorax,Support Devices,full_iera,0.5,10,support_swap_flip_rate,5,0.02500000037252903,0.050497525637932965,-0.019263032436077937,0.069263033181136
Pneumothorax__Support Devices,Pneumothorax,Support Devices,full_iera,0.5,10,d0_auroc,5,0.5681800127029419,0.025099544188515063,0.5461792921951084,0.5901807332107755
Pneumothorax__Support Devices,Pneumothorax,Support Devices,full_iera,0.5,10,d1_auroc,5,0.5629999995231628,0.05062595295906936,0.518624395204226,0.6073756038420997
Pneumothorax__Support Devices,Pneumothorax,Support Devices,full_iera,0.5,10,worst_nuisance_auroc,5,0.5470999956130982,0.036348674983657354,0.5152389772161406,0.5789610140100557
Edema__Cardiomegaly,Edema,Cardiomegaly,full_iera,0.5,1,auroc,5,0.6290549993515014,0.008534781517168414,0.6215739335064665,0.6365360651965364
Edema__Cardiomegaly,Edema,Cardiomegaly,full_iera,0.5,1,auprc,5,0.6150500416755676,0.015558197461466125,0.6014126803201361,0.6286874030309992
Edema__Cardiomegaly,Edema,Cardiomegaly,full_iera,0.5,1,f1,5,0.6668351411819458,0.01002025064346723,0.6580520042385173,0.6756182781253742
Edema__Cardiomegaly,Edema,Cardiomegaly,full_iera,0.5,1,brier,5,0.2390550285577774,0.0034498296037670058,0.23603111958389025,0.24207893753166457
Edema__Cardiomegaly,Edema,Cardiomegaly,full_iera,0.5,1,ece,5,0.042074622213840486,0.008951872936190113,0.034227959620625886,0.049921284807055086
Edema__Cardiomegaly,Edema,Cardiomegaly,full_iera,0.5,1,sms_raw_logit,5,0.012629709206521511,0.0018285833467311984,0.011026885233522021,0.014232533179521
Edema__Cardiomegaly,Edema,Cardiomegaly,full_iera,0.5,1,sms_fixed_reference,5,0.31119704246520996,0.04127666892692873,0.27501644692390653,0.3473776380065134
Edema__Cardiomegaly,Edema,Cardiomegaly,full_iera,0.5,1,ranking_disagreement,5,0.47163407802581786,0.013770231345464248,0.4595639380709101,0.4837042179807256
Edema__Cardiomegaly,Edema,Cardiomegaly,full_iera,0.5,1,support_swap_flip_rate,5,0.21550000011920928,0.1313202237660472,0.1003927488319542,0.33060725140646435
Edema__Cardiomegaly,Edema,Cardiomegaly,full_iera,0.5,1,d0_auroc,5,0.6501000046730041,0.022147007143052073,0.6306872969927493,0.6695127123532589
Edema__Cardiomegaly,Edema,Cardiomegaly,full_iera,0.5,1,d1_auroc,5,0.6103800058364868,0.024316079993151572,0.589066021974571,0.6316939896984025
Edema__Cardiomegaly,Edema,Cardiomegaly,full_iera,0.5,1,worst_nuisance_auroc,5,0.605020010471344,0.016462449172141704,0.5905900375447267,0.6194499833979613
Edema__Cardiomegaly,Edema,Cardiomegaly,full_iera,0.5,3,auroc,5,0.6567049980163574,0.022840145148389862,0.6366847280865948,0.67672526794612
Edema__Cardiomegaly,Edema,Cardiomegaly,full_iera,0.5,3,auprc,5,0.6335626721382142,0.022846746475892733,0.6135366158897726,0.6535887283866557
Edema__Cardiomegaly,Edema,Cardiomegaly,full_iera,0.5,3,f1,5,0.6767942190170289,0.009199370141755777,0.6687306155580669,0.6848578224759908
Edema__Cardiomegaly,Edema,Cardiomegaly,full_iera,0.5,3,brier,5,0.23586889505386352,0.0024271867028174765,0.2337413721049228,0.23799641800280424
Edema__Cardiomegaly,Edema,Cardiomegaly,full_iera,0.5,3,ece,5,0.0633415624499321,0.011563744856055626,0.053205493177471364,0.07347763172239283
Edema__Cardiomegaly,Edema,Cardiomegaly,full_iera,0.5,3,sms_raw_logit,5,0.0075694707222282885,0.0008548653343666969,0.006820148218521496,0.008318793225935081
Edema__Cardiomegaly,Edema,Cardiomegaly,full_iera,0.5,3,sms_fixed_reference,5,0.3281253159046173,0.034135015565256374,0.29820465553958203,0.35804597626965257
Edema__Cardiomegaly,Edema,Cardiomegaly,full_iera,0.5,3,ranking_disagreement,5,0.4400021851062775,0.014439986151295235,0.4273449791799244,0.45265939103263053
Edema__Cardiomegaly,Edema,Cardiomegaly,full_iera,0.5,3,support_swap_flip_rate,5,0.271000000834465,0.110122089170665,0.1744737337681841,0.36752626790074594
Edema__Cardiomegaly,Edema,Cardiomegaly,full_iera,0.5,3,d0_auroc,5,0.6933199882507324,0.03540786935930733,0.6622836223430019,0.7243563541584629
Edema__Cardiomegaly,Edema,Cardiomegaly,full_iera,0.5,3,d1_auroc,5,0.6192999839782715,0.03363844034361821,0.589814590986234,0.6487853769703089
Edema__Cardiomegaly,Edema,Cardiomegaly,full_iera,0.5,3,worst_nuisance_auroc,5,0.6192999839782715,0.03363844034361821,0.589814590986234,0.6487853769703089
Edema__Cardiomegaly,Edema,Cardiomegaly,full_iera,0.5,5,auroc,5,0.6904550075531006,0.017281667583779418,0.6753069580282016,0.7056030570779996
Edema__Cardiomegaly,Edema,Cardiomegaly,full_iera,0.5,5,auprc,5,0.6601923704147339,0.01491305312429297,0.6471205030038438,0.673264237825624
Edema__Cardiomegaly,Edema,Cardiomegaly,full_iera,0.5,5,f1,5,0.6926050782203674,0.005158338067101369,0.6880835955493337,0.6971265608914011
Edema__Cardiomegaly,Edema,Cardiomegaly,full_iera,0.5,5,brier,5,0.23403558135032654,0.0016547836382488723,0.23258509953868042,0.23548606316197265
Edema__Cardiomegaly,Edema,Cardiomegaly,full_iera,0.5,5,ece,5,0.08675078451633453,0.015285661444438627,0.07335231151257607,0.10014925752009299
Edema__Cardiomegaly,Edema,Cardiomegaly,full_iera,0.5,5,sms_raw_logit,5,0.005870763584971428,0.0006544327476954303,0.00529712798963624,0.006444399180306617
Edema__Cardiomegaly,Edema,Cardiomegaly,full_iera,0.5,5,sms_fixed_reference,5,0.3230501413345337,0.035588285770162494,0.2918556334701031,0.35424464919896426
Edema__Cardiomegaly,Edema,Cardiomegaly,full_iera,0.5,5,ranking_disagreement,5,0.39620049595832824,0.01698594114975224,0.3813116620818467,0.4110893298348098
Edema__Cardiomegaly,Edema,Cardiomegaly,full_iera,0.5,5,support_swap_flip_rate,5,0.26899999380111694,0.07277104331627504,0.20521336193879802,0.33278662566343586
Edema__Cardiomegaly,Edema,Cardiomegaly,full_iera,0.5,5,d0_auroc,5,0.7298600077629089,0.033334167928525636,0.7006413213019709,0.759078694223847
Edema__Cardiomegaly,Edema,Cardiomegaly,full_iera,0.5,5,d1_auroc,5,0.6503000020980835,0.04365505904712354,0.6120346556983584,0.6885653484978086
Edema__Cardiomegaly,Edema,Cardiomegaly,full_iera,0.5,5,worst_nuisance_auroc,5,0.6449600100517273,0.03231754081745575,0.6166324365434129,0.6732875835600417
Edema__Cardiomegaly,Edema,Cardiomegaly,full_iera,0.5,10,auroc,5,0.7194375038146973,0.022655278135209435,0.6995792769665761,0.7392957306628185
Edema__Cardiomegaly,Edema,Cardiomegaly,full_iera,0.5,10,auprc,5,0.680830442905426,0.0351111530431729,0.6500541603160362,0.7116067254948159
Edema__Cardiomegaly,Edema,Cardiomegaly,full_iera,0.5,10,f1,5,0.7055538654327392,0.009383371350988432,0.697328977802757,0.7137787530627214
Edema__Cardiomegaly,Edema,Cardiomegaly,full_iera,0.5,10,brier,5,0.2335876166820526,0.0023628712498800506,0.23151646871322243,0.23565876465088278
Edema__Cardiomegaly,Edema,Cardiomegaly,full_iera,0.5,10,ece,5,0.10864492207765579,0.005519117698969654,0.1038072021161742,0.11348264203913738
Edema__Cardiomegaly,Edema,Cardiomegaly,full_iera,0.5,10,sms_raw_logit,5,0.004614567290991545,0.0003773120948220492,0.004283838657831605,0.004945295924151485
Edema__Cardiomegaly,Edema,Cardiomegaly,full_iera,0.5,10,sms_fixed_reference,5,0.31636867523193357,0.036859079119422884,0.2840602678842971,0.34867708257957003
Edema__Cardiomegaly,Edema,Cardiomegaly,full_iera,0.5,10,ranking_disagreement,5,0.3633159875869751,0.007733428438885576,0.35653733868509163,0.37009463648885854
Edema__Cardiomegaly,Edema,Cardiomegaly,full_iera,0.5,10,support_swap_flip_rate,5,0.24850000143051149,0.052099661254857314,0.2028326348356469,0.2941673680253761
Edema__Cardiomegaly,Edema,Cardiomegaly,full_iera,0.5,10,d0_auroc,5,0.7687399983406067,0.03987233122020684,0.733790359072937,0.8036896376082764
Edema__Cardiomegaly,Edema,Cardiomegaly,full_iera,0.5,10,d1_auroc,5,0.664709997177124,0.03475202159280247,0.6342485071834016,0.6951714871708463
Edema__Cardiomegaly,Edema,Cardiomegaly,full_iera,0.5,10,worst_nuisance_auroc,5,0.664709997177124,0.03475202159280247,0.6342485071834016,0.6951714871708463
Pneumothorax__Support Devices,Pneumothorax,Support Devices,full_iera,0.3,1,auroc,5,0.5226249873638154,0.019946114914785446,0.5051414467799141,0.5401085279477166
Pneumothorax__Support Devices,Pneumothorax,Support Devices,full_iera,0.3,1,auprc,5,0.5240460276603699,0.03045474774893229,0.49735126426831516,0.5507407910524247
Pneumothorax__Support Devices,Pneumothorax,Support Devices,full_iera,0.3,1,f1,5,0.6666666865348816,0.0,0.6666666865348816,0.6666666865348816
Pneumothorax__Support Devices,Pneumothorax,Support Devices,full_iera,0.3,1,brier,5,0.24954302310943605,0.0007894238706167653,0.2488510625778341,0.250234983641038
Pneumothorax__Support Devices,Pneumothorax,Support Devices,full_iera,0.3,1,ece,5,0.011587480176240205,0.007122970401254773,0.0053439213368217525,0.01783103901565866
Pneumothorax__Support Devices,Pneumothorax,Support Devices,full_iera,0.3,1,sms_raw_logit,5,0.00885958643630147,0.000825857435603553,0.008135690476934056,0.009583482395668884
Pneumothorax__Support Devices,Pneumothorax,Support Devices,full_iera,0.3,1,sms_fixed_reference,5,0.23107287883758545,0.01892955887448048,0.21448038891003574,0.24766536876513517
Pneumothorax__Support Devices,Pneumothorax,Support Devices,full_iera,0.3,1,ranking_disagreement,5,0.5035212993621826,0.011595343621454847,0.4933575325506463,0.5136850661737189
Pneumothorax__Support Devices,Pneumothorax,Support Devices,full_iera,0.3,1,support_swap_flip_rate,5,0.0,0.0,0.0,0.0
Pneumothorax__Support Devices,Pneumothorax,Support Devices,full_iera,0.3,1,d0_auroc,5,0.5297399997711182,0.04739453824650352,0.48819685533281115,0.5712831442094253
Pneumothorax__Support Devices,Pneumothorax,Support Devices,full_iera,0.3,1,d1_auroc,5,0.5185000121593475,0.018601485303508577,0.5021950913958729,0.534804932922822
Pneumothorax__Support Devices,Pneumothorax,Support Devices,full_iera,0.3,1,worst_nuisance_auroc,5,0.5029000103473663,0.032131216893332044,0.47473575695944054,0.5310642637352921
Pneumothorax__Support Devices,Pneumothorax,Support Devices,full_iera,0.3,3,auroc,5,0.5379024982452393,0.01841791811762566,0.5217584812145452,0.5540465152759334
Pneumothorax__Support Devices,Pneumothorax,Support Devices,full_iera,0.3,3,auprc,5,0.537196695804596,0.02486151811493122,0.5154046143492951,0.5589887772598968
Pneumothorax__Support Devices,Pneumothorax,Support Devices,full_iera,0.3,3,f1,5,0.6653266549110413,0.0029964018029064103,0.6627001929283142,0.6679531168937684
Pneumothorax__Support Devices,Pneumothorax,Support Devices,full_iera,0.3,3,brier,5,0.24940410256385803,0.0010817489028383824,0.24845590784397573,0.25035229728374037
Pneumothorax__Support Devices,Pneumothorax,Support Devices,full_iera,0.3,3,ece,5,0.023928847908973695,0.007864908940547059,0.017034951266033337,0.030822744551914052
Pneumothorax__Support Devices,Pneumothorax,Support Devices,full_iera,0.3,3,sms_raw_logit,5,0.005244205892086029,0.0008299818466360297,0.004516694727051794,0.005971717057120265
Pneumothorax__Support Devices,Pneumothorax,Support Devices,full_iera,0.3,3,sms_fixed_reference,5,0.2502206712961197,0.04000390633588173,0.21515570135455378,0.28528564123768557
Pneumothorax__Support Devices,Pneumothorax,Support Devices,full_iera,0.3,3,ranking_disagreement,5,0.49221437573432925,0.03513459359044898,0.46141754659934087,0.5230112048693176
Pneumothorax__Support Devices,Pneumothorax,Support Devices,full_iera,0.3,3,support_swap_flip_rate,5,0.017499999701976778,0.03913118893984613,-0.016799999713897694,0.05179999911785125
Pneumothorax__Support Devices,Pneumothorax,Support Devices,full_iera,0.3,3,d0_auroc,5,0.5545699954032898,0.03119750726666245,0.5272241745883838,0.5819158162181958
Pneumothorax__Support Devices,Pneumothorax,Support Devices,full_iera,0.3,3,d1_auroc,5,0.5217200100421906,0.02240283669979331,0.5020830578683612,0.54135696221602
Pneumothorax__Support Devices,Pneumothorax,Support Devices,full_iera,0.3,3,worst_nuisance_auroc,5,0.516840010881424,0.023252598614053457,0.4964582095488439,0.537221812214004
Pneumothorax__Support Devices,Pneumothorax,Support Devices,full_iera,0.3,5,auroc,5,0.5463899970054626,0.033564972614542145,0.5169690013172809,0.5758109926936444
Pneumothorax__Support Devices,Pneumothorax,Support Devices,full_iera,0.3,5,auprc,5,0.5371584951877594,0.03347784888213109,0.5078138668181225,0.5665031235573963
Pneumothorax__Support Devices,Pneumothorax,Support Devices,full_iera,0.3,5,f1,5,0.6668892741203308,0.0004977209720119962,0.6664530024528503,0.6673255457878113
Pneumothorax__Support Devices,Pneumothorax,Support Devices,full_iera,0.3,5,brier,5,0.2487715870141983,0.0018005759191489607,0.24719331263388272,0.2503498613945139
Pneumothorax__Support Devices,Pneumothorax,Support Devices,full_iera,0.3,5,ece,5,0.02652650773525238,0.004485758831474937,0.02259456675753597,0.03045844871296879
Pneumothorax__Support Devices,Pneumothorax,Support Devices,full_iera,0.3,5,sms_raw_logit,5,0.004139461973682046,0.0004447705380853705,0.0037496034079232115,0.004529320539440881
Pneumothorax__Support Devices,Pneumothorax,Support Devices,full_iera,0.3,5,sms_fixed_reference,5,0.2592023730278015,0.02660389171942898,0.23588303377033223,0.2825217122852708
Pneumothorax__Support Devices,Pneumothorax,Support Devices,full_iera,0.3,5,ranking_disagreement,5,0.4984347879886627,0.022375314119034415,0.47882196042053854,0.5180476155567868
Pneumothorax__Support Devices,Pneumothorax,Support Devices,full_iera,0.3,5,support_swap_flip_rate,5,0.003500000014901161,0.007826237954569272,-0.0033600000143051132,0.010360000044107436
Pneumothorax__Support Devices,Pneumothorax,Support Devices,full_iera,0.3,5,d0_auroc,5,0.553300005197525,0.035487041168064705,0.5221942421396515,0.5844057682553985
Pneumothorax__Support Devices,Pneumothorax,Support Devices,full_iera,0.3,5,d1_auroc,5,0.5391200006008148,0.03309451582912817,0.5101113784668764,0.5681286227347532
Pneumothorax__Support Devices,Pneumothorax,Support Devices,full_iera,0.3,5,worst_nuisance_auroc,5,0.5391200006008148,0.03309451582912817,0.5101113784668764,0.5681286227347532
Pneumothorax__Support Devices,Pneumothorax,Support Devices,full_iera,0.3,10,auroc,5,0.566902506351471,0.030491860322429516,0.5401752123544497,0.5936298003484923
Pneumothorax__Support Devices,Pneumothorax,Support Devices,full_iera,0.3,10,auprc,5,0.5586209416389465,0.03232731569708334,0.530284800070867,0.586957083207026
Pneumothorax__Support Devices,Pneumothorax,Support Devices,full_iera,0.3,10,f1,5,0.666898775100708,0.0012400091167020896,0.6658118591870632,0.6679856910143529
Pneumothorax__Support Devices,Pneumothorax,Support Devices,full_iera,0.3,10,brier,5,0.2480001389980316,0.0011253932432129614,0.2470136883270803,0.24898658966898293
Pneumothorax__Support Devices,Pneumothorax,Support Devices,full_iera,0.3,10,ece,5,0.020313346572220326,0.014118284684920551,0.007938124413999118,0.032688568730441535
Pneumothorax__Support Devices,Pneumothorax,Support Devices,full_iera,0.3,10,sms_raw_logit,5,0.003084389213472605,0.00034948210018226567,0.0027780546461652453,0.0033907237807799646
Pneumothorax__Support Devices,Pneumothorax,Support Devices,full_iera,0.3,10,sms_fixed_reference,5,0.2580260694026947,0.03557181848850154,0.22684599574705397,0.2892061430583354
Pneumothorax__Support Devices,Pneumothorax,Support Devices,full_iera,0.3,10,ranking_disagreement,5,0.4885249137878418,0.012373566262122725,0.47767900475564967,0.4993708228200339
Pneumothorax__Support Devices,Pneumothorax,Support Devices,full_iera,0.3,10,support_swap_flip_rate,5,0.057999998331069946,0.09750640745077511,-0.027468136147206307,0.1434681328093462
Pneumothorax__Support Devices,Pneumothorax,Support Devices,full_iera,0.3,10,d0_auroc,5,0.5723400115966797,0.021991887501644825,0.553063272277055,0.5916167509163044
Pneumothorax__Support Devices,Pneumothorax,Support Devices,full_iera,0.3,10,d1_auroc,5,0.5603800177574157,0.04884380803201276,0.5175665323419197,0.6031935031729118
Pneumothorax__Support Devices,Pneumothorax,Support Devices,full_iera,0.3,10,worst_nuisance_auroc,5,0.5516000151634216,0.0389398948482225,0.5174676924118324,0.5857323379150108
Edema__Cardiomegaly,Edema,Cardiomegaly,full_iera,0.3,1,auroc,5,0.6345499992370606,0.004200005726473178,0.6308685318994298,0.6382314665746913
Edema__Cardiomegaly,Edema,Cardiomegaly,full_iera,0.3,1,auprc,5,0.619376277923584,0.01663385429368969,0.6047960617836053,0.6339564940635626
Edema__Cardiomegaly,Edema,Cardiomegaly,full_iera,0.3,1,f1,5,0.6681579351425171,0.011472269093480444,0.6581020479112337,0.6782138223738005
Edema__Cardiomegaly,Edema,Cardiomegaly,full_iera,0.3,1,brier,5,0.23945335745811464,0.002341106754340958,0.23740128691076084,0.24150542800546843
Edema__Cardiomegaly,Edema,Cardiomegaly,full_iera,0.3,1,ece,5,0.05291174873709679,0.008191770442445418,0.045731345355467246,0.06009215211872633
Edema__Cardiomegaly,Edema,Cardiomegaly,full_iera,0.3,1,sms_raw_logit,5,0.008833213336765766,0.0009043476768541821,0.0080405176475157,0.009625909026015832
Edema__Cardiomegaly,Edema,Cardiomegaly,full_iera,0.3,1,sms_fixed_reference,5,0.21734582483768464,0.015770585909965433,0.20352229679892886,0.23116935287644041
Edema__Cardiomegaly,Edema,Cardiomegaly,full_iera,0.3,1,ranking_disagreement,5,0.46872797012329104,0.015322038508794962,0.45529761121675333,0.48215832902982875
Edema__Cardiomegaly,Edema,Cardiomegaly,full_iera,0.3,1,support_swap_flip_rate,5,0.26550000309944155,0.11069948309680357,0.16846762794225323,0.3625323782566299
Edema__Cardiomegaly,Edema,Cardiomegaly,full_iera,0.3,1,d0_auroc,5,0.6572800040245056,0.019496329924862485,0.6401907173671932,0.674369290681818
Edema__Cardiomegaly,Edema,Cardiomegaly,full_iera,0.3,1,d1_auroc,5,0.6144799947738647,0.02351407217305981,0.5938690017616,0.6350909877861295
Edema__Cardiomegaly,Edema,Cardiomegaly,full_iera,0.3,1,worst_nuisance_auroc,5,0.6115599989891052,0.01923090857369121,0.5947033644038812,0.6284166335743292
Edema__Cardiomegaly,Edema,Cardiomegaly,full_iera,0.3,3,auroc,5,0.6669750094413758,0.02077335753375402,0.6487663587313542,0.6851836601513973
Edema__Cardiomegaly,Edema,Cardiomegaly,full_iera,0.3,3,auprc,5,0.6473220109939575,0.02590412595231189,0.6246160434753398,0.6700279785125751
Edema__Cardiomegaly,Edema,Cardiomegaly,full_iera,0.3,3,f1,5,0.6777244210243225,0.010765744538968705,0.6682878298702503,0.6871610121783948
Edema__Cardiomegaly,Edema,Cardiomegaly,full_iera,0.3,3,brier,5,0.23826646208763122,0.0015498826794778401,0.23690793002047414,0.2396249941547883
Edema__Cardiomegaly,Edema,Cardiomegaly,full_iera,0.3,3,ece,5,0.06920685097575188,0.02612616353164056,0.04630625893772637,0.0921074430137774
Edema__Cardiomegaly,Edema,Cardiomegaly,full_iera,0.3,3,sms_raw_logit,5,0.005235438607633114,0.00045751599262456227,0.0048344081583948035,0.005636469056871425
Edema__Cardiomegaly,Edema,Cardiomegaly,full_iera,0.3,3,sms_fixed_reference,5,0.22708292603492736,0.01996170817864948,0.20958571735261364,0.24458013471724108
Edema__Cardiomegaly,Edema,Cardiomegaly,full_iera,0.3,3,ranking_disagreement,5,0.43903841376304625,0.013367898223761773,0.4273209343383513,0.45075589318774123
Edema__Cardiomegaly,Edema,Cardiomegaly,full_iera,0.3,3,support_swap_flip_rate,5,0.27650000154972076,0.11253610852570975,0.17785775322370276,0.37514224987573874
Edema__Cardiomegaly,Edema,Cardiomegaly,full_iera,0.3,3,d0_auroc,5,0.7055800080299377,0.035856534780193246,0.6741503695411475,0.7370096465187279
Edema__Cardiomegaly,Edema,Cardiomegaly,full_iera,0.3,3,d1_auroc,5,0.629610002040863,0.025027504381638067,0.6076724272078925,0.6515475768738336
Edema__Cardiomegaly,Edema,Cardiomegaly,full_iera,0.3,3,worst_nuisance_auroc,5,0.629610002040863,0.025027504381638067,0.6076724272078925,0.6515475768738336
Edema__Cardiomegaly,Edema,Cardiomegaly,full_iera,0.3,5,auroc,5,0.7012624859809875,0.0145568632396595,0.6885028327697132,0.7140221391922618
Edema__Cardiomegaly,Edema,Cardiomegaly,full_iera,0.3,5,auprc,5,0.6742991805076599,0.01969698184329563,0.6570340146892102,0.6915643463261096
Edema__Cardiomegaly,Edema,Cardiomegaly,full_iera,0.3,5,f1,5,0.6921926021575928,0.01013745108202004,0.6833067345003064,0.7010784698148792
Edema__Cardiomegaly,Edema,Cardiomegaly,full_iera,0.3,5,brier,5,0.2372224360704422,0.0012456907217442633,0.2361305400103999,0.23831433213048447
Edema__Cardiomegaly,Edema,Cardiomegaly,full_iera,0.3,5,ece,5,0.09295416474342347,0.01448022011334574,0.08026169219440396,0.10564663729244297
Edema__Cardiomegaly,Edema,Cardiomegaly,full_iera,0.3,5,sms_raw_logit,5,0.004114603344351053,0.0005109408384474577,0.003666743953029346,0.004562462735672761
Edema__Cardiomegaly,Edema,Cardiomegaly,full_iera,0.3,5,sms_fixed_reference,5,0.22580097913742064,0.020672452240469086,0.2076807758166684,0.24392118245817287
Edema__Cardiomegaly,Edema,Cardiomegaly,full_iera,0.3,5,ranking_disagreement,5,0.3967548906803131,0.020368951461698745,0.3789007175216023,0.4146090638390239
Edema__Cardiomegaly,Edema,Cardiomegaly,full_iera,0.3,5,support_swap_flip_rate,5,0.2405000001192093,0.07558935461476973,0.17424300948397597,0.3067569907544426
Edema__Cardiomegaly,Edema,Cardiomegaly,full_iera,0.3,5,d0_auroc,5,0.7424999952316285,0.03706155634658522,0.7100141087692103,0.7749858816940466
Edema__Cardiomegaly,Edema,Cardiomegaly,full_iera,0.3,5,d1_auroc,5,0.6607600092887879,0.04160653054441974,0.6242902772915323,0.6972297412860434
Edema__Cardiomegaly,Edema,Cardiomegaly,full_iera,0.3,5,worst_nuisance_auroc,5,0.6552800059318542,0.03085201421137923,0.6282370231322363,0.6823229887314721
Edema__Cardiomegaly,Edema,Cardiomegaly,full_iera,0.3,10,auroc,5,0.7311524987220764,0.023864134621383128,0.7102346624449298,0.752070334999223
Edema__Cardiomegaly,Edema,Cardiomegaly,full_iera,0.3,10,auprc,5,0.6974787473678589,0.03433255148460901,0.6673849391353048,0.7275725556004129
Edema__Cardiomegaly,Edema,Cardiomegaly,full_iera,0.3,10,f1,5,0.6953242421150208,0.009666090185315187,0.6868515405004655,0.703796943729576
Edema__Cardiomegaly,Edema,Cardiomegaly,full_iera,0.3,10,brier,5,0.23719482123851776,0.001525055222774442,0.23585805139667237,0.23853159108036315
Edema__Cardiomegaly,Edema,Cardiomegaly,full_iera,0.3,10,ece,5,0.09638508856296539,0.011536687254199308,0.08627273632423173,0.10649744080169905
Edema__Cardiomegaly,Edema,Cardiomegaly,full_iera,0.3,10,sms_raw_logit,5,0.0032109125051647423,0.0003180198612464659,0.00293215580621142,0.0034896692041180644
Edema__Cardiomegaly,Edema,Cardiomegaly,full_iera,0.3,10,sms_fixed_reference,5,0.2196119636297226,0.022085148741123908,0.2002534772294106,0.23897045003003461
Edema__Cardiomegaly,Edema,Cardiomegaly,full_iera,0.3,10,ranking_disagreement,5,0.357321035861969,0.012116233104390382,0.3467006892877301,0.3679413824362079
Edema__Cardiomegaly,Edema,Cardiomegaly,full_iera,0.3,10,support_swap_flip_rate,5,0.2734999984502792,0.07451090370322412,0.20818831171810204,0.3388116851824564
Edema__Cardiomegaly,Edema,Cardiomegaly,full_iera,0.3,10,d0_auroc,5,0.7842200040817261,0.04540645068968568,0.7444194952209474,0.8240205129425048
Edema__Cardiomegaly,Edema,Cardiomegaly,full_iera,0.3,10,d1_auroc,5,0.6747900128364563,0.03196549644928526,0.6467710198223654,0.7028090058505473
Edema__Cardiomegaly,Edema,Cardiomegaly,full_iera,0.3,10,worst_nuisance_auroc,5,0.6747900128364563,0.03196549644928526,0.6467710198223654,0.7028090058505473
Pneumothorax__Support Devices,Pneumothorax,Support Devices,mean_difference_projection,,1,auroc,5,0.5209524989128113,0.02155767469818754,0.5020563638965172,0.5398486339291053
Pneumothorax__Support Devices,Pneumothorax,Support Devices,mean_difference_projection,,1,auprc,5,0.521072793006897,0.023915203282295648,0.5001101930748009,0.5420353929389932
Pneumothorax__Support Devices,Pneumothorax,Support Devices,mean_difference_projection,,1,f1,5,0.6666666865348816,0.0,0.6666666865348816,0.6666666865348816
Pneumothorax__Support Devices,Pneumothorax,Support Devices,mean_difference_projection,,1,brier,5,0.24965197145938872,0.0006639078243397711,0.24907003059318977,0.25023391232558767
Pneumothorax__Support Devices,Pneumothorax,Support Devices,mean_difference_projection,,1,ece,5,0.007502694521099329,0.012241620469205933,-0.003227558924268426,0.018232947966467086
Pneumothorax__Support Devices,Pneumothorax,Support Devices,mean_difference_projection,,1,sms_raw_logit,5,0.07017967700958253,0.006515754368932691,0.06446836648968163,0.07589098752948342
Pneumothorax__Support Devices,Pneumothorax,Support Devices,mean_difference_projection,,1,sms_fixed_reference,5,1.8335511922836303,0.19501408161036154,1.6626138130078498,2.0044885715594107
Pneumothorax__Support Devices,Pneumothorax,Support Devices,mean_difference_projection,,1,ranking_disagreement,5,0.5124536335468293,0.023398753833593626,0.4919437215158352,0.5329635455778233
Pneumothorax__Support Devices,Pneumothorax,Support Devices,mean_difference_projection,,1,support_swap_flip_rate,5,0.0,0.0,0.0,0.0
Pneumothorax__Support Devices,Pneumothorax,Support Devices,mean_difference_projection,,1,d0_auroc,5,0.5337499976158142,0.03940954550365505,0.499206007914065,0.5682939873175634
Pneumothorax__Support Devices,Pneumothorax,Support Devices,mean_difference_projection,,1,d1_auroc,5,0.5065800011157989,0.032268973851476035,0.478294998430142,0.5348650038014559
Pneumothorax__Support Devices,Pneumothorax,Support Devices,mean_difference_projection,,1,worst_nuisance_auroc,5,0.49356000423431395,0.019689672742980946,0.4763012451247661,0.5108187633438618
Pneumothorax__Support Devices,Pneumothorax,Support Devices,mean_difference_projection,,3,auroc,5,0.5204425036907196,0.0263513474571462,0.49734452923926475,0.5435404781421745
Pneumothorax__Support Devices,Pneumothorax,Support Devices,mean_difference_projection,,3,auprc,5,0.5222894847393036,0.024005851418162142,0.5012474282128256,0.5433315412657815
Pneumothorax__Support Devices,Pneumothorax,Support Devices,mean_difference_projection,,3,f1,5,0.6657748222351074,0.0019942692010002944,0.66402676820755,0.6675228762626648
Pneumothorax__Support Devices,Pneumothorax,Support Devices,mean_difference_projection,,3,brier,5,0.24967522621154786,0.0011367184106211793,0.24867884859367748,0.2506716038294183
Pneumothorax__Support Devices,Pneumothorax,Support Devices,mean_difference_projection,,3,ece,5,0.004553111642599106,0.0061939676374315805,-0.000876140370991361,0.009982363656189572
Pneumothorax__Support Devices,Pneumothorax,Support Devices,mean_difference_projection,,3,sms_raw_logit,5,0.03347209468483925,0.0037282387811970836,0.030204149307205053,0.036740040062473445
Pneumothorax__Support Devices,Pneumothorax,Support Devices,mean_difference_projection,,3,sms_fixed_reference,5,1.5936236381530762,0.1480792044904663,1.4638264925735245,1.7234207837326279
Pneumothorax__Support Devices,Pneumothorax,Support Devices,mean_difference_projection,,3,ranking_disagreement,5,0.5122606515884399,0.026542109036383002,0.4889954672403869,0.5355258359364929
Pneumothorax__Support Devices,Pneumothorax,Support Devices,mean_difference_projection,,3,support_swap_flip_rate,5,0.0009999999776482583,0.002236067927519776,-0.0009599999785423277,0.0029599999338388444
Pneumothorax__Support Devices,Pneumothorax,Support Devices,mean_difference_projection,,3,d0_auroc,5,0.5347799897193909,0.02095021572157607,0.5164163159726731,0.5531436634661087
Pneumothorax__Support Devices,Pneumothorax,Support Devices,mean_difference_projection,,3,d1_auroc,5,0.505679988861084,0.046496400693476395,0.46492409669848883,0.5464358810236791
Pneumothorax__Support Devices,Pneumothorax,Support Devices,mean_difference_projection,,3,worst_nuisance_auroc,5,0.5015999913215637,0.041455559524586606,0.46526259125779607,0.5379373913853315
Pneumothorax__Support Devices,Pneumothorax,Support Devices,mean_difference_projection,,5,auroc,5,0.5386725068092346,0.020840517887775637,0.5204049874533548,0.5569400261651144
Pneumothorax__Support Devices,Pneumothorax,Support Devices,mean_difference_projection,,5,auprc,5,0.5269736170768737,0.01851596626311651,0.5107436570573726,0.5432035770963749
Pneumothorax__Support Devices,Pneumothorax,Support Devices,mean_difference_projection,,5,f1,5,0.6666666865348816,0.0,0.6666666865348816,0.6666666865348816
Pneumothorax__Support Devices,Pneumothorax,Support Devices,mean_difference_projection,,5,brier,5,0.24968165457248687,0.000367136500733816,0.2493598452408033,0.25000346390417044
Pneumothorax__Support Devices,Pneumothorax,Support Devices,mean_difference_projection,,5,ece,5,0.007776964223012328,0.00371303630534516,0.004522344402995163,0.011031584043029494
Pneumothorax__Support Devices,Pneumothorax,Support Devices,mean_difference_projection,,5,sms_raw_logit,5,0.019842607155442237,0.0026283394118194886,0.01753876608307632,0.022146448227808153
Pneumothorax__Support Devices,Pneumothorax,Support Devices,mean_difference_projection,,5,sms_fixed_reference,5,1.2408364295959473,0.14682571728342372,1.112138013997114,1.3695348451947806
Pneumothorax__Support Devices,Pneumothorax,Support Devices,mean_difference_projection,,5,ranking_disagreement,5,0.4980701684951782,0.0358142767703947,0.4666775707851293,0.5294627662052271
Pneumothorax__Support Devices,Pneumothorax,Support Devices,mean_difference_projection,,5,support_swap_flip_rate,5,0.0,0.0,0.0,0.0
Pneumothorax__Support Devices,Pneumothorax,Support Devices,mean_difference_projection,,5,d0_auroc,5,0.531659996509552,0.015064963208915342,0.5184549740385941,0.5448650189805099
Pneumothorax__Support Devices,Pneumothorax,Support Devices,mean_difference_projection,,5,d1_auroc,5,0.5464899897575378,0.03409861767122424,0.5166012335532977,0.576378745961778
Pneumothorax__Support Devices,Pneumothorax,Support Devices,mean_difference_projection,,5,worst_nuisance_auroc,5,0.5255599856376648,0.017849734638210903,0.509914003385367,0.5412059678899627
Pneumothorax__Support Devices,Pneumothorax,Support Devices,mean_difference_projection,,10,auroc,5,0.553505003452301,0.030421999233848637,0.5268389453993548,0.5801710615052472
Pneumothorax__Support Devices,Pneumothorax,Support Devices,mean_difference_projection,,10,auprc,5,0.5418372988700867,0.03655552439632369,0.5097949689687806,0.5738796287713928
Pneumothorax__Support Devices,Pneumothorax,Support Devices,mean_difference_projection,,10,f1,5,0.6666666865348816,0.0,0.6666666865348816,0.6666666865348816
Pneumothorax__Support Devices,Pneumothorax,Support Devices,mean_difference_projection,,10,brier,5,0.24814436733722686,0.0017720254681546433,0.24659111853060223,0.2496976161438515
Pneumothorax__Support Devices,Pneumothorax,Support Devices,mean_difference_projection,,10,ece,5,0.01736891265027225,0.016665526236772234,0.0027609348281504957,0.03197689047239401
Pneumothorax__Support Devices,Pneumothorax,Support Devices,mean_difference_projection,,10,sms_raw_logit,5,0.012204160541296005,0.0007148080189248925,0.011577603687394222,0.012830717395197788
Pneumothorax__Support Devices,Pneumothorax,Support Devices,mean_difference_projection,,10,sms_fixed_reference,5,1.0174229741096497,0.041151663608335186,0.9813519505611965,1.0534939976581028
Pneumothorax__Support Devices,Pneumothorax,Support Devices,mean_difference_projection,,10,ranking_disagreement,5,0.48843231201171877,0.011036834459610831,0.4787581000653428,0.49810652395809474
Pneumothorax__Support Devices,Pneumothorax,Support Devices,mean_difference_projection,,10,support_swap_flip_rate,5,0.01550000011920929,0.03465905391780681,-0.014880000114440914,0.045880000352859496
Pneumothorax__Support Devices,Pneumothorax,Support Devices,mean_difference_projection,,10,d0_auroc,5,0.5565000057220459,0.024817847640356803,0.5347462031254503,0.5782538083186416
Pneumothorax__Support Devices,Pneumothorax,Support Devices,mean_difference_projection,,10,d1_auroc,5,0.549940001964569,0.04824949073534644,0.5076474586282885,0.5922325453008496
Pneumothorax__Support Devices,Pneumothorax,Support Devices,mean_difference_projection,,10,worst_nuisance_auroc,5,0.536300003528595,0.03409509012331601,0.5064143393564262,0.5661856677007637
Edema__Cardiomegaly,Edema,Cardiomegaly,mean_difference_projection,,1,auroc,5,0.5868800044059753,0.024731877838846627,0.5652015576628937,0.6085584511490569
Edema__Cardiomegaly,Edema,Cardiomegaly,mean_difference_projection,,1,auprc,5,0.56929851770401,0.01832717291898097,0.5532340423469739,0.585362993061046
Edema__Cardiomegaly,Edema,Cardiomegaly,mean_difference_projection,,1,f1,5,0.6673408389091492,0.0010063829090788165,0.6664587053954802,0.6682229724228181
Edema__Cardiomegaly,Edema,Cardiomegaly,mean_difference_projection,,1,brier,5,0.24681949615478516,0.0020626155925432418,0.2450115338736451,0.2486274584359252
Edema__Cardiomegaly,Edema,Cardiomegaly,mean_difference_projection,,1,ece,5,0.029380001965910195,0.016355361040678525,0.015043895925174714,0.043716108006645674
Edema__Cardiomegaly,Edema,Cardiomegaly,mean_difference_projection,,1,sms_raw_logit,5,0.05594119280576706,0.0016043014978424802,0.0545349605411795,0.05734742507035462
Edema__Cardiomegaly,Edema,Cardiomegaly,mean_difference_projection,,1,sms_fixed_reference,5,1.3818117141723634,0.09836140254252164,1.2955941434530223,1.4680292848917045
Edema__Cardiomegaly,Edema,Cardiomegaly,mean_difference_projection,,1,ranking_disagreement,5,0.4865074634552002,0.02954094316145894,0.46061368510003614,0.5124012418103643
Edema__Cardiomegaly,Edema,Cardiomegaly,mean_difference_projection,,1,support_swap_flip_rate,5,0.010499999858438969,0.010062305696977887,0.001680000035299195,0.019319999681578742
Edema__Cardiomegaly,Edema,Cardiomegaly,mean_difference_projection,,1,d0_auroc,5,0.6129999995231629,0.015438915524173792,0.5994671933956786,0.6265328056506472
Edema__Cardiomegaly,Edema,Cardiomegaly,mean_difference_projection,,1,d1_auroc,5,0.560539984703064,0.0347996954493124,0.5300367067316506,0.5910432626744774
Edema__Cardiomegaly,Edema,Cardiomegaly,mean_difference_projection,,1,worst_nuisance_auroc,5,0.560539984703064,0.0347996954493124,0.5300367067316506,0.5910432626744774
Edema__Cardiomegaly,Edema,Cardiomegaly,mean_difference_projection,,3,auroc,5,0.5990000009536743,0.016325707276073888,0.5846898875836491,0.6133101143236995
Edema__Cardiomegaly,Edema,Cardiomegaly,mean_difference_projection,,3,auprc,5,0.5796248316764832,0.021171295401825056,0.561067373045921,0.5981822903070453
Edema__Cardiomegaly,Edema,Cardiomegaly,mean_difference_projection,,3,f1,5,0.6692558884620666,0.005191288800825267,0.664705523199471,0.6738062537246623
Edema__Cardiomegaly,Edema,Cardiomegaly,mean_difference_projection,,3,brier,5,0.24443095922470093,0.002111755512332891,0.24257992390474592,0.24628199454465594
Edema__Cardiomegaly,Edema,Cardiomegaly,mean_difference_projection,,3,ece,5,0.035277700424194335,0.009863752981467914,0.02663173972970157,0.0439236611186871
Edema__Cardiomegaly,Edema,Cardiomegaly,mean_difference_projection,,3,sms_raw_logit,5,0.023659520968794822,0.002453236481305015,0.021509164382259305,0.02580987755533034
Edema__Cardiomegaly,Edema,Cardiomegaly,mean_difference_projection,,3,sms_fixed_reference,5,1.024438500404358,0.07897341160154774,0.9552152530359544,1.0936617477727615
Edema__Cardiomegaly,Edema,Cardiomegaly,mean_difference_projection,,3,ranking_disagreement,5,0.47044230699539186,0.01571213982388919,0.45667000920985834,0.4842146047809254
Edema__Cardiomegaly,Edema,Cardiomegaly,mean_difference_projection,,3,support_swap_flip_rate,5,0.1905000016093254,0.1089351904897022,0.09501409710719522,0.2859859061114556
Edema__Cardiomegaly,Edema,Cardiomegaly,mean_difference_projection,,3,d0_auroc,5,0.6317399978637696,0.034655697053774505,0.601362940051177,0.6621170556763621
Edema__Cardiomegaly,Edema,Cardiomegaly,mean_difference_projection,,3,d1_auroc,5,0.5684599995613098,0.03139972760935081,0.5409369248007915,0.5959830743218281
Edema__Cardiomegaly,Edema,Cardiomegaly,mean_difference_projection,,3,worst_nuisance_auroc,5,0.5642000079154968,0.026342370934197706,0.5411099017333236,0.5872901140976701
Edema__Cardiomegaly,Edema,Cardiomegaly,mean_difference_projection,,5,auroc,5,0.6443999886512757,0.005007579796084966,0.6400106514311699,0.6487893258713815
Edema__Cardiomegaly,Edema,Cardiomegaly,mean_difference_projection,,5,auprc,5,0.6194155931472778,0.016814242457621864,0.6046772598101188,0.6341539264844368
Edema__Cardiomegaly,Edema,Cardiomegaly,mean_difference_projection,,5,f1,5,0.680197787284851,0.008096838502237334,0.6731005954176656,0.6872949791520364
Edema__Cardiomegaly,Edema,Cardiomegaly,mean_difference_projection,,5,brier,5,0.2365897089242935,0.002008971031185676,0.23482876817439438,0.23835064967419264
Edema__Cardiomegaly,Edema,Cardiomegaly,mean_difference_projection,,5,ece,5,0.05573616772890091,0.009602067988955654,0.04731958404373213,0.06415275141406969
Edema__Cardiomegaly,Edema,Cardiomegaly,mean_difference_projection,,5,sms_raw_logit,5,0.016349491477012635,0.0007922714168047552,0.015655034961127277,0.017043947992897993
Edema__Cardiomegaly,Edema,Cardiomegaly,mean_difference_projection,,5,sms_fixed_reference,5,0.899113941192627,0.007131212832201899,0.8928631575439366,0.9053647248413174
Edema__Cardiomegaly,Edema,Cardiomegaly,mean_difference_projection,,5,ranking_disagreement,5,0.43360401391983033,0.018670816839289985,0.41723832138577505,0.4499697064538856
Edema__Cardiomegaly,Edema,Cardiomegaly,mean_difference_projection,,5,support_swap_flip_rate,5,0.26899999678134917,0.04852834009398908,0.22646303120547703,0.3115369623572213
Edema__Cardiomegaly,Edema,Cardiomegaly,mean_difference_projection,,5,d0_auroc,5,0.6863800048828125,0.042591558848515274,0.649046857508451,0.7237131522571739
Edema__Cardiomegaly,Edema,Cardiomegaly,mean_difference_projection,,5,d1_auroc,5,0.6052799940109252,0.040054306293378125,0.5701708465587976,0.6403891414630529
Edema__Cardiomegaly,Edema,Cardiomegaly,mean_difference_projection,,5,worst_nuisance_auroc,5,0.5968799948692322,0.02667259030623176,0.5735004386454235,0.6202595510930408
Edema__Cardiomegaly,Edema,Cardiomegaly,mean_difference_projection,,10,auroc,5,0.6657999992370606,0.014316872281990651,0.6532507073751568,0.6783492910989644
Edema__Cardiomegaly,Edema,Cardiomegaly,mean_difference_projection,,10,auprc,5,0.6402478456497193,0.01840208384902144,0.6241177079674066,0.6563779833320319
Edema__Cardiomegaly,Edema,Cardiomegaly,mean_difference_projection,,10,f1,5,0.6871612071990967,0.006530295735112015,0.6814371506097568,0.6928852637884365
Edema__Cardiomegaly,Edema,Cardiomegaly,mean_difference_projection,,10,brier,5,0.230668306350708,0.0031245282583046187,0.22792953657809825,0.23340707612331776
Edema__Cardiomegaly,Edema,Cardiomegaly,mean_difference_projection,,10,ece,5,0.056615085899829866,0.013112787773719239,0.04512122064389664,0.06810895115576308
Edema__Cardiomegaly,Edema,Cardiomegaly,mean_difference_projection,,10,sms_raw_logit,5,0.011879571154713631,0.00030773450809242945,0.011609829965299715,0.012149312344127547
Edema__Cardiomegaly,Edema,Cardiomegaly,mean_difference_projection,,10,sms_fixed_reference,5,0.812400507926941,0.02235692157071372,0.7928038021382401,0.8319972137156418
Edema__Cardiomegaly,Edema,Cardiomegaly,mean_difference_projection,,10,ranking_disagreement,5,0.40485313534736633,0.0064146597937318065,0.39923043812964926,0.4104758325650834
Edema__Cardiomegaly,Edema,Cardiomegaly,mean_difference_projection,,10,support_swap_flip_rate,5,0.2990000039339066,0.04310597677065474,0.26121594936998793,0.3367840584978252
Edema__Cardiomegaly,Edema,Cardiomegaly,mean_difference_projection,,10,d0_auroc,5,0.7202600121498108,0.040526587193761586,0.6847368922361721,0.7557831320634496
Edema__Cardiomegaly,Edema,Cardiomegaly,mean_difference_projection,,10,d1_auroc,5,0.6102599978446961,0.03157937354807983,0.5825794564760729,0.6379405392133193
Edema__Cardiomegaly,Edema,Cardiomegaly,mean_difference_projection,,10,worst_nuisance_auroc,5,0.6102599978446961,0.03157937354807983,0.5825794564760729,0.6379405392133193
Pneumothorax__Support Devices,Pneumothorax,Support Devices,nuisance_balanced,,1,auroc,5,0.5321300029754639,0.01966640560797722,0.514891638408956,0.5493683675419717
Pneumothorax__Support Devices,Pneumothorax,Support Devices,nuisance_balanced,,1,auprc,5,0.5321026563644409,0.006587520362714647,0.5263284401774369,0.5378768725514449
Pneumothorax__Support Devices,Pneumothorax,Support Devices,nuisance_balanced,,1,f1,5,0.6668892741203308,0.0004977209720119962,0.6664530024528503,0.6673255457878113
Pneumothorax__Support Devices,Pneumothorax,Support Devices,nuisance_balanced,,1,brier,5,0.24967487454414367,0.00035663273864069246,0.24936227216587548,0.24998747692241186
Pneumothorax__Support Devices,Pneumothorax,Support Devices,nuisance_balanced,,1,ece,5,0.00973796183243394,0.011947804761521331,-0.0007347507899997455,0.020210674454867624
Pneumothorax__Support Devices,Pneumothorax,Support Devices,nuisance_balanced,,1,sms_raw_logit,5,0.04167919382452965,0.0016775243338568375,0.040208778914319385,0.043149608734739914
Pneumothorax__Support Devices,Pneumothorax,Support Devices,nuisance_balanced,,1,sms_fixed_reference,5,1.0873329639434814,0.017059530699249238,1.0723796259828373,1.1022863019041256
Pneumothorax__Support Devices,Pneumothorax,Support Devices,nuisance_balanced,,1,ranking_disagreement,5,0.5131553769111633,0.008351280710608328,0.505835156614867,0.5204755972074596
Pneumothorax__Support Devices,Pneumothorax,Support Devices,nuisance_balanced,,1,support_swap_flip_rate,5,0.003999999910593033,0.008944271710079103,-0.0038399999141693108,0.011839999735355378
Pneumothorax__Support Devices,Pneumothorax,Support Devices,nuisance_balanced,,1,d0_auroc,5,0.54617999792099,0.016513378345144065,0.5317053836059673,0.5606546122360128
Pneumothorax__Support Devices,Pneumothorax,Support Devices,nuisance_balanced,,1,d1_auroc,5,0.5176600039005279,0.02965979276802279,0.4916620492720085,0.5436579585290473
Pneumothorax__Support Devices,Pneumothorax,Support Devices,nuisance_balanced,,1,worst_nuisance_auroc,5,0.5161599934101104,0.026850087566294627,0.4926248539780882,0.5396951328421327
Pneumothorax__Support Devices,Pneumothorax,Support Devices,nuisance_balanced,,3,auroc,5,0.5377924919128418,0.014920206418149038,0.5247143543634324,0.5508706294622513
Pneumothorax__Support Devices,Pneumothorax,Support Devices,nuisance_balanced,,3,auprc,5,0.5355329394340516,0.023234999352754117,0.5151665645341622,0.5558993143339409
Pneumothorax__Support Devices,Pneumothorax,Support Devices,nuisance_balanced,,3,f1,5,0.6668892741203308,0.0004977209720119962,0.6664530024528503,0.6673255457878113
Pneumothorax__Support Devices,Pneumothorax,Support Devices,nuisance_balanced,,3,brier,5,0.2488117426633835,0.0013747161890086174,0.24760675079481353,0.25001673453195344
Pneumothorax__Support Devices,Pneumothorax,Support Devices,nuisance_balanced,,3,ece,5,0.01438552476465702,0.011597525579369949,0.004219845382681596,0.024551204146632442
Pneumothorax__Support Devices,Pneumothorax,Support Devices,nuisance_balanced,,3,sms_raw_logit,5,0.02336103729903698,0.0013483131662148525,0.022179188700348143,0.024542885897725818
Pneumothorax__Support Devices,Pneumothorax,Support Devices,nuisance_balanced,,3,sms_fixed_reference,5,1.1132306575775146,0.047191486796160746,1.0718654955827989,1.1545958195722303
Pneumothorax__Support Devices,Pneumothorax,Support Devices,nuisance_balanced,,3,ranking_disagreement,5,0.5015739321708679,0.022048988322189683,0.4822471417752499,0.5209007225664858
Pneumothorax__Support Devices,Pneumothorax,Support Devices,nuisance_balanced,,3,support_swap_flip_rate,5,0.0125,0.02795084971874737,-0.011999999999999997,0.037
Pneumothorax__Support Devices,Pneumothorax,Support Devices,nuisance_balanced,,3,d0_auroc,5,0.563699996471405,0.011654124194980308,0.5534847062154702,0.5739152867273398
Pneumothorax__Support Devices,Pneumothorax,Support Devices,nuisance_balanced,,3,d1_auroc,5,0.5114800035953522,0.030310438579635585,0.4849117327673284,0.5380482744233759
Pneumothorax__Support Devices,Pneumothorax,Support Devices,nuisance_balanced,,3,worst_nuisance_auroc,5,0.511219996213913,0.02982510443212073,0.48507713952298215,0.5373628529048439
Pneumothorax__Support Devices,Pneumothorax,Support Devices,nuisance_balanced,,5,auroc,5,0.5572649955749511,0.0368940678601388,0.524925919243861,0.5896040719060412
Pneumothorax__Support Devices,Pneumothorax,Support Devices,nuisance_balanced,,5,auprc,5,0.5482146978378296,0.036461503377827505,0.5162547809928827,0.5801746146827765
Pneumothorax__Support Devices,Pneumothorax,Support Devices,nuisance_balanced,,5,f1,5,0.6691583514213562,0.003334842024527424,0.6662352335046181,0.6720814693380942
Pneumothorax__Support Devices,Pneumothorax,Support Devices,nuisance_balanced,,5,brier,5,0.247457754611969,0.0027585468916652366,0.2450397816513664,0.24987572757257162
Pneumothorax__Support Devices,Pneumothorax,Support Devices,nuisance_balanced,,5,ece,5,0.015381409786641598,0.009322093964891103,0.007210234153771878,0.023552585419511315
Pneumothorax__Support Devices,Pneumothorax,Support Devices,nuisance_balanced,,5,sms_raw_logit,5,0.017619944736361505,0.001058278160670732,0.01669232302906713,0.01854756644365588
Pneumothorax__Support Devices,Pneumothorax,Support Devices,nuisance_balanced,,5,sms_fixed_reference,5,1.102806282043457,0.03925810800878234,1.0683950331585959,1.1372175309283181
Pneumothorax__Support Devices,Pneumothorax,Support Devices,nuisance_balanced,,5,ranking_disagreement,5,0.4915125072002411,0.026751085967554676,0.46806414649564704,0.5149608679048352
Pneumothorax__Support Devices,Pneumothorax,Support Devices,nuisance_balanced,,5,support_swap_flip_rate,5,0.10699999928474427,0.09847905856581463,0.020679298513913244,0.19332070005557528
Pneumothorax__Support Devices,Pneumothorax,Support Devices,nuisance_balanced,,5,d0_auroc,5,0.586299991607666,0.03801301518881533,0.5529801146988321,0.6196198685164999
Pneumothorax__Support Devices,Pneumothorax,Support Devices,nuisance_balanced,,5,d1_auroc,5,0.5266799926757812,0.05774299420326201,0.4760660266527361,0.5772939586988264
Pneumothorax__Support Devices,Pneumothorax,Support Devices,nuisance_balanced,,5,worst_nuisance_auroc,5,0.5197799921035766,0.04943488425455032,0.4764484055355973,0.5631115786715559
Pneumothorax__Support Devices,Pneumothorax,Support Devices,nuisance_balanced,,10,auroc,5,0.5743000030517578,0.022059883475539995,0.5549636626331613,0.5936363434703542
Pneumothorax__Support Devices,Pneumothorax,Support Devices,nuisance_balanced,,10,auprc,5,0.5572493672370911,0.030096881178325565,0.5308682877247068,0.5836304467494753
Pneumothorax__Support Devices,Pneumothorax,Support Devices,nuisance_balanced,,10,f1,5,0.6680203199386596,0.003026816307462199,0.6653671984672546,0.6706734414100647
Pneumothorax__Support Devices,Pneumothorax,Support Devices,nuisance_balanced,,10,brier,5,0.24622517228126525,0.0020649535519009264,0.24441516068839264,0.24803518387413787
Pneumothorax__Support Devices,Pneumothorax,Support Devices,nuisance_balanced,,10,ece,5,0.024700240045785905,0.015684703724615712,0.010951991061593435,0.038448489029978376
Pneumothorax__Support Devices,Pneumothorax,Support Devices,nuisance_balanced,,10,sms_raw_logit,5,0.013070937618613243,0.0005442730769890574,0.012593861232012804,0.013548014005213683
Pneumothorax__Support Devices,Pneumothorax,Support Devices,nuisance_balanced,,10,sms_fixed_reference,5,1.0897850036621093,0.014186782151768672,1.0773497408269617,1.102220266497257
Pneumothorax__Support Devices,Pneumothorax,Support Devices,nuisance_balanced,,10,ranking_disagreement,5,0.4838546335697174,0.006367505530520795,0.47827326888608407,0.48943599825335077
Pneumothorax__Support Devices,Pneumothorax,Support Devices,nuisance_balanced,,10,support_swap_flip_rate,5,0.016000000573694707,0.029293771842166735,-0.009677122567635282,0.041677123715024696
Pneumothorax__Support Devices,Pneumothorax,Support Devices,nuisance_balanced,,10,d0_auroc,5,0.6081399917602539,0.02973488130584348,0.5820762191263744,0.6342037643941334
Pneumothorax__Support Devices,Pneumothorax,Support Devices,nuisance_balanced,,10,d1_auroc,5,0.5372799932956696,0.04271611420699827,0.49983766833588444,0.5747223182554547
Pneumothorax__Support Devices,Pneumothorax,Support Devices,nuisance_balanced,,10,worst_nuisance_auroc,5,0.5372799932956696,0.04271611420699827,0.49983766833588444,0.5747223182554547
Edema__Cardiomegaly,Edema,Cardiomegaly,nuisance_balanced,,1,auroc,5,0.6002399921417236,0.011360411303442518,0.5902821525863967,0.6101978316970506
Edema__Cardiomegaly,Edema,Cardiomegaly,nuisance_balanced,,1,auprc,5,0.5829137206077576,0.012206730169823932,0.5722140498582098,0.5936133913573054
Edema__Cardiomegaly,Edema,Cardiomegaly,nuisance_balanced,,1,f1,5,0.6627110004425049,0.007123149044869393,0.6564672850150541,0.6689547158699556
Edema__Cardiomegaly,Edema,Cardiomegaly,nuisance_balanced,,1,brier,5,0.24437025785446168,0.002648238312683185,0.24204897462645233,0.24669154108247102
Edema__Cardiomegaly,Edema,Cardiomegaly,nuisance_balanced,,1,ece,5,0.05168896615505218,0.021080824306327406,0.03321080893614643,0.07016712337395793
Edema__Cardiomegaly,Edema,Cardiomegaly,nuisance_balanced,,1,sms_raw_logit,5,0.04168722257018089,0.0012082648055432967,0.040628131772094865,0.04274631336826692
Edema__Cardiomegaly,Edema,Cardiomegaly,nuisance_balanced,,1,sms_fixed_reference,5,1.028959608078003,0.05745135205433659,0.9786012776696377,1.0793179384863685
Edema__Cardiomegaly,Edema,Cardiomegaly,nuisance_balanced,,1,ranking_disagreement,5,0.4736365914344788,0.014644648600204445,0.4607999909620303,0.4864731919069273
Edema__Cardiomegaly,Edema,Cardiomegaly,nuisance_balanced,,1,support_swap_flip_rate,5,0.18649999499320985,0.10824739814504601,0.09161696706240531,0.2813830229240144
Edema__Cardiomegaly,Edema,Cardiomegaly,nuisance_balanced,,1,d0_auroc,5,0.6277999997138977,0.020701812594533107,0.6096540609081135,0.6459459385196819
Edema__Cardiomegaly,Edema,Cardiomegaly,nuisance_balanced,,1,d1_auroc,5,0.5740200042724609,0.019733919980766935,0.5567224607489627,0.5913175477959591
Edema__Cardiomegaly,Edema,Cardiomegaly,nuisance_balanced,,1,worst_nuisance_auroc,5,0.5740200042724609,0.019733919980766935,0.5567224607489627,0.5913175477959591
Edema__Cardiomegaly,Edema,Cardiomegaly,nuisance_balanced,,3,auroc,5,0.6497449994087219,0.013888999856799226,0.637570754263561,0.6619192445538827
Edema__Cardiomegaly,Edema,Cardiomegaly,nuisance_balanced,,3,auprc,5,0.6186390519142151,0.019543775339665635,0.6015081775171963,0.6357699263112339
Edema__Cardiomegaly,Edema,Cardiomegaly,nuisance_balanced,,3,f1,5,0.6722634553909301,0.005308530496273098,0.6676103232512136,0.6769165875306467
Edema__Cardiomegaly,Edema,Cardiomegaly,nuisance_balanced,,3,brier,5,0.23681195974349975,0.002557843973214956,0.2345699106475206,0.2390540088394789
Edema__Cardiomegaly,Edema,Cardiomegaly,nuisance_balanced,,3,ece,5,0.07107390537858009,0.008289096953726002,0.06380819154841792,0.07833961920874226
Edema__Cardiomegaly,Edema,Cardiomegaly,nuisance_balanced,,3,sms_raw_logit,5,0.023723344877362253,0.0009443472599064466,0.022895588007695793,0.024551101747028712
Edema__Cardiomegaly,Edema,Cardiomegaly,nuisance_balanced,,3,sms_fixed_reference,5,1.028774631023407,0.03235778083159436,1.000411785587537,1.057137476459277
Edema__Cardiomegaly,Edema,Cardiomegaly,nuisance_balanced,,3,ranking_disagreement,5,0.46043108105659486,0.010714694426760516,0.451039237298816,0.4698229248143737
Edema__Cardiomegaly,Edema,Cardiomegaly,nuisance_balanced,,3,support_swap_flip_rate,5,0.2704999953508377,0.10092385162281815,0.18203633898118593,0.35896365172048944
Edema__Cardiomegaly,Edema,Cardiomegaly,nuisance_balanced,,3,d0_auroc,5,0.6919800043106079,0.03271922244962378,0.6633003413278359,0.7206596672933799
Edema__Cardiomegaly,Edema,Cardiomegaly,nuisance_balanced,,3,d1_auroc,5,0.610480010509491,0.02621091723992462,0.5875051285706626,0.6334548924483193
Edema__Cardiomegaly,Edema,Cardiomegaly,nuisance_balanced,,3,worst_nuisance_auroc,5,0.610480010509491,0.02621091723992462,0.5875051285706626,0.6334548924483193
Edema__Cardiomegaly,Edema,Cardiomegaly,nuisance_balanced,,5,auroc,5,0.6684249997138977,0.016497322695342966,0.6539644587964312,0.6828855406313642
Edema__Cardiomegaly,Edema,Cardiomegaly,nuisance_balanced,,5,auprc,5,0.6393901348114014,0.02214528838562778,0.619978933688454,0.6588013359343488
Edema__Cardiomegaly,Edema,Cardiomegaly,nuisance_balanced,,5,f1,5,0.6909914135932922,0.011856048513464654,0.6805991288684005,0.7013836983181839
Edema__Cardiomegaly,Edema,Cardiomegaly,nuisance_balanced,,5,brier,5,0.22794089913368226,0.004036412222389462,0.22440282782480853,0.231478970442556
Edema__Cardiomegaly,Edema,Cardiomegaly,nuisance_balanced,,5,ece,5,0.060073668509721755,0.017373876194637143,0.04484479457380314,0.07530254244564037
Edema__Cardiomegaly,Edema,Cardiomegaly,nuisance_balanced,,5,sms_raw_logit,5,0.017444165796041487,0.0010837783768447254,0.016494192163759164,0.01839413942832381
Edema__Cardiomegaly,Edema,Cardiomegaly,nuisance_balanced,,5,sms_fixed_reference,5,0.9587758660316468,0.012355255296913009,0.9479460072681282,0.9696057247951654
Edema__Cardiomegaly,Edema,Cardiomegaly,nuisance_balanced,,5,ranking_disagreement,5,0.41589330434799193,0.013957504836270866,0.4036590119407999,0.42812759675518397
Edema__Cardiomegaly,Edema,Cardiomegaly,nuisance_balanced,,5,support_swap_flip_rate,5,0.28650000095367434,0.05490332753953345,0.2383751125064958,0.3346248894008529
Edema__Cardiomegaly,Edema,Cardiomegaly,nuisance_balanced,,5,d0_auroc,5,0.7220199942588806,0.040974045449545485,0.6861046598910476,0.7579353286267136
Edema__Cardiomegaly,Edema,Cardiomegaly,nuisance_balanced,,5,d1_auroc,5,0.6155199885368348,0.025454224382937648,0.5932083771312006,0.637831599942469
Edema__Cardiomegaly,Edema,Cardiomegaly,nuisance_balanced,,5,worst_nuisance_auroc,5,0.6155199885368348,0.025454224382937648,0.5932083771312006,0.637831599942469
Edema__Cardiomegaly,Edema,Cardiomegaly,nuisance_balanced,,10,auroc,5,0.7085000038146972,0.014416700472557876,0.6958632086856833,0.7211367989437112
Edema__Cardiomegaly,Edema,Cardiomegaly,nuisance_balanced,,10,auprc,5,0.6680331230163574,0.024028913376860504,0.6469708517918007,0.6890953942409141
Edema__Cardiomegaly,Edema,Cardiomegaly,nuisance_balanced,,10,f1,5,0.7179893136024476,0.010804757933661462,0.7085185257001695,0.7274601015047256
Edema__Cardiomegaly,Edema,Cardiomegaly,nuisance_balanced,,10,brier,5,0.2189612329006195,0.003540021589238394,0.21585826716580078,0.22206419863543822
Edema__Cardiomegaly,Edema,Cardiomegaly,nuisance_balanced,,10,ece,5,0.07595099061727524,0.013763203879678911,0.0638870105077201,0.08801497072683039
Edema__Cardiomegaly,Edema,Cardiomegaly,nuisance_balanced,,10,sms_raw_logit,5,0.013264288753271103,0.0005228449696377318,0.01280599493090002,0.013722582575642185
Edema__Cardiomegaly,Edema,Cardiomegaly,nuisance_balanced,,10,sms_fixed_reference,5,0.9069579005241394,0.03177828213354678,0.8791030080930985,0.9348127929551803
Edema__Cardiomegaly,Edema,Cardiomegaly,nuisance_balanced,,10,ranking_disagreement,5,0.38224310874938966,0.010608811977427399,0.37294407505050936,0.39154214244826996
Edema__Cardiomegaly,Edema,Cardiomegaly,nuisance_balanced,,10,support_swap_flip_rate,5,0.278000009059906,0.06452712914330552,0.22143948657422916,0.33456053154558285
Edema__Cardiomegaly,Edema,Cardiomegaly,nuisance_balanced,,10,d0_auroc,5,0.7665000081062316,0.042431307954256633,0.7293073268339331,0.8036926893785302
Edema__Cardiomegaly,Edema,Cardiomegaly,nuisance_balanced,,10,d1_auroc,5,0.6493399977684021,0.03760011192336972,0.6163820465292782,0.682297949007526
Edema__Cardiomegaly,Edema,Cardiomegaly,nuisance_balanced,,10,worst_nuisance_auroc,5,0.6493399977684021,0.03760011192336972,0.6163820465292782,0.682297949007526
Pneumothorax__Support Devices,Pneumothorax,Support Devices,text_direction_orthogonalization,,1,auroc,5,0.5067349910736084,0.03606608283505706,0.47512167561628865,0.5383483065309281
Pneumothorax__Support Devices,Pneumothorax,Support Devices,text_direction_orthogonalization,,1,auprc,5,0.5167124271392822,0.027224330499550916,0.4928492493128269,0.5405756049657375
Pneumothorax__Support Devices,Pneumothorax,Support Devices,text_direction_orthogonalization,,1,f1,5,0.6666666865348816,0.0,0.6666666865348816,0.6666666865348816
Pneumothorax__Support Devices,Pneumothorax,Support Devices,text_direction_orthogonalization,,1,brier,5,0.2500412493944168,0.0005904179293994077,0.24952372526131028,0.2505587735275233
Pneumothorax__Support Devices,Pneumothorax,Support Devices,text_direction_orthogonalization,,1,ece,5,0.004885774105787277,0.0044400095225731176,0.0009939341654050856,0.008777614046169469
Pneumothorax__Support Devices,Pneumothorax,Support Devices,text_direction_orthogonalization,,1,sms_raw_logit,5,0.07917218208312989,0.0019560144528399646,0.07745765982077317,0.0808867043454866
Pneumothorax__Support Devices,Pneumothorax,Support Devices,text_direction_orthogonalization,,1,sms_fixed_reference,5,1.0356351256370544,0.05727465290304869,0.9854316788637167,1.085838572410392
Pneumothorax__Support Devices,Pneumothorax,Support Devices,text_direction_orthogonalization,,1,ranking_disagreement,5,0.49351008534431456,0.034101455505952484,0.46361884166826084,0.5234013290203683
Pneumothorax__Support Devices,Pneumothorax,Support Devices,text_direction_orthogonalization,,1,support_swap_flip_rate,5,0.0,0.0,0.0,0.0
Pneumothorax__Support Devices,Pneumothorax,Support Devices,text_direction_orthogonalization,,1,d0_auroc,5,0.5165600061416626,0.024595697344321214,0.4950009268650246,0.5381190854183007
Pneumothorax__Support Devices,Pneumothorax,Support Devices,text_direction_orthogonalization,,1,d1_auroc,5,0.4986600041389465,0.0488928774800285,0.4558035074558689,0.5415165008220242
Pneumothorax__Support Devices,Pneumothorax,Support Devices,text_direction_orthogonalization,,1,worst_nuisance_auroc,5,0.4943400025367737,0.04237892867814665,0.4571932337242968,0.5314867713492506
Pneumothorax__Support Devices,Pneumothorax,Support Devices,text_direction_orthogonalization,,3,auroc,5,0.52603999376297,0.03242047559349275,0.49762219394532026,0.5544577935806196
Pneumothorax__Support Devices,Pneumothorax,Support Devices,text_direction_orthogonalization,,3,auprc,5,0.5516514778137207,0.020227977416900418,0.5339208738535249,0.5693820817739165
Pneumothorax__Support Devices,Pneumothorax,Support Devices,text_direction_orthogonalization,,3,f1,5,0.6652705192565918,0.003121924942216848,0.6625340313911438,0.6680070071220398
Pneumothorax__Support Devices,Pneumothorax,Support Devices,text_direction_orthogonalization,,3,brier,5,0.249440798163414,0.0010875621273770176,0.24848750792755883,0.25039408839926913
Pneumothorax__Support Devices,Pneumothorax,Support Devices,text_direction_orthogonalization,,3,ece,5,0.018430000403895974,0.019336295188000042,0.0014809903783348684,0.03537901042945708
Pneumothorax__Support Devices,Pneumothorax,Support Devices,text_direction_orthogonalization,,3,sms_raw_logit,5,0.04281280040740967,0.0018214111941796817,0.04121626310330505,0.044409337711514285
Pneumothorax__Support Devices,Pneumothorax,Support Devices,text_direction_orthogonalization,,3,sms_fixed_reference,5,1.0012048602104187,0.02493963413684298,0.9793443070429482,1.0230654133778891
Pneumothorax__Support Devices,Pneumothorax,Support Devices,text_direction_orthogonalization,,3,ranking_disagreement,5,0.4863558828830719,0.027927820149149796,0.4618760691908521,0.5108356965752917
Pneumothorax__Support Devices,Pneumothorax,Support Devices,text_direction_orthogonalization,,3,support_swap_flip_rate,5,0.05,0.11180339887498948,-0.04799999999999999,0.148
Pneumothorax__Support Devices,Pneumothorax,Support Devices,text_direction_orthogonalization,,3,d0_auroc,5,0.5410599887371064,0.02806586045609057,0.5164591773809843,0.5656608000932284
Pneumothorax__Support Devices,Pneumothorax,Support Devices,text_direction_orthogonalization,,3,d1_auroc,5,0.5133799910545349,0.05857803024321527,0.4620340836706827,0.5647258984383872
Pneumothorax__Support Devices,Pneumothorax,Support Devices,text_direction_orthogonalization,,3,worst_nuisance_auroc,5,0.49857999086380006,0.027352262497526317,0.47460467569690834,0.5225553060306918
Pneumothorax__Support Devices,Pneumothorax,Support Devices,text_direction_orthogonalization,,5,auroc,5,0.5246349990367889,0.027847279916649554,0.5002257819710084,0.5490442161025694
Pneumothorax__Support Devices,Pneumothorax,Support Devices,text_direction_orthogonalization,,5,auprc,5,0.5436603188514709,0.023415574180571733,0.5231356631362916,0.5641849745666503
Pneumothorax__Support Devices,Pneumothorax,Support Devices,text_direction_orthogonalization,,5,f1,5,0.6662123918533325,0.001015833789760345,0.6653219742774963,0.6671028094291687
Pneumothorax__Support Devices,Pneumothorax,Support Devices,text_direction_orthogonalization,,5,brier,5,0.2494530886411667,0.0011948088575827482,0.24840579250150252,0.25050038478083086
Pneumothorax__Support Devices,Pneumothorax,Support Devices,text_direction_orthogonalization,,5,ece,5,0.018709093518555164,0.012988984024225724,0.007323747033718787,0.03009444000339154
Pneumothorax__Support Devices,Pneumothorax,Support Devices,text_direction_orthogonalization,,5,sms_raw_logit,5,0.032980328798294066,0.0015361571357892592,0.031633827700633575,0.03432682989595456
Pneumothorax__Support Devices,Pneumothorax,Support Devices,text_direction_orthogonalization,,5,sms_fixed_reference,5,0.9933750987052917,0.025531682265122063,0.9709955924723941,1.0157546049381894
Pneumothorax__Support Devices,Pneumothorax,Support Devices,text_direction_orthogonalization,,5,ranking_disagreement,5,0.4766215443611145,0.017909628772773478,0.4609230625851331,0.49232002613709586
Pneumothorax__Support Devices,Pneumothorax,Support Devices,text_direction_orthogonalization,,5,support_swap_flip_rate,5,0.05000000074505806,0.08660254166892228,-0.025910473971761508,0.1259104754618776
Pneumothorax__Support Devices,Pneumothorax,Support Devices,text_direction_orthogonalization,,5,d0_auroc,5,0.534439992904663,0.0216443410261707,0.5154678915024826,0.5534120943068435
Pneumothorax__Support Devices,Pneumothorax,Support Devices,text_direction_orthogonalization,,5,d1_auroc,5,0.5150000035762787,0.04092937954855243,0.4791238205968772,0.5508761865556803
Pneumothorax__Support Devices,Pneumothorax,Support Devices,text_direction_orthogonalization,,5,worst_nuisance_auroc,5,0.5071200072765351,0.03250902360505324,0.4786245917046217,0.5356154228484484
Pneumothorax__Support Devices,Pneumothorax,Support Devices,text_direction_orthogonalization,,10,auroc,5,0.562879991531372,0.039029699224640536,0.5286689517731665,0.5970910312895775
Pneumothorax__Support Devices,Pneumothorax,Support Devices,text_direction_orthogonalization,,10,auprc,5,0.5777780294418335,0.027224171256005947,0.5539149911984997,0.6016410676851673
Pneumothorax__Support Devices,Pneumothorax,Support Devices,text_direction_orthogonalization,,10,f1,5,0.6655481100082398,0.0025012131516067714,0.6633557000160217,0.6677405200004578
Pneumothorax__Support Devices,Pneumothorax,Support Devices,text_direction_orthogonalization,,10,brier,5,0.24673324227333068,0.0025340567342111253,0.2445120436116481,0.24895444093501326
Pneumothorax__Support Devices,Pneumothorax,Support Devices,text_direction_orthogonalization,,10,ece,5,0.03779762908816338,0.017403238665297013,0.022543017811934705,0.05305224036439205
Pneumothorax__Support Devices,Pneumothorax,Support Devices,text_direction_orthogonalization,,10,sms_raw_logit,5,0.02450227700173855,0.0008267020829194259,0.023777640676355537,0.025226913327121563
Pneumothorax__Support Devices,Pneumothorax,Support Devices,text_direction_orthogonalization,,10,sms_fixed_reference,5,0.96694256067276,0.016350691155729985,0.9526105479666598,0.9812745733788601
Pneumothorax__Support Devices,Pneumothorax,Support Devices,text_direction_orthogonalization,,10,ranking_disagreement,5,0.4456165313720703,0.02360138749111497,0.42492900310903936,0.46630405963510124
Pneumothorax__Support Devices,Pneumothorax,Support Devices,text_direction_orthogonalization,,10,support_swap_flip_rate,5,0.03600000143051148,0.08049845038871332,-0.034560001373291,0.10656000423431396
Pneumothorax__Support Devices,Pneumothorax,Support Devices,text_direction_orthogonalization,,10,d0_auroc,5,0.5728999853134156,0.03543762859677961,0.54183753428393,0.6039624363429011
Pneumothorax__Support Devices,Pneumothorax,Support Devices,text_direction_orthogonalization,,10,d1_auroc,5,0.5545800209045411,0.048352576653998794,0.5121971187765817,0.5969629230325004
Pneumothorax__Support Devices,Pneumothorax,Support Devices,text_direction_orthogonalization,,10,worst_nuisance_auroc,5,0.5493000149726868,0.041162352966506104,0.5132196217886833,0.5853804081566902
Edema__Cardiomegaly,Edema,Cardiomegaly,text_direction_orthogonalization,,1,auroc,5,0.7125800013542175,0.018023029137488628,0.6967821197759589,0.7283778829324761
Edema__Cardiomegaly,Edema,Cardiomegaly,text_direction_orthogonalization,,1,auprc,5,0.7017580270767212,0.026511837334665795,0.6785193770451392,0.7249966771083032
Edema__Cardiomegaly,Edema,Cardiomegaly,text_direction_orthogonalization,,1,f1,5,0.7020711779594422,0.006708142820497447,0.6961912315264737,0.7079511243924107
Edema__Cardiomegaly,Edema,Cardiomegaly,text_direction_orthogonalization,,1,brier,5,0.21810632944107056,0.005867573636108401,0.21296317438384754,0.22324948449829357
Edema__Cardiomegaly,Edema,Cardiomegaly,text_direction_orthogonalization,,1,ece,5,0.06324973553419114,0.012389878371365239,0.05238952830783093,0.07410994276055134
Edema__Cardiomegaly,Edema,Cardiomegaly,text_direction_orthogonalization,,1,sms_raw_logit,5,0.0763605996966362,0.003407731789914048,0.07337359108355293,0.07934760830971946
Edema__Cardiomegaly,Edema,Cardiomegaly,text_direction_orthogonalization,,1,sms_fixed_reference,5,0.8970457315444946,0.04684675312548656,0.855982741935109,0.9381087211538802
Edema__Cardiomegaly,Edema,Cardiomegaly,text_direction_orthogonalization,,1,ranking_disagreement,5,0.43669924736022947,0.02853515574380454,0.41168708054748676,0.4617114141729722
Edema__Cardiomegaly,Edema,Cardiomegaly,text_direction_orthogonalization,,1,support_swap_flip_rate,5,0.3419999986886978,0.06867951213630763,0.281799752031762,0.4022002453456336
Edema__Cardiomegaly,Edema,Cardiomegaly,text_direction_orthogonalization,,1,d0_auroc,5,0.7518999934196472,0.03169937585252966,0.724114265393423,0.7796857214458713
Edema__Cardiomegaly,Edema,Cardiomegaly,text_direction_orthogonalization,,1,d1_auroc,5,0.6733799934387207,0.017409387593727677,0.6581199923890838,0.6886399944883576
Edema__Cardiomegaly,Edema,Cardiomegaly,text_direction_orthogonalization,,1,worst_nuisance_auroc,5,0.6733799934387207,0.017409387593727677,0.6581199923890838,0.6886399944883576
Edema__Cardiomegaly,Edema,Cardiomegaly,text_direction_orthogonalization,,3,auroc,5,0.7692199945449829,0.019516179452194235,0.7521133090098361,0.7863266800801297
Edema__Cardiomegaly,Edema,Cardiomegaly,text_direction_orthogonalization,,3,auprc,5,0.7626718282699585,0.030498236874160315,0.7359389449789093,0.7894047115610077
Edema__Cardiomegaly,Edema,Cardiomegaly,text_direction_orthogonalization,,3,f1,5,0.7177608489990235,0.015064069354053324,0.7045566100263971,0.7309650879716498
Edema__Cardiomegaly,Edema,Cardiomegaly,text_direction_orthogonalization,,3,brier,5,0.19905048608779907,0.00643585399150959,0.19340921133663377,0.20469176083896437
Edema__Cardiomegaly,Edema,Cardiomegaly,text_direction_orthogonalization,,3,ece,5,0.07678803652524949,0.016288793181617838,0.06251027978564072,0.09106579326485825
Edema__Cardiomegaly,Edema,Cardiomegaly,text_direction_orthogonalization,,3,sms_raw_logit,5,0.04395440220832825,0.0017589881624124311,0.042412581104041766,0.04549622331261473
Edema__Cardiomegaly,Edema,Cardiomegaly,text_direction_orthogonalization,,3,sms_fixed_reference,5,0.7191019415855407,0.042012972434426234,0.6822759475638616,0.7559279356072199
Edema__Cardiomegaly,Edema,Cardiomegaly,text_direction_orthogonalization,,3,ranking_disagreement,5,0.3386115312576294,0.017985643530630445,0.32284641960863036,0.3543766429066284
Edema__Cardiomegaly,Edema,Cardiomegaly,text_direction_orthogonalization,,3,support_swap_flip_rate,5,0.275,0.07307957470149033,0.21094292845467194,0.3390570715453281
Edema__Cardiomegaly,Edema,Cardiomegaly,text_direction_orthogonalization,,3,d0_auroc,5,0.801419997215271,0.0447591410000399,0.7621868803141608,0.8406531141163812
Edema__Cardiomegaly,Edema,Cardiomegaly,text_direction_orthogonalization,,3,d1_auroc,5,0.7412800073623658,0.0112737157131842,0.7313981598424403,0.7511618548822913
Edema__Cardiomegaly,Edema,Cardiomegaly,text_direction_orthogonalization,,3,worst_nuisance_auroc,5,0.7408600091934204,0.011015565125106375,0.7312044406407374,0.7505155777461034
Edema__Cardiomegaly,Edema,Cardiomegaly,text_direction_orthogonalization,,5,auroc,5,0.790530014038086,0.006553126764865373,0.7847859451688124,0.7962740829073596
Edema__Cardiomegaly,Edema,Cardiomegaly,text_direction_orthogonalization,,5,auprc,5,0.7755453824996948,0.013916757949813575,0.7633468063132349,0.7877439586861548
Edema__Cardiomegaly,Edema,Cardiomegaly,text_direction_orthogonalization,,5,f1,5,0.7442466259002686,0.0058470244880401345,0.7391214829654941,0.7493717688350431
Edema__Cardiomegaly,Edema,Cardiomegaly,text_direction_orthogonalization,,5,brier,5,0.19181565940380096,0.0017409668906071302,0.19028963464072315,0.19334168416687877
Edema__Cardiomegaly,Edema,Cardiomegaly,text_direction_orthogonalization,,5,ece,5,0.0878905013203621,0.017320169475182643,0.0727087033996586,0.10307229924106559
Edema__Cardiomegaly,Edema,Cardiomegaly,text_direction_orthogonalization,,5,sms_raw_logit,5,0.03641839846968651,0.0012925208757757168,0.03528545396978226,0.037551342969590756
Edema__Cardiomegaly,Edema,Cardiomegaly,text_direction_orthogonalization,,5,sms_fixed_reference,5,0.6545774340629578,0.025909874773381754,0.6318664274804966,0.6772884406454189
Edema__Cardiomegaly,Edema,Cardiomegaly,text_direction_orthogonalization,,5,ranking_disagreement,5,0.2851453602313995,0.005293384492919127,0.280505504148973,0.28978521631382603
Edema__Cardiomegaly,Edema,Cardiomegaly,text_direction_orthogonalization,,5,support_swap_flip_rate,5,0.2189999997615814,0.03194721932853017,0.19099702735019147,0.24700297217297135
Edema__Cardiomegaly,Edema,Cardiomegaly,text_direction_orthogonalization,,5,d0_auroc,5,0.8233800053596496,0.03352516251187357,0.7939939047650051,0.8527661059542941
Edema__Cardiomegaly,Edema,Cardiomegaly,text_direction_orthogonalization,,5,d1_auroc,5,0.7588800072669983,0.028543434096434273,0.7338605841582407,0.7838994303757559
Edema__Cardiomegaly,Edema,Cardiomegaly,text_direction_orthogonalization,,5,worst_nuisance_auroc,5,0.7588800072669983,0.028543434096434273,0.7338605841582407,0.7838994303757559
Edema__Cardiomegaly,Edema,Cardiomegaly,text_direction_orthogonalization,,10,auroc,5,0.8067449927330017,0.0029758474628860006,0.8041365474236698,0.8093534380423336
Edema__Cardiomegaly,Edema,Cardiomegaly,text_direction_orthogonalization,,10,auprc,5,0.7978446006774902,0.011219818392096367,0.7880099962424777,0.8076792051125027
Edema__Cardiomegaly,Edema,Cardiomegaly,text_direction_orthogonalization,,10,f1,5,0.7532424449920654,0.008056631174782274,0.7461804964012941,0.7603043935828366
Edema__Cardiomegaly,Edema,Cardiomegaly,text_direction_orthogonalization,,10,brier,5,0.18570950627326965,0.003283177767943991,0.18283167407410483,0.18858733847243447
Edema__Cardiomegaly,Edema,Cardiomegaly,text_direction_orthogonalization,,10,ece,5,0.09248305708169938,0.008458676950592511,0.08506869983049507,0.09989741433290368
Edema__Cardiomegaly,Edema,Cardiomegaly,text_direction_orthogonalization,,10,sms_raw_logit,5,0.0296687051653862,0.001087955149674924,0.02871507043029772,0.030622339900474683
Edema__Cardiomegaly,Edema,Cardiomegaly,text_direction_orthogonalization,,10,sms_fixed_reference,5,0.5623772382736206,0.01414066014144948,0.5499824031630035,0.5747720733842377
Edema__Cardiomegaly,Edema,Cardiomegaly,text_direction_orthogonalization,,10,ranking_disagreement,5,0.20971679091453552,0.008140461315467971,0.20258136196565477,0.21685221986341627
Edema__Cardiomegaly,Edema,Cardiomegaly,text_direction_orthogonalization,,10,support_swap_flip_rate,5,0.1459999978542328,0.014208274157626632,0.13354589644534537,0.1584540992631202
Edema__Cardiomegaly,Edema,Cardiomegaly,text_direction_orthogonalization,,10,d0_auroc,5,0.8438599944114685,0.02842062499612613,0.8189482182253564,0.8687717705975807
Edema__Cardiomegaly,Edema,Cardiomegaly,text_direction_orthogonalization,,10,d1_auroc,5,0.7744800090789795,0.0347878770216805,0.7439870904161343,0.8049729277418247
Edema__Cardiomegaly,Edema,Cardiomegaly,text_direction_orthogonalization,,10,worst_nuisance_auroc,5,0.7734200119972229,0.0330615592766222,0.7444402775552338,0.802399746439212
Pneumothorax__Support Devices,Pneumothorax,Support Devices,rex,,1,auroc,5,0.5049649953842164,0.018220812676831833,0.4889937488899475,0.5209362418784852
Pneumothorax__Support Devices,Pneumothorax,Support Devices,rex,,1,auprc,5,0.5001056015491485,0.017253853164147754,0.4849819324380055,0.5152292706602916
Pneumothorax__Support Devices,Pneumothorax,Support Devices,rex,,1,f1,5,0.6666666865348816,0.0,0.6666666865348816,0.6666666865348816
Pneumothorax__Support Devices,Pneumothorax,Support Devices,rex,,1,brier,5,0.24999072551727294,0.00016891795322162637,0.24984266240307165,0.2501387886314742
Pneumothorax__Support Devices,Pneumothorax,Support Devices,rex,,1,ece,5,0.007038541324436665,0.012830511233771215,-0.00420789763503989,0.01828498028391322
Pneumothorax__Support Devices,Pneumothorax,Support Devices,rex,,1,sms_raw_logit,5,0.06519317924976349,0.014842160367757888,0.0521834520797816,0.07820290641974538
Pneumothorax__Support Devices,Pneumothorax,Support Devices,rex,,1,sms_fixed_reference,5,1.6983492612838744,0.36605013390091024,1.377492172114343,2.019206350453406
Pneumothorax__Support Devices,Pneumothorax,Support Devices,rex,,1,ranking_disagreement,5,0.5034247875213623,0.025679057750638643,0.48091610097976256,0.5259334740629621
Pneumothorax__Support Devices,Pneumothorax,Support Devices,rex,,1,support_swap_flip_rate,5,0.0,0.0,0.0,0.0
Pneumothorax__Support Devices,Pneumothorax,Support Devices,rex,,1,d0_auroc,5,0.5148100078105926,0.023135548549760063,0.49453080538302063,0.5350892102381646
Pneumothorax__Support Devices,Pneumothorax,Support Devices,rex,,1,d1_auroc,5,0.49462000131607053,0.020713216300123096,0.4764640667216156,0.5127759359105255
Pneumothorax__Support Devices,Pneumothorax,Support Devices,rex,,1,worst_nuisance_auroc,5,0.49323999881744385,0.02079467148104492,0.47501266560889793,0.5114673320259898
Pneumothorax__Support Devices,Pneumothorax,Support Devices,rex,,3,auroc,5,0.5162950038909913,0.02362994123938317,0.4955824471640814,0.5370075606179011
Pneumothorax__Support Devices,Pneumothorax,Support Devices,rex,,3,auprc,5,0.5188543021678924,0.02139904404867476,0.5000972130465235,0.5376113912892613
Pneumothorax__Support Devices,Pneumothorax,Support Devices,rex,,3,f1,5,0.6604490637779236,0.01390302714300776,0.6482625231742859,0.6726356043815612
Pneumothorax__Support Devices,Pneumothorax,Support Devices,rex,,3,brier,5,0.2501941114664078,0.001147445651333024,0.24918833100747587,0.2511998919253397
Pneumothorax__Support Devices,Pneumothorax,Support Devices,rex,,3,ece,5,0.015131110325455666,0.026182909799817702,-0.007819222009710348,0.038081442660621675
Pneumothorax__Support Devices,Pneumothorax,Support Devices,rex,,3,sms_raw_logit,5,0.04854876175522804,0.015377632317709522,0.03506967272663276,0.06202785078382333
Pneumothorax__Support Devices,Pneumothorax,Support Devices,rex,,3,sms_fixed_reference,5,2.309509015083313,0.6957460408687669,1.6996607216394204,2.9193573085272058
Pneumothorax__Support Devices,Pneumothorax,Support Devices,rex,,3,ranking_disagreement,5,0.5118847072124482,0.019841888019053983,0.4944925255307312,0.5292768888941651
Pneumothorax__Support Devices,Pneumothorax,Support Devices,rex,,3,support_swap_flip_rate,5,0.025499999523162842,0.057019732360004335,-0.02447999954223632,0.075479998588562
Pneumothorax__Support Devices,Pneumothorax,Support Devices,rex,,3,d0_auroc,5,0.5271400034427642,0.015874755204710312,0.5132251669913152,0.5410548398942133
Pneumothorax__Support Devices,Pneumothorax,Support Devices,rex,,3,d1_auroc,5,0.5062399983406067,0.0360366159681583,0.47465251173093503,0.5378274849502784
Pneumothorax__Support Devices,Pneumothorax,Support Devices,rex,,3,worst_nuisance_auroc,5,0.5024600028991699,0.029424957978053175,0.4766678900397613,0.5282521157585786
Pneumothorax__Support Devices,Pneumothorax,Support Devices,rex,,5,auroc,5,0.5139400124549866,0.03577232278323322,0.48258418903608796,0.5452958358738851
Pneumothorax__Support Devices,Pneumothorax,Support Devices,rex,,5,auprc,5,0.5234689176082611,0.02041989970026197,0.5055700863494439,0.5413677488670783
Pneumothorax__Support Devices,Pneumothorax,Support Devices,rex,,5,f1,5,0.6664437174797058,0.0004985739642519482,0.6660066981315612,0.6668807368278503
Pneumothorax__Support Devices,Pneumothorax,Support Devices,rex,,5,brier,5,0.2506279319524765,0.0026906646801611923,0.24826946037371322,0.2529864035312398
Pneumothorax__Support Devices,Pneumothorax,Support Devices,rex,,5,ece,5,0.01655583791434765,0.01581058629669548,0.002697247990720854,0.030414427837974448
Pneumothorax__Support Devices,Pneumothorax,Support Devices,rex,,5,sms_raw_logit,5,0.0391605369746685,0.013124585834127088,0.027656330262826035,0.05066474368651097
Pneumothorax__Support Devices,Pneumothorax,Support Devices,rex,,5,sms_fixed_reference,5,2.464163398742676,0.8567552393310939,1.7131843202950925,3.215142477190259
Pneumothorax__Support Devices,Pneumothorax,Support Devices,rex,,5,ranking_disagreement,5,0.48917795419692994,0.0415780555077514,0.45273318166979404,0.5256227267240658
Pneumothorax__Support Devices,Pneumothorax,Support Devices,rex,,5,support_swap_flip_rate,5,0.008499999903142453,0.012449899497375162,-0.002412818159812707,0.01941281796609761
Pneumothorax__Support Devices,Pneumothorax,Support Devices,rex,,5,d0_auroc,5,0.5171600043773651,0.04674802383690545,0.47618355480502944,0.5581364539497007
Pneumothorax__Support Devices,Pneumothorax,Support Devices,rex,,5,d1_auroc,5,0.5111399948596954,0.03322848095146394,0.48201394711865553,0.5402660426007353
Pneumothorax__Support Devices,Pneumothorax,Support Devices,rex,,5,worst_nuisance_auroc,5,0.501360011100769,0.04516313068282739,0.46177278162963364,0.5409472405719044
Pneumothorax__Support Devices,Pneumothorax,Support Devices,rex,,10,auroc,5,0.5294250071048736,0.03599419762232817,0.49787470181467147,0.5609753123950757
Pneumothorax__Support Devices,Pneumothorax,Support Devices,rex,,10,auprc,5,0.5325070858001709,0.029069358612266765,0.5070266695277867,0.5579875020725551
Pneumothorax__Support Devices,Pneumothorax,Support Devices,rex,,10,f1,5,0.664343798160553,0.005194136309142757,0.659790936946869,0.668896659374237
Pneumothorax__Support Devices,Pneumothorax,Support Devices,rex,,10,brier,5,0.2497938245534897,0.0031416286582576208,0.2470400656194389,0.2525475834875405
Pneumothorax__Support Devices,Pneumothorax,Support Devices,rex,,10,ece,5,0.028063939046114685,0.02061111380026047,0.009997501238763043,0.046130376853466326
Pneumothorax__Support Devices,Pneumothorax,Support Devices,rex,,10,sms_raw_logit,5,0.031139001622796057,0.010097453685283479,0.022288193229535805,0.03998981001605631
Pneumothorax__Support Devices,Pneumothorax,Support Devices,rex,,10,sms_fixed_reference,5,2.6188843965530397,0.9175968959443849,1.814575254725457,3.4231935383806222
Pneumothorax__Support Devices,Pneumothorax,Support Devices,rex,,10,ranking_disagreement,5,0.5079298317432404,0.03009575170328735,0.4815497422593782,0.5343099212271025
Pneumothorax__Support Devices,Pneumothorax,Support Devices,rex,,10,support_swap_flip_rate,5,0.06350000053644181,0.10139033563761896,-0.025372547100474485,0.1523725481733581
Pneumothorax__Support Devices,Pneumothorax,Support Devices,rex,,10,d0_auroc,5,0.529260003566742,0.038812996548808175,0.49523891207885085,0.5632810950546331
Pneumothorax__Support Devices,Pneumothorax,Support Devices,rex,,10,d1_auroc,5,0.5320800006389618,0.050052338565325316,0.4882071915047203,0.5759528097732032
Pneumothorax__Support Devices,Pneumothorax,Support Devices,rex,,10,worst_nuisance_auroc,5,0.5110799968242645,0.04634967327587363,0.4704527169137991,0.55170727673473
Edema__Cardiomegaly,Edema,Cardiomegaly,rex,,1,auroc,5,0.6583799958229065,0.04325657857517302,0.6204639329569925,0.6962960586888205
Edema__Cardiomegaly,Edema,Cardiomegaly,rex,,1,auprc,5,0.6383570432662964,0.03791603839316285,0.6051221702667317,0.6715919162658611
Edema__Cardiomegaly,Edema,Cardiomegaly,rex,,1,f1,5,0.679706871509552,0.022591735575639767,0.6599043421706343,0.6995094008484697
Edema__Cardiomegaly,Edema,Cardiomegaly,rex,,1,brier,5,0.23185558915138244,0.011194438990364089,0.22204323074283058,0.2416679475599343
Edema__Cardiomegaly,Edema,Cardiomegaly,rex,,1,ece,5,0.05109151490032673,0.018874202304699772,0.034547547145565106,0.06763548265508834
Edema__Cardiomegaly,Edema,Cardiomegaly,rex,,1,sms_raw_logit,5,0.06926651149988175,0.01766720301077054,0.05378052527336798,0.08475249772639552
Edema__Cardiomegaly,Edema,Cardiomegaly,rex,,1,sms_fixed_reference,5,1.7082102298736572,0.445821988963743,1.3174300267843178,2.0989904329629967
Edema__Cardiomegaly,Edema,Cardiomegaly,rex,,1,ranking_disagreement,5,0.4660877168178558,0.027070497067624273,0.4423593799397125,0.4898160536959991
Edema__Cardiomegaly,Edema,Cardiomegaly,rex,,1,support_swap_flip_rate,5,0.22599999904632567,0.08369587601929812,0.152637329105832,0.29936266898681935
Edema__Cardiomegaly,Edema,Cardiomegaly,rex,,1,d0_auroc,5,0.6851999998092652,0.05403363204824272,0.6378374330714811,0.7325625665470492
Edema__Cardiomegaly,Edema,Cardiomegaly,rex,,1,d1_auroc,5,0.6334199905395508,0.040462467109602995,0.5979530743577375,0.6688869067213641
Edema__Cardiomegaly,Edema,Cardiomegaly,rex,,1,worst_nuisance_auroc,5,0.6334199905395508,0.040462467109602995,0.5979530743577375,0.6688869067213641
Edema__Cardiomegaly,Edema,Cardiomegaly,rex,,3,auroc,5,0.6739224910736084,0.03969294389334869,0.6391300917307441,0.7087148904164726
Edema__Cardiomegaly,Edema,Cardiomegaly,rex,,3,auprc,5,0.6555233120918273,0.04769436592705415,0.6137173571040233,0.6973292670796314
Edema__Cardiomegaly,Edema,Cardiomegaly,rex,,3,f1,5,0.6946893334388733,0.011757451215810136,0.6843834730558832,0.7049951938218634
Edema__Cardiomegaly,Edema,Cardiomegaly,rex,,3,brier,5,0.22764654755592345,0.011852095855183866,0.21725772748877387,0.23803536762307304
Edema__Cardiomegaly,Edema,Cardiomegaly,rex,,3,ece,5,0.05163097009062767,0.010458567547857376,0.042463631440788976,0.060798308740466364
Edema__Cardiomegaly,Edema,Cardiomegaly,rex,,3,sms_raw_logit,5,0.052691959962248805,0.018281109469544195,0.036667860998866555,0.06871605892563105
Edema__Cardiomegaly,Edema,Cardiomegaly,rex,,3,sms_fixed_reference,5,2.2870604515075685,0.8078218119262306,1.5789734133193205,2.9951474896958166
Edema__Cardiomegaly,Edema,Cardiomegaly,rex,,3,ranking_disagreement,5,0.42584711909294126,0.05017176002407408,0.3818696324348039,0.46982460575107865
Edema__Cardiomegaly,Edema,Cardiomegaly,rex,,3,support_swap_flip_rate,5,0.2659999966621399,0.01567242638330445,0.25226250924209137,0.27973748408218846
Edema__Cardiomegaly,Edema,Cardiomegaly,rex,,3,d0_auroc,5,0.7166899919509888,0.04149182880502928,0.6803208004612077,0.7530591834407699
Edema__Cardiomegaly,Edema,Cardiomegaly,rex,,3,d1_auroc,5,0.632420015335083,0.0484031211660748,0.5899928089888862,0.6748472216812798
Edema__Cardiomegaly,Edema,Cardiomegaly,rex,,3,worst_nuisance_auroc,5,0.632420015335083,0.0484031211660748,0.5899928089888862,0.6748472216812798
Edema__Cardiomegaly,Edema,Cardiomegaly,rex,,5,auroc,5,0.6989099979400635,0.027975820438133576,0.6743881101394735,0.7234318857406534
Edema__Cardiomegaly,Edema,Cardiomegaly,rex,,5,auprc,5,0.6719278693199158,0.029155624118619338,0.646371837997295,0.6974839006425365
Edema__Cardiomegaly,Edema,Cardiomegaly,rex,,5,f1,5,0.7006036877632141,0.020883173496170096,0.6822987791180577,0.7189085964083706
Edema__Cardiomegaly,Edema,Cardiomegaly,rex,,5,brier,5,0.22380801737308503,0.011171919717583818,0.21401539797743147,0.2336006367687386
Edema__Cardiomegaly,Edema,Cardiomegaly,rex,,5,ece,5,0.07329115495085717,0.011799798805464556,0.06294817526892006,0.08363413463279427
Edema__Cardiomegaly,Edema,Cardiomegaly,rex,,5,sms_raw_logit,5,0.04605219811201096,0.01937411082658694,0.029070041217760648,0.06303435500626127
Edema__Cardiomegaly,Edema,Cardiomegaly,rex,,5,sms_fixed_reference,5,2.5235628128051757,1.0466014037506546,1.6061762342249744,3.4409493913853773
Edema__Cardiomegaly,Edema,Cardiomegaly,rex,,5,ranking_disagreement,5,0.38330575823783875,0.06230434281733278,0.32869359387130004,0.43791792260437745
Edema__Cardiomegaly,Edema,Cardiomegaly,rex,,5,support_swap_flip_rate,5,0.2559999942779541,0.062589930062615,0.2011375016537839,0.3108624869021243
Edema__Cardiomegaly,Edema,Cardiomegaly,rex,,5,d0_auroc,5,0.7474400043487549,0.02138674446294798,0.7286936962896199,0.7661863124078899
Edema__Cardiomegaly,Edema,Cardiomegaly,rex,,5,d1_auroc,5,0.6525799989700317,0.048560329081821466,0.6100149938100403,0.6951450041300231
Edema__Cardiomegaly,Edema,Cardiomegaly,rex,,5,worst_nuisance_auroc,5,0.6525799989700317,0.048560329081821466,0.6100149938100403,0.6951450041300231
Edema__Cardiomegaly,Edema,Cardiomegaly,rex,,10,auroc,5,0.7255300045013428,0.017801927891965295,0.7099259267097251,0.7411340822929604
Edema__Cardiomegaly,Edema,Cardiomegaly,rex,,10,auprc,5,0.6963374137878418,0.025479915592852394,0.6740032830438244,0.7186715445318591
Edema__Cardiomegaly,Edema,Cardiomegaly,rex,,10,f1,5,0.7107213854789733,0.021877958824635876,0.6915445090477691,0.7298982619101776
Edema__Cardiomegaly,Edema,Cardiomegaly,rex,,10,brier,5,0.21787615716457367,0.00987684137469627,0.20921872398758676,0.2265335903415606
Edema__Cardiomegaly,Edema,Cardiomegaly,rex,,10,ece,5,0.0827774927020073,0.019808224528270343,0.06541481837096115,0.10014016703305344
Edema__Cardiomegaly,Edema,Cardiomegaly,rex,,10,sms_raw_logit,5,0.039063960313797,0.017724491163050696,0.023527758807784138,0.05460016181980985
Edema__Cardiomegaly,Edema,Cardiomegaly,rex,,10,sms_fixed_reference,5,2.6897783517837524,1.2714730003844266,1.5752831281009962,3.8042735754665085
Edema__Cardiomegaly,Edema,Cardiomegaly,rex,,10,ranking_disagreement,5,0.3395012587308884,0.06774049606773233,0.2801240959483818,0.398878421513395
Edema__Cardiomegaly,Edema,Cardiomegaly,rex,,10,support_swap_flip_rate,5,0.23700000047683717,0.09302888845490365,0.1554565844419245,0.31854341651174983
Edema__Cardiomegaly,Edema,Cardiomegaly,rex,,10,d0_auroc,5,0.7827800035476684,0.019532337813654505,0.7656591545842265,0.7999008525111103
Edema__Cardiomegaly,Edema,Cardiomegaly,rex,,10,d1_auroc,5,0.6664400100708008,0.04471290080053287,0.6272474244916119,0.7056325956499897
Edema__Cardiomegaly,Edema,Cardiomegaly,rex,,10,worst_nuisance_auroc,5,0.6664400100708008,0.04471290080053287,0.6272474244916119,0.7056325956499897
