{
  "status": "stop_or_revise",
  "rule": "at least three pairs: SMS reduction >=30%, worst-nuisance AUROC gain >=0.02, ordinary AUROC loss <0.01",
  "passing_pairs": 0,
  "evidence": [
    {
      "pair": "Edema__Cardiomegaly",
      "baseline_sms": 0.028628932684659956,
      "iera_sms": 0.1438980907201767,
      "sms_reduction": -4.026316988662334,
      "worst_auroc_gain": 0.06335998773574825,
      "ordinary_auroc_loss": -0.05756000280380247
    },
    {
      "pair": "Pleural Effusion__Atelectasis",
      "baseline_sms": 0.01472039632499218,
      "iera_sms": 0.09202467054128646,
      "sms_reduction": -5.251507670690065,
      "worst_auroc_gain": 0.09815999269485476,
      "ordinary_auroc_loss": -0.11533998847007748
    },
    {
      "pair": "Pneumonia__Consolidation",
      "baseline_sms": 0.022693782672286035,
      "iera_sms": 0.023237676173448563,
      "sms_reduction": -0.023966630376994758,
      "worst_auroc_gain": 0.04999999999999999,
      "ordinary_auroc_loss": 0.012539988756179787
    },
    {
      "pair": "Pneumothorax__Support Devices",
      "baseline_sms": 0.01477468702942133,
      "iera_sms": 0.020281602814793586,
      "sms_reduction": -0.3727263917270227,
      "worst_auroc_gain": 0.05128001570701601,
      "ordinary_auroc_loss": -0.029880005121231124
    }
  ]
}
